timestamp,elapsed_s,side,event,price,total_qty,fresh,at_bbo,dist_bbo_ticks,duration_s,gap_s,mid,dist_mid_abs,dist_mid_pct,bn_mid,cb_mid,ext_venue,tm_ref_basis,peg_cb,side_rule_ok,edge_bn,edge_cb,pre_drift_ext,pre_toward_ext,life_drift_ext,life_toward_ext,drift_1s,drift_5s,drift_15s,ext_drift_1s,ext_drift_5s,ext_drift_15s
1783714005.226135,0.977,bid,APPEAR,63808.0,0.01,,False,1340,,,63945.35,-137.35,-0.214793,,,,,,,,,,,,,,,,,,
1783714007.560183,3.311,bid,APPEAR,63812.5,0.01,True,False,1295,,,63945.35,-132.85,-0.207756,,63813.24,coinbase,132.11,-0.74,True,,0.74,4.845,-4.845,,,,,,,,
1783714007.560183,3.311,bid,CANCEL?,63808.0,0.0,,False,,2.334,,63945.35,-137.35,-0.214793,,,,,,,,,,,,,,,,,,
1783714010.558423,6.3093,bid,CANCEL?,63812.5,0.0,,False,,2.9982,,63945.35,-132.85,-0.207756,,,coinbase,,,,,,,,-1.245,1.245,,,,,,
1783714010.558423,6.3093,bid,APPEAR,63812.0,0.01,True,False,1300,,0.0,63945.35,-133.35,-0.208537,,63811.995,coinbase,133.355,0.005,True,,-0.005,0.0,-0.0,,,,,,,,
1783714016.8421319,12.593,bid,CANCEL?,63812.0,0.0,,False,,6.2837,,63945.35,-133.35,-0.208537,,,coinbase,,,,,,,,-3.59,3.59,,,,,,
1783714016.8421319,12.593,bid,APPEAR,63809.0,0.01,True,False,1330,,0.0,63945.35,-136.35,-0.213229,,63808.405,coinbase,136.945,0.595,True,,-0.595,-1.13,1.13,,,,,,,,
1783714019.5588632,15.3097,bid,CANCEL?,63809.0,0.0,,False,,2.7167,,63945.35,-136.35,-0.213229,,,coinbase,,,,,,,,-0.01,0.01,,,,,,
1783714019.5588632,15.3097,bid,APPEAR,63808.0,0.01,True,False,1340,,0.0,63945.35,-137.35,-0.214793,,63808.395,coinbase,136.955,-0.395,True,,0.395,-0.01,0.01,,,,,,,,
1783714022.558641,18.3095,bid,THESIS,63808.0,,,False,,,,63945.35,,,,,,,,,,,,,,,0.0,0.0,0.0,,,
1783714023.558583,19.3094,bid,THESIS,63812.5,,,False,,,,63945.35,,,,,coinbase,,,,,,,,,,0.0,0.0,0.0,-1.245,-3.705,-6.045
1783714024.558448,20.3093,bid,CANCEL?,63808.0,0.0,,False,,4.9996,,63945.35,-137.35,-0.214793,,,coinbase,,,,,,,,-1.2,1.2,,,,,,
1783714024.558448,20.3093,bid,APPEAR,63807.0,0.01,True,False,1350,,0.0,63945.35,-138.35,-0.216357,,63807.195,coinbase,138.155,-0.195,True,,0.195,0.0,-0.0,,,,,,,,
1783714029.5592399,25.3101,bid,THESIS,63812.0,,,False,,,,63945.35,,,,,coinbase,,,,,,,,,,0.0,0.0,0.0,-2.46,-3.59,-5.235
1783714031.55894,27.3098,bid,CANCEL?,63807.0,0.0,,False,,7.0005,,63945.35,-138.35,-0.216357,,,coinbase,,,,,,,,-1.63,1.63,,,,,,
1783714031.55894,27.3098,bid,APPEAR,63805.5,0.01,True,False,1365,,0.0,63945.35,-139.85,-0.218702,,63805.565,coinbase,139.785,-0.065,True,,0.065,1.075,-1.075,,,,,,,,
1783714032.559336,28.3102,bid,THESIS,63809.0,,,False,,,,63945.35,,,,,coinbase,,,,,,,,,,0.0,0.0,0.0,0.0,-1.385,-2.84
1783714036.556886,32.3077,bid,APPEAR,63806.0,0.01,True,False,1360,,4.9979,63945.35,-139.35,-0.21792,,63805.995,coinbase,139.355,0.005,True,,-0.005,0.0,-0.0,,,,,,,,
1783714036.556886,32.3077,bid,CANCEL?,63805.5,0.0,,False,,4.9979,,63945.35,-139.85,-0.218702,,,coinbase,,,,,,,,0.43,-0.43,,,,,,
1783714036.556886,32.3077,bid,THESIS,63808.0,,,False,,,,63945.35,,,,,coinbase,,,,,,,,,,0.0,0.0,0.0,-1.375,-1.635,-2.4
1783714039.558197,35.3091,bid,APPEAR,63806.5,0.01,True,False,1355,,3.0013,63945.35,-138.85,-0.217139,,63806.415,coinbase,138.935,0.085,True,,-0.085,0.0,-0.0,,,,,,,,
1783714039.558197,35.3091,bid,CANCEL?,63806.0,0.0,,False,,3.0013,,63945.35,-139.35,-0.21792,,,coinbase,,,,,,,,0.42,-0.42,,,,,,
1783714041.55802,37.3089,bid,THESIS,63807.0,,,False,,,,63945.35,,,,,coinbase,,,,,,,,,,0.0,0.0,0.0,-0.435,-0.435,-0.78
1783714050.556304,46.3072,bid,CANCEL?,63806.5,0.0,,False,,10.9981,,63945.35,-138.85,-0.217139,,,coinbase,,,,,,,,-2.13,2.13,,,,,,
1783714050.556304,46.3072,bid,APPEAR,63804.0,0.01,True,False,1380,,0.0,63945.35,-141.35,-0.221048,,63804.285,coinbase,141.065,-0.285,True,,0.285,1.74,-1.74,,,,,,,,
1783714050.556304,46.3072,bid,THESIS,63805.5,,,False,,,,63945.35,,,,,coinbase,,,,,,,,,,0.0,0.0,0.0,0.0,0.85,-1.28
1783714052.555895,48.3068,bid,THESIS,63806.0,,,False,,,,63945.35,,,,,coinbase,,,,,,,,,,0.0,0.0,0.0,0.42,0.42,-1.71
1783714059.563348,55.3142,bid,CANCEL?,63804.0,0.0,,False,,9.007,,63945.35,-141.35,-0.221048,,,coinbase,,,,,,,,-1.74,1.74,,,,,,
1783714059.563348,55.3142,bid,APPEAR,63802.5,0.01,True,False,1395,,0.0,63945.35,-142.85,-0.223394,,63802.545,coinbase,142.805,-0.045,True,,0.045,0.0,-0.0,,,,,,,,
1783714059.563348,55.3142,bid,THESIS,63806.5,,,False,,,,63945.35,,,,,coinbase,,,,,,,,,,0.0,0.0,0.0,0.0,-2.13,-3.87
1783714069.558603,65.3095,bid,CANCEL?,63802.5,0.0,,False,,9.9953,,63945.35,-142.85,-0.223394,,,coinbase,,,,,,,,-2.51,2.51,,,,,,
1783714069.558603,65.3095,bid,APPEAR,63800.0,0.01,True,False,1420,,0.0,63945.35,-145.35,-0.227303,,63800.035,coinbase,145.315,-0.035,True,,0.035,0.0,-0.0,,,,,,,,
1783714069.558603,65.3095,bid,THESIS,63804.0,,,False,,,,63945.35,,,,,coinbase,,,,,,,,,,0.0,0.0,0.0,0.0,-1.74,-4.25
1783714072.556103,68.307,bid,APPEAR,63801.0,0.01,True,False,1410,,2.9975,63945.35,-144.35,-0.22574,,63801.395,coinbase,143.955,-0.395,True,,0.395,0.68,-0.68,,,,,,,,
1783714072.556103,68.307,bid,CANCEL?,63800.0,0.0,,False,,2.9975,,63945.35,-145.35,-0.227303,,,coinbase,,,,,,,,1.36,-1.36,,,,,,
1783714080.555472,76.3063,bid,CANCEL?,63801.0,0.0,,False,,7.9994,,63945.35,-144.35,-0.22574,,,coinbase,,,,,,,,3.75,-3.75,,,,,,
1783714080.555472,76.3063,bid,THESIS,63802.5,,,False,,,,63945.35,,,,,coinbase,,,,,,,,,,0.0,0.0,0.0,-2.51,-2.51,2.6
1783714081.554911,77.3058,bid,APPEAR,63805.0,0.01,True,False,1370,,0.9994,63945.35,-140.35,-0.219484,,63805.145,coinbase,140.205,-0.145,True,,0.145,0.0,-0.0,,,,,,,,
1783714094.554634,90.3055,bid,APPEAR,63808.0,0.01,True,False,1340,,13.9992,63945.35,-137.35,-0.214793,,63808.325,coinbase,137.025,-0.325,True,,0.325,0.0,-0.0,,,,,,,,
1783714094.554634,90.3055,bid,CANCEL?,63805.0,0.0,,False,,12.9997,,63945.35,-140.35,-0.219484,,,coinbase,,,,,,,,3.18,-3.18,,,,,,
1783714094.554634,90.3055,bid,THESIS,63800.0,,,False,,,,63945.35,,,,,coinbase,,,,,,,,,,0.0,0.0,0.0,0.68,5.11,8.29
1783714094.554634,90.3055,bid,THESIS,63801.0,,,False,,,,63945.35,,,,,coinbase,,,,,,,,,,0.0,0.0,0.0,0.0,3.75,6.93
1783714097.5554292,93.3063,bid,APPEAR,63809.0,0.01,True,False,1330,,3.0008,63945.35,-136.35,-0.213229,,63807.365,coinbase,137.985,1.635,True,,-1.635,-1.64,1.64,,,,,,,,
1783714097.5554292,93.3063,bid,CANCEL?,63808.0,0.0,,False,,3.0008,,63945.35,-137.35,-0.214793,,,coinbase,,,,,,,,-0.96,0.96,,,,,,
1783714097.5554292,93.3063,bid,THESIS,63805.0,,,False,,,,63945.35,,,,,coinbase,,,,,,,,,,0.0,0.0,0.0,3.18,3.18,2.22
1783714100.554484,96.3053,bid,CANCEL?,63809.0,0.0,,False,,2.9991,,63945.35,-136.35,-0.213229,,,coinbase,,,,,,,,0.36,-0.36,,,,,,
1783714100.554484,96.3053,bid,APPEAR,63807.5,0.01,True,False,1345,,0.0,63945.35,-137.85,-0.215575,,63807.725,coinbase,137.625,-0.225,True,,0.225,0.0,-0.0,,,,,,,,
1783714109.5535202,105.3044,bid,CANCEL?,63807.5,0.0,,False,,8.999,,63945.35,-137.85,-0.215575,,,coinbase,,,,,,,,-2.28,2.28,,,,,,
1783714110.55509,106.3059,bid,APPEAR,63805.5,0.01,True,False,1365,,1.0016,63945.35,-139.85,-0.218702,,63805.435,coinbase,139.915,0.065,True,,-0.065,-0.01,0.01,,,,,,,,
1783714110.55509,106.3059,bid,THESIS,63808.0,,,False,,,,63945.35,,,,,coinbase,,,,,,,,,,0.0,0.0,0.0,-0.96,-0.6,-2.89
1783714114.5525692,110.3034,bid,THESIS,63809.0,,,False,,,,63945.35,,,,,coinbase,,,,,,,,,,0.0,0.0,0.0,0.36,-1.92,-1.17
1783714116.5540118,112.3049,bid,APPEAR,63806.0,0.01,True,False,1360,,7.0005,63945.35,-139.35,-0.21792,,63806.195,coinbase,139.155,-0.195,True,,0.195,0.0,-0.0,,,,,,,,
1783714116.5540118,112.3049,bid,CANCEL?,63805.5,0.0,,False,,5.9989,,63945.35,-139.85,-0.218702,,,coinbase,,,,,,,,0.76,-0.76,,,,,,
1783714116.5540118,112.3049,bid,THESIS,63807.5,,,False,,,,63945.35,,,,,coinbase,,,,,,,,,,0.0,0.0,0.0,-2.28,-2.28,-1.53
1783714121.553683,117.3045,bid,CANCEL?,63806.0,0.0,,False,,4.9997,,63945.35,-139.35,-0.21792,,,coinbase,,,,,,,,-2.19,2.19,,,,,,
1783714121.553683,117.3045,bid,APPEAR,63804.0,0.01,True,False,1380,,0.0,63945.35,-141.35,-0.221048,,63804.005,coinbase,141.345,-0.005,True,,0.005,0.0,-0.0,,,,,,,,
1783714125.552635,121.3035,bid,CANCEL?,63804.0,0.0,,False,,3.999,,63945.35,-141.35,-0.221048,,,coinbase,,,,,,,,-1.485,1.485,,,,,,
1783714126.552798,122.3037,bid,APPEAR,63803.0,0.01,True,False,1390,,1.0002,63945.35,-142.35,-0.222612,,63801.975,coinbase,143.375,1.025,True,,-1.025,-0.545,0.545,,,,,,,,
1783714126.552798,122.3037,bid,THESIS,63805.5,,,False,,,,63945.35,,,,,coinbase,,,,,,,,,,0.0,0.0,0.0,0.76,0.76,-3.46
1783714129.552361,125.3032,bid,CANCEL?,63803.0,0.0,,False,,2.9996,,63945.35,-142.35,-0.222612,,,coinbase,,,,,,,,-0.05,0.05,,,,,,
1783714129.552361,125.3032,bid,APPEAR,63802.0,0.01,True,False,1400,,0.0,63945.35,-143.35,-0.224176,,63801.925,coinbase,143.425,0.075,True,,-0.075,0.0,-0.0,,,,,,,,
1783714132.5524879,128.3033,bid,THESIS,63806.0,,,False,,,,63945.35,,,,,coinbase,,,,,,,,,,0.0,0.0,0.0,-2.19,-3.08,-5.28
1783714135.7541919,131.505,bid,CANCEL?,63802.0,0.0,,False,,6.2018,,63945.35,-143.35,-0.224176,,,coinbase,,,,,,,,0.31,-0.31,,,,,,
1783714135.7541919,131.505,bid,APPEAR,63801.0,0.01,True,False,1410,,0.0,63945.35,-144.35,-0.22574,,63802.235,coinbase,143.115,-1.235,True,,1.235,1.32,-1.32,,,,,,,,
1783714137.552402,133.3033,bid,THESIS,63804.0,,,False,,,,63945.35,,,,,coinbase,,,,,,,,,,0.0,0.0,0.0,-0.89,-2.08,-2.4
1783714138.555233,134.3061,bid,APPEAR,63801.5,0.01,True,False,1405,,2.801,63945.35,-143.85,-0.224958,,63801.605,coinbase,143.745,-0.105,True,,0.105,0.0,-0.0,,,,,,,,
1783714138.555233,134.3061,bid,CANCEL?,63801.0,0.0,,False,,2.801,,63945.35,-144.35,-0.22574,,,coinbase,,,,,,,,-0.63,0.63,,,,,,
1783714145.5516381,141.3025,bid,THESIS,63803.0,,,False,,,,63945.35,,,,,coinbase,,,,,,,,,,0.0,0.0,0.0,-0.05,-1.06,3.67
1783714145.5516381,141.3025,bid,THESIS,63802.0,,,False,,,,63945.35,,,,,coinbase,,,,,,,,,,0.0,0.0,0.0,-1.01,0.31,3.72
1783714146.5513248,142.3022,bid,APPEAR,63802.0,0.01,True,False,1400,,7.9961,63945.35,-143.35,-0.224176,,63802.215,coinbase,143.135,-0.215,True,,0.215,-3.43,3.43,,,,,,,,
1783714146.5513248,142.3022,bid,CANCEL?,63801.5,0.0,,False,,7.9961,,63945.35,-143.85,-0.224958,,,coinbase,,,,,,,,0.61,-0.61,,,,,,
1783714151.5555542,147.3064,bid,CANCEL?,63802.0,0.0,,False,,5.0042,,63945.35,-143.35,-0.224176,,,coinbase,,,,,,,,-2.205,2.205,,,,,,
1783714151.5555542,147.3064,bid,APPEAR,63800.0,0.01,True,False,1420,,0.0,63945.35,-145.35,-0.227303,,63800.01,coinbase,145.34,-0.01,True,,0.01,-1.405,1.405,,,,,,,,
1783714151.5555542,147.3064,bid,THESIS,63801.0,,,False,,,,63945.35,,,,,coinbase,,,,,,,,,,0.0,0.0,0.0,-0.63,3.41,-2.225
1783714164.551069,160.3019,bid,CANCEL?,63800.0,0.0,,False,,12.9955,,63945.35,-145.35,-0.227303,,,coinbase,,,,,,,,-3.935,3.935,,,,,,
1783714164.551069,160.3019,bid,APPEAR,63796.0,0.01,True,False,1460,,0.0,63945.35,-149.35,-0.233559,,63796.075,coinbase,149.275,-0.075,True,,0.075,-1.44,1.44,,,,,,,,
1783714164.551069,160.3019,bid,THESIS,63801.5,,,False,,,,63945.35,,,,,coinbase,,,,,,,,,,0.0,0.0,0.0,4.04,4.04,-5.53
1783714164.551069,160.3019,bid,THESIS,63802.0,,,False,,,,63945.35,,,,,coinbase,,,,,,,,,,0.0,0.0,0.0,0.18,-2.205,-6.14
1783714176.549488,172.3003,bid,APPEAR,63797.5,0.01,True,False,1445,,11.9984,63945.35,-147.85,-0.231213,,63796.095,coinbase,149.255,1.405,True,,-1.405,-1.57,1.57,,,,,,,,
1783714176.549488,172.3003,bid,CANCEL?,63796.0,0.0,,False,,11.9984,,63945.35,-149.35,-0.233559,,,coinbase,,,,,,,,0.02,-0.02,,,,,,
1783714176.549488,172.3003,bid,THESIS,63800.0,,,False,,,,63945.35,,,,,coinbase,,,,,,,,,,0.0,0.0,0.0,-0.005,-3.935,-3.915
1783714177.665271,173.4161,bid,CANCEL?,63797.5,0.0,,False,,1.1158,,63945.35,-147.85,-0.231213,,,coinbase,,,,,,,,0.0,-0.0,,,,,,
1783714177.665271,173.4161,bid,APPEAR,63796.0,0.01,True,False,1460,,0.0,63945.35,-149.35,-0.233559,,63796.095,coinbase,149.255,-0.095,True,,0.095,0.0,-0.0,,,,,,,,
1783714181.548917,177.2998,bid,THESIS,63796.0,,,False,,,,63945.35,,,,,coinbase,,,,,,,,,,0.0,0.0,0.0,0.02,0.02,-2.08
1783714182.54967,178.3005,bid,CANCEL?,63796.0,0.0,,False,,4.8844,,63945.35,-149.35,-0.233559,,,coinbase,,,,,,,,-2.1,2.1,,,,,,
1783714182.54967,178.3005,bid,APPEAR,63794.0,0.01,True,False,1480,,0.0,63945.35,-151.35,-0.236686,,63793.995,coinbase,151.355,0.005,True,,-0.005,0.0,-0.0,,,,,,,,
1783714190.549261,186.3001,bid,APPEAR,63799.0,0.01,True,False,1430,,7.9996,63945.35,-146.35,-0.228867,,63799.245,coinbase,146.105,-0.245,True,,0.245,0.0,-0.0,,,,,,,,
1783714190.549261,186.3001,bid,CANCEL?,63794.0,0.0,,False,,7.9996,,63945.35,-151.35,-0.236686,,,coinbase,,,,,,,,5.25,-5.25,,,,,,
1783714193.551494,189.3023,bid,THESIS,63797.5,,,False,,,,63945.35,,,,,coinbase,,,,,,,,,,0.0,0.0,0.0,0.0,-2.1,6.56
1783714193.551494,189.3023,bid,THESIS,63796.0,,,False,,,,63945.35,,,,,coinbase,,,,,,,,,,0.0,0.0,0.0,-2.1,3.15,6.56
1783714195.5524118,191.3033,bid,APPEAR,63802.5,0.01,True,False,1395,,5.0032,63945.35,-142.85,-0.223394,,63802.655,coinbase,142.695,-0.155,True,,0.155,0.0,-0.0,,,,,,,,
1783714195.5524118,191.3033,bid,CANCEL?,63799.0,0.0,,False,,5.0032,,63945.35,-146.35,-0.228867,,,coinbase,,,,,,,,3.41,-3.41,,,,,,
1783714197.55223,193.3031,bid,THESIS,63794.0,,,False,,,,63945.35,,,,,coinbase,,,,,,,,,,0.0,0.0,0.0,5.25,5.25,5.84
1783714198.550289,194.3011,bid,CANCEL?,63802.5,0.0,,False,,2.9979,,63945.35,-142.85,-0.223394,,,coinbase,,,,,,,,-2.82,2.82,,,,,,
1783714198.550289,194.3011,bid,APPEAR,63799.5,0.01,True,False,1425,,0.0,63945.35,-145.85,-0.228085,,63799.835,coinbase,145.515,-0.335,True,,0.335,0.0,-0.0,,,,,,,,
1783714208.549344,204.3002,bid,THESIS,63799.0,,,False,,,,63945.35,,,,,coinbase,,,,,,,,,,0.0,0.0,0.0,3.41,3.41,-1.69
1783714210.550017,206.3009,bid,CANCEL?,63799.5,0.0,,False,,11.9997,,63945.35,-145.85,-0.228085,,,coinbase,,,,,,,,-2.28,2.28,,,,,,
1783714210.550017,206.3009,bid,APPEAR,63797.5,0.01,True,False,1445,,0.0,63945.35,-147.85,-0.231213,,63797.555,coinbase,147.795,-0.055,True,,0.055,0.0,-0.0,,,,,,,,
1783714215.548332,211.2992,bid,THESIS,63802.5,,,False,,,,63945.35,,,,,coinbase,,,,,,,,,,0.0,0.0,0.0,-2.82,-5.1,-6.14
1783714215.548332,211.2992,bid,THESIS,63799.5,,,False,,,,63945.35,,,,,coinbase,,,,,,,,,,0.0,0.0,0.0,0.0,-2.28,-3.32
1783714216.549588,212.3004,bid,APPEAR,63799.0,0.01,True,False,1430,,5.9996,63945.35,-146.35,-0.228867,,63799.135,coinbase,146.215,-0.135,True,,0.135,2.62,-2.62,,,,,,,,
1783714216.549588,212.3004,bid,CANCEL?,63797.5,0.0,,False,,5.9996,,63945.35,-147.85,-0.231213,,,coinbase,,,,,,,,1.58,-1.58,,,,,,
1783714222.54779,218.2986,bid,CANCEL?,63799.0,0.0,,False,,5.9982,,63945.35,-146.35,-0.228867,,,coinbase,,,,,,,,-0.99,0.99,,,,,,
1783714222.54779,218.2986,bid,APPEAR,63798.0,0.01,True,False,1440,,0.0,63945.35,-147.35,-0.230431,,63798.145,coinbase,147.205,-0.145,True,,0.145,0.0,-0.0,,,,,,,,
1783714226.548834,222.2997,bid,THESIS,63797.5,,,False,,,,63945.35,,,,,coinbase,,,,,,,,,,0.0,0.0,-75.6,-1.04,1.58,0.58
1783714232.549584,228.3004,bid,THESIS,63799.0,,,False,,,,63945.35,,,,,coinbase,,,,,,,,,,0.0,0.0,-118.6,-0.01,-0.99,-1.01
1783714238.5470579,234.2979,bid,APPEAR,63801.0,0.01,True,False,257,,15.9993,63826.75,-25.75,-0.040344,,63800.605,coinbase,26.145,0.395,True,,-0.395,2.245,-2.245,,,,,,,,
1783714238.5470579,234.2979,bid,CANCEL?,63798.0,0.0,,False,,15.9993,,63826.75,-28.75,-0.045044,,,coinbase,,,,,,,,2.46,-2.46,,,,,,
1783714238.5470579,234.2979,bid,THESIS,63798.0,,,False,,,,63945.35,,,,,coinbase,,,,,,,,,,-9.75,-75.6,-105.15,0.0,-0.01,2.46
1783714241.5465379,237.2974,bid,CANCEL?,63801.0,0.0,,False,,2.9995,,63826.75,-25.75,-0.040344,,,coinbase,,,,,,,,-0.565,0.565,,,,,,
1783714241.5465379,237.2974,bid,APPEAR,63798.0,0.01,True,False,287,,0.0,63826.75,-28.75,-0.045044,,63800.04,coinbase,26.71,-2.04,True,,2.04,1.395,-1.395,,,,,,,,
1783714243.54878,239.2996,bid,APPEAR,63800.0,0.01,True,False,267,,2.0022,63826.75,-26.75,-0.04191,,63800.54,coinbase,26.21,-0.54,True,,0.54,-0.15,0.15,,,,,,,,
1783714243.54878,239.2996,bid,CANCEL?,63798.0,0.0,,False,,2.0022,,63826.75,-28.75,-0.045044,,,coinbase,,,,,,,,0.5,-0.5,,,,,,
1783714246.546474,242.2973,bid,APPEAR,63800.5,0.01,True,False,531,,2.9977,63853.65,-53.15,-0.083237,,63801.025,coinbase,52.625,-0.525,True,,0.525,-0.135,0.135,,,,,,,,
1783714246.546474,242.2973,bid,CANCEL?,63800.0,0.0,,False,,2.9977,,63853.65,-53.65,-0.08402,,,coinbase,,,,,,,,0.485,-0.485,,,,,,
1783714249.548301,245.2992,bid,APPEAR,63801.0,0.01,True,False,526,,3.0018,63853.65,-52.65,-0.082454,,63801.025,coinbase,52.625,-0.025,True,,0.025,0.0,-0.0,,,,,,,,
1783714249.548301,245.2992,bid,CANCEL?,63800.5,0.0,,False,,3.0018,,63853.65,-53.15,-0.083237,,,coinbase,,,,,,,,0.0,-0.0,,,,,,
1783714254.5459661,250.2968,bid,THESIS,63801.0,,,False,,,,63826.75,,,,,coinbase,,,,,,,,,,13.45,0.0,26.9,0.01,-0.065,1.38
1783714255.547391,251.2982,bid,CANCEL?,63801.0,0.0,,False,,5.9991,,63853.65,-52.65,-0.082454,,,coinbase,,,,,,,,8.05,-8.05,,,,,,
1783714256.545175,252.296,bid,APPEAR,63803.0,0.01,True,False,506,,0.9978,63853.65,-50.65,-0.079322,,63810.005,coinbase,43.645,-7.005,True,,7.005,0.93,-0.93,,,,,,,,
1783714257.545681,253.2965,bid,JOINED,63803.0,0.018,,False,,1.0005,,63853.65,-50.65,-0.079322,,,coinbase,,,,,,,,0.0,-0.0,,,,,,
1783714257.545681,253.2965,bid,THESIS,63798.0,,,False,,,,63826.75,,,,,coinbase,,,,,,,,,,0.0,26.9,26.9,0.5,0.985,9.965
1783714259.549122,255.3,bid,APPEAR,63810.0,0.01,True,False,436,,4.0017,63853.65,-43.65,-0.068359,,63810.005,coinbase,43.645,-0.005,True,,0.005,0.0,-0.0,,,,,,,,
1783714259.549122,255.3,bid,THESIS,63800.0,,,False,,,,63826.75,,,,,coinbase,,,,,,,,,,26.9,26.9,26.9,0.485,0.485,9.465
1783714262.5465128,258.2974,bid,THESIS,63800.5,,,False,,,,63853.65,,,,,coinbase,,,,,,,,,,0.0,0.0,0.0,0.0,0.96,9.57
1783714264.549536,260.3004,bid,APPEAR,63810.5,0.01,True,False,431,,9.0021,63853.65,-43.15,-0.067576,,63810.595,coinbase,43.055,-0.095,True,,0.095,0.0,-0.0,,,,,,,,
1783714264.549536,260.3004,bid,CANCEL?,63810.0,0.0,,False,,5.0004,,63853.65,-43.65,-0.068359,,,coinbase,,,,,,,,0.59,-0.59,,,,,,
1783714264.549536,260.3004,bid,THESIS,63801.0,,,False,,,,63853.65,,,,,coinbase,,,,,,,,,,0.0,0.0,0.0,0.96,8.05,9.57
1783714269.544501,265.2954,bid,APPEAR,63812.5,0.01,True,False,411,,4.995,63853.65,-41.15,-0.064444,,63812.565,coinbase,41.085,-0.065,True,,0.065,0.0,-0.0,,,,,,,,
1783714269.544501,265.2954,bid,CANCEL?,63810.5,0.0,,False,,4.995,,63853.65,-43.15,-0.067576,,,coinbase,,,,,,,,1.97,-1.97,,,,,,
1783714271.5469198,267.2978,bid,THESIS,63803.0,,,False,,,,63853.65,,,,,coinbase,,,,,,,,,,0.0,0.0,0.0,0.0,0.59,3.495
1783714272.548955,268.2998,bid,APPEAR,63816.0,0.01,True,False,376,,3.0045,63853.65,-37.65,-0.058963,,63816.005,coinbase,37.645,-0.005,True,,0.005,2.505,-2.505,,,,,,,,
1783714272.548955,268.2998,bid,CANCEL?,63812.5,0.0,,False,,3.0045,,63853.65,-41.15,-0.064444,,,coinbase,,,,,,,,3.44,-3.44,,,,,,
1783714274.562319,270.3132,bid,THESIS,63810.0,,,False,,,,63853.65,,,,,coinbase,,,,,,,,,,0.0,0.0,0.0,0.59,0.59,6.01
1783714276.548033,272.2989,bid,CANCEL?,63816.0,0.0,,False,,3.9991,,63853.65,-37.65,-0.058963,,,coinbase,,,,,,,,-17.72,17.72,,,,,,
1783714276.548033,272.2989,bid,APPEAR,63800.0,0.01,True,False,536,,0.0,63853.65,-53.65,-0.08402,,63798.285,coinbase,55.365,1.715,True,,-1.715,-2.205,2.205,,,,,,,,
1783714279.545768,275.2966,bid,CANCEL?,63800.0,0.0,,False,,2.9977,,63853.65,-53.65,-0.08402,,,coinbase,,,,,,,,-0.075,0.075,,,,,,
1783714279.545768,275.2966,bid,APPEAR,63798.0,0.01,True,False,556,,0.0,63853.65,-55.65,-0.087152,,63798.21,coinbase,55.44,-0.21,True,,0.21,-0.075,0.075,,,,,,,,
1783714280.919368,276.6702,bid,THESIS,63810.5,,,False,,,,63853.65,,,,,coinbase,,,,,,,,,,0.0,0.0,0.0,-0.58,1.97,-12.45
1783714282.544642,278.2955,bid,CANCEL?,63798.0,0.0,,False,,2.9989,,63853.65,-55.65,-0.087152,,,coinbase,,,,,,,,-2.015,2.015,,,,,,
1783714282.544642,278.2955,bid,APPEAR,63796.0,0.01,True,False,576,,0.0,63853.65,-57.65,-0.090285,,63796.195,coinbase,57.455,-0.195,True,,0.195,-0.48,0.48,,,,,,,,
1783714284.5451741,280.296,bid,THESIS,63812.5,,,False,,,,63853.65,,,,,coinbase,,,,,,,,,,0.0,0.0,0.0,0.0,3.45,-16.36
1783714287.546539,283.2974,bid,CANCEL?,63796.0,0.0,,False,,5.0019,,63853.65,-57.65,-0.090285,,,coinbase,,,,,,,,-1.55,1.55,,,,,,
1783714287.546539,283.2974,bid,APPEAR,63794.5,0.01,True,False,591,,0.0,63853.65,-59.15,-0.092634,,63794.645,coinbase,59.005,-0.145,True,,0.145,-1.56,1.56,,,,,,,,
1783714289.552746,285.3036,bid,THESIS,63816.0,,,False,,,,63853.65,,,,,coinbase,,,,,,,,,,0.0,0.0,0.0,0.0,-17.795,-21.36
1783714291.619429,287.3703,bid,THESIS,63800.0,,,False,,,,63853.65,,,,,coinbase,,,,,,,,,,0.0,0.0,0.0,-0.075,-2.09,-3.95
1783714294.5438368,290.2947,bid,CANCEL?,63794.5,0.0,,False,,6.9973,,63853.65,-59.15,-0.092634,,,coinbase,,,,,,,,-1.69,1.69,,,,,,
1783714294.5438368,290.2947,bid,APPEAR,63793.0,0.01,True,False,606,,0.0,63853.65,-60.65,-0.094983,,63792.955,coinbase,60.695,0.045,True,,-0.045,0.0,-0.0,,,,,,,,
1783714295.5431418,291.294,bid,THESIS,63798.0,,,False,,,,63853.65,,,,,coinbase,,,,,,,,,,0.0,0.0,0.0,-0.065,-3.565,-12.805
1783714297.5435698,293.2944,bid,CANCEL?,63793.0,0.0,,False,,2.9997,,63853.65,-60.65,-0.094983,,,coinbase,,,,,,,,-3.12,3.12,,,,,,
1783714297.5435698,293.2944,bid,APPEAR,63789.5,0.01,True,False,641,,0.0,63853.65,-64.15,-0.100464,,63789.835,coinbase,63.815,-0.335,True,,0.335,5.17,-5.17,,,,,,,,
1783714300.544387,296.2952,bid,THESIS,63796.0,,,False,,,,63853.65,,,,,coinbase,,,,,,,,,,0.0,0.0,0.0,0.01,-1.55,-8.69
1783714302.54372,298.2946,bid,CANCEL?,63789.5,0.0,,False,,5.0002,,63853.65,-64.15,-0.100464,,,coinbase,,,,,,,,-2.02,2.02,,,,,,
1783714302.54372,298.2946,bid,APPEAR,63787.5,0.01,True,False,661,,0.0,63853.65,-66.15,-0.103596,,63787.815,coinbase,65.835,-0.315,True,,0.315,0.0,-0.0,,,,,,,,
1783714303.543612,299.2945,bid,THESIS,63794.5,,,False,,,,63853.65,,,,,coinbase,,,,,,,,,,0.0,0.0,0.0,0.0,-1.69,-6.83
1783714307.5495749,303.3004,bid,APPEAR,63791.0,0.01,True,False,626,,5.0059,63853.65,-62.65,-0.098115,,63790.005,coinbase,63.645,0.995,True,,-0.995,0.0,-0.0,,,,,,,,
1783714307.5495749,303.3004,bid,CANCEL?,63787.5,0.0,,False,,5.0059,,63853.65,-66.15,-0.103596,,,coinbase,,,,,,,,2.19,-2.19,,,,,,
1783714310.5576801,306.3085,bid,CANCEL?,63791.0,0.0,,False,,3.0081,,63853.65,-62.65,-0.098115,,,coinbase,,,,,,,,-5.59,5.59,,,,,,
1783714310.5576801,306.3085,bid,APPEAR,63784.5,0.01,True,False,691,,0.0,63853.65,-69.15,-0.108295,,63784.415,coinbase,69.235,0.085,True,,-0.085,0.0,-0.0,,,,,,,,
1783714310.5576801,306.3085,bid,THESIS,63793.0,,,False,,,,63853.65,,,,,coinbase,,,,,,,,,,0.0,0.0,0.0,-8.29,-5.45,-8.54
1783714312.544281,308.2951,bid,THESIS,63789.5,,,False,,,,63853.65,,,,,coinbase,,,,,,,,,,0.0,0.0,0.0,-2.33,-2.02,-6.42
1783714314.5434282,310.2943,bid,CANCEL?,63784.5,0.0,,False,,3.9857,,63853.65,-69.15,-0.108295,,,coinbase,,,,,,,,-2.07,2.07,,,,,,
1783714314.5434282,310.2943,bid,APPEAR,63782.0,0.01,True,False,716,,0.0,63853.65,-71.65,-0.11221,,63782.345,coinbase,71.305,-0.345,True,,0.345,-0.27,0.27,,,,,,,,
1783714321.543203,317.2941,bid,APPEAR,63785.0,0.01,True,False,686,,6.9998,63853.65,-68.65,-0.107511,,63786.285,coinbase,67.365,-1.285,True,,1.285,1.26,-1.26,,,,,,,,
1783714321.543203,317.2941,bid,CANCEL?,63782.0,0.0,,False,,6.9998,,63853.65,-71.65,-0.11221,,,coinbase,,,,,,,,3.94,-3.94,,,,,,
1783714321.543203,317.2941,bid,THESIS,63787.5,,,False,,,,63853.65,,,,,coinbase,,,,,,,,,,0.0,0.0,0.0,0.0,2.19,-1.53
1783714324.5435278,320.2944,bid,APPEAR,63787.5,0.01,True,False,661,,3.0003,63853.65,-66.15,-0.103596,,63787.885,coinbase,65.765,-0.385,True,,0.385,0.0,-0.0,,,,,,,,
1783714324.5435278,320.2944,bid,CANCEL?,63785.0,0.0,,False,,3.0003,,63853.65,-68.65,-0.107511,,,coinbase,,,,,,,,1.6,-1.6,,,,,,
1783714324.5435278,320.2944,bid,THESIS,63791.0,,,False,,,,63853.65,,,,,coinbase,,,,,,,,,,0.0,0.0,0.0,0.0,-7.66,-2.12
1783714328.542581,324.2934,bid,THESIS,63784.5,,,False,,,,63853.65,,,,,coinbase,,,,,,,,,,0.0,0.0,0.0,-1.0,-2.07,2.72
1783714329.5469272,325.2978,bid,CANCEL?,63787.5,0.0,,False,,5.0034,,63853.65,-66.15,-0.103596,,,coinbase,,,,,,,,-0.75,0.75,,,,,,
1783714329.5469272,325.2978,bid,APPEAR,63787.0,0.01,True,False,666,,0.0,63853.65,-66.65,-0.104379,,63787.135,coinbase,66.515,-0.135,True,,0.135,0.0,-0.0,,,,,,,,
1783714329.5469272,325.2978,bid,THESIS,63782.0,,,False,,,,63853.65,,,,,coinbase,,,,,,,,,,0.0,0.0,0.0,0.0,3.94,4.79
1783714339.543724,335.2946,bid,CANCEL?,63787.0,0.0,,False,,9.9968,,63853.65,-66.65,-0.104379,,,coinbase,,,,,,,,-3.12,3.12,,,,,,
1783714339.543724,335.2946,bid,APPEAR,63784.0,0.01,True,False,696,,0.0,63853.65,-69.65,-0.109078,,63784.015,coinbase,69.635,-0.015,True,,0.015,0.0,-0.0,,,,,,,,
1783714339.543724,335.2946,bid,THESIS,63785.0,,,False,,,,63853.65,,,,,coinbase,,,,,,,,,,0.0,0.0,0.0,1.6,0.85,-2.27
1783714339.543724,335.2946,bid,THESIS,63787.5,,,False,,,,63853.65,,,,,coinbase,,,,,,,,,,0.0,0.0,0.0,-0.75,-0.75,-3.87
1783714345.54228,341.2931,bid,THESIS,63787.0,,,False,,,,63853.65,,,,,coinbase,,,,,,,,,,0.0,0.0,0.0,0.0,-3.12,-3.12
1783714349.5447218,345.2956,bid,CANCEL?,63784.0,0.0,,False,,10.001,,63841.25,-57.25,-0.089676,,,coinbase,,,,,,,,5.45,-5.45,,,,,,
1783714350.557985,346.3088,bid,APPEAR,63789.5,0.01,True,False,372,,1.0133,63826.75,-37.25,-0.058361,,63789.465,coinbase,37.285,0.035,True,,-0.035,0.0,-0.0,,,,,,,,
1783714353.5417259,349.2926,bid,CANCEL?,63789.5,0.0,,False,,2.9837,,63826.75,-37.25,-0.058361,,,coinbase,,,,,,,,-5.48,5.48,,,,,,
1783714353.5417259,349.2926,bid,APPEAR,63784.0,0.01,True,False,427,,0.0,63826.75,-42.75,-0.066978,,63783.985,coinbase,42.765,0.015,True,,-0.015,0.0,-0.0,,,,,,,,
1783714355.542088,351.2929,bid,THESIS,63784.0,,,False,,,,63853.65,,,,,coinbase,,,,,,,,,,0.0,0.0,-26.9,0.0,0.0,-0.03
1783714364.541174,360.292,bid,CANCEL?,63784.0,0.0,,False,,10.9994,,63826.75,-42.75,-0.066978,,,coinbase,,,,,,,,-1.935,1.935,,,,,,
1783714364.541174,360.292,bid,APPEAR,63782.5,0.01,True,False,442,,0.0,63826.75,-44.25,-0.069328,,63782.05,coinbase,44.7,0.45,True,,-0.45,-0.355,0.355,,,,,,,,
1783714365.946538,361.6974,bid,APPEAR,63782.0,0.01,True,False,447,,1.4054,63826.75,-44.75,-0.070112,,63782.395,coinbase,44.355,-0.395,True,,0.395,0.345,-0.345,,,,,,,,
1783714365.946538,361.6974,bid,THESIS,63789.5,,,False,,,,63826.75,,,,,coinbase,,,,,,,,,,0.0,0.0,0.0,0.0,-7.415,-7.07
1783714380.564184,376.315,bid,APPEAR,63784.0,0.01,True,False,427,,16.023,63826.75,-42.75,-0.066978,,63783.27,coinbase,43.48,0.73,True,,-0.73,-0.59,0.59,,,,,,,,
1783714380.564184,376.315,bid,CANCEL?,63782.0,0.0,,False,,14.6176,,63826.75,-44.75,-0.070112,,,coinbase,,,,,,,,0.875,-0.875,,,,,,
1783714380.564184,376.315,bid,THESIS,63784.0,,,False,,,,63826.75,,,,,coinbase,,,,,,,,,,0.0,0.0,0.0,0.0,-1.935,-0.715
1783714380.564184,376.315,bid,THESIS,63782.5,,,False,,,,63826.75,,,,,coinbase,,,,,,,,,,0.0,0.0,0.0,0.345,1.22,1.22
1783714381.539587,377.2904,bid,THESIS,63782.0,,,False,,,,63826.75,,,,,coinbase,,,,,,,,,,0.0,0.0,0.0,0.875,0.875,0.71
1783714388.539819,384.2907,bid,CANCEL?,63784.0,0.0,,False,,7.9756,,63826.75,-42.75,-0.066978,,,coinbase,,,,,,,,-0.845,0.845,,,,,,
1783714388.539819,384.2907,bid,JOINED,63782.5,0.02,,False,,23.9986,,63826.75,-44.25,-0.069328,,,coinbase,,,,,,,,0.375,-0.375,,,,,,
1783714391.548884,387.2997,bid,APPEAR,63782.5,0.01,False,False,442,,3.0091,63826.75,-44.25,-0.069328,,63780.635,coinbase,46.115,1.865,True,,-1.865,-1.78,1.78,,,,,,,,
1783714392.545269,388.2961,bid,APPEAR,63780.5,0.01,True,False,462,,4.0055,63826.75,-46.25,-0.072462,,63780.635,coinbase,46.115,-0.135,True,,0.135,0.0,-0.0,,,,,,,,
1783714402.5390139,398.2899,bid,THESIS,63784.0,,,False,,,,63826.75,,,,,coinbase,,,,,,,,,,0.0,0.0,0.0,0.745,-0.845,-2.635
1783714404.539561,400.2904,bid,APPEAR,63784.0,0.01,True,False,427,,15.9997,63826.75,-42.75,-0.066978,,63787.725,coinbase,39.025,-3.725,True,,3.725,3.71,-3.71,,,,,,,,
1783714404.539561,400.2904,bid,CANCEL?,63780.5,0.0,,False,,11.9943,,63826.75,-46.25,-0.072462,,,coinbase,,,,,,,,7.09,-7.09,,,,,,
1783714406.541451,402.2923,bid,JOINED,63782.5,0.018,,False,,14.9926,,63826.75,-44.25,-0.069328,,,coinbase,,,,,,,,8.83,-8.83,,,,,,
1783714407.538817,403.2897,bid,CANCEL?,63784.0,0.0,,False,,2.9993,,63826.75,-42.75,-0.066978,,,coinbase,,,,,,,,1.74,-1.74,,,,,,
1783714407.538817,403.2897,bid,THESIS,63782.5,,,False,,,,63826.75,,,,,coinbase,,,,,,,,,,0.0,0.0,0.0,0.0,0.0,8.83
1783714408.537712,404.2886,bid,APPEAR,63789.5,0.01,True,False,372,,0.9989,63826.75,-37.25,-0.058361,,63786.59,coinbase,40.16,2.91,True,,-2.91,-2.875,2.875,,,,,,,,
1783714408.537712,404.2886,bid,THESIS,63780.5,,,False,,,,63826.75,,,,,coinbase,,,,,,,,,,0.0,0.0,0.0,0.0,0.0,5.955
1783714410.5408902,406.2917,bid,APPEAR,63782.5,0.01,False,False,442,,3.0021,63826.75,-44.25,-0.069328,,63780.34,coinbase,46.41,2.16,True,,-2.16,-1.32,1.32,,,,,,,,
1783714411.538293,407.2891,bid,CANCEL?,63789.5,0.0,,False,,3.0006,,63826.75,-37.25,-0.058361,,,coinbase,,,,,,,,-5.635,5.635,,,,,,
1783714411.538293,407.2891,bid,APPEAR,63781.0,0.01,True,False,457,,0.0,63826.75,-45.75,-0.071678,,63780.955,coinbase,45.795,0.045,True,,-0.045,0.615,-0.615,,,,,,,,
1783714416.537625,412.2885,bid,CANCEL?,63781.0,0.0,,False,,4.9993,,63826.75,-45.75,-0.071678,,,coinbase,,,,,,,,-0.95,0.95,,,,,,
1783714416.537625,412.2885,bid,APPEAR,63780.0,0.01,True,False,467,,0.0,63826.75,-46.75,-0.073245,,63780.005,coinbase,46.745,-0.005,True,,0.005,0.0,-0.0,,,,,,,,
1783714421.545708,417.2966,bid,THESIS,63784.0,,,False,,,,63826.75,,,,,coinbase,,,,,,,,,,0.0,0.0,0.0,1.74,-7.385,-7.72
1783714423.538455,419.2893,bid,THESIS,63789.5,,,False,,,,63826.75,,,,,coinbase,,,,,,,,,,0.0,0.0,0.0,-6.25,-6.585,-6.585
1783714439.536905,435.2878,bid,CANCEL?,63780.0,0.0,,False,,22.9993,,63826.75,-46.75,-0.073245,,,coinbase,,,,,,,,-0.29,0.29,,,,,,
1783714439.536905,435.2878,bid,APPEAR,63779.5,0.01,True,False,472,,0.0,63826.75,-47.25,-0.074029,,63779.715,coinbase,47.035,-0.215,True,,0.215,-0.09,0.09,,,,,,,,
1783714439.536905,435.2878,bid,THESIS,63782.5,,,False,,,,63826.75,,,,,coinbase,,,,,,,,,,0.0,0.0,0.0,0.615,-0.335,-0.625
1783714439.536905,435.2878,bid,THESIS,63781.0,,,False,,,,63826.75,,,,,coinbase,,,,,,,,,,0.0,0.0,0.0,0.0,-0.95,-1.24
1783714439.536905,435.2878,bid,THESIS,63780.0,,,False,,,,63826.75,,,,,coinbase,,,,,,,,,,0.0,0.0,0.0,0.0,0.0,-0.29
1783714446.536822,442.2877,bid,APPEAR,63780.0,0.01,True,False,467,,6.9999,63826.75,-46.75,-0.073245,,63779.95,coinbase,46.8,0.05,True,,-0.05,-0.56,0.56,,,,,,,,
1783714446.536822,442.2877,bid,CANCEL?,63779.5,0.0,,False,,6.9999,,63826.75,-47.25,-0.074029,,,coinbase,,,,,,,,0.235,-0.235,,,,,,
1783714447.537285,443.2881,bid,CANCEL?,63780.0,0.0,,False,,1.0005,,63826.75,-46.75,-0.073245,,,coinbase,,,,,,,,1.515,-1.515,,,,,,
1783714447.537285,443.2881,bid,APPEAR,63779.5,0.01,True,False,472,,0.0,63826.75,-47.25,-0.074029,,63781.465,coinbase,45.285,-1.965,True,,1.965,1.515,-1.515,,,,,,,,
1783714457.5361438,453.287,bid,CANCEL?,63779.5,0.0,,False,,9.9989,,63826.75,-47.25,-0.074029,,,coinbase,,,,,,,,2.44,-2.44,,,,,,
1783714457.5361438,453.287,bid,THESIS,63779.5,,,False,,,,63826.75,,,,,coinbase,,,,,,,,,,0.0,0.0,0.0,0.0,0.235,4.19
1783714458.53599,454.2868,bid,APPEAR,63784.0,0.01,True,False,427,,0.9998,63826.75,-42.75,-0.066978,,63783.905,coinbase,42.845,0.095,True,,-0.095,0.0,-0.0,,,,,,,,
1783714467.539702,463.2906,bid,THESIS,63780.0,,,False,,,,63826.75,,,,,coinbase,,,,,,,,,,0.0,0.0,0.0,1.515,3.955,3.955
1783714467.539702,463.2906,bid,THESIS,63779.5,,,False,,,,63826.75,,,,,coinbase,,,,,,,,,,0.0,0.0,0.0,-1.71,2.44,2.44
1783714470.543993,466.2948,bid,CANCEL?,63784.0,0.0,,False,,12.008,,63836.85,-52.85,-0.082789,,,coinbase,,,,,,,,1.155,-1.155,,,,,,
1783714470.543993,466.2948,bid,APPEAR,63783.0,0.01,True,False,437,,0.0,63836.85,-53.85,-0.084356,,63785.06,coinbase,51.79,-2.06,True,,2.06,2.955,-2.955,,,,,,,,
1783714473.535425,469.2863,bid,APPEAR,63785.0,0.01,True,False,417,,2.9914,63826.75,-41.75,-0.065411,,63785.065,coinbase,41.685,-0.065,True,,0.065,0.0,-0.0,,,,,,,,
1783714473.535425,469.2863,bid,CANCEL?,63783.0,0.0,,False,,2.9914,,63826.75,-43.75,-0.068545,,,coinbase,,,,,,,,0.005,-0.005,,,,,,
1783714475.0230222,470.7739,bid,THESIS,63784.0,,,False,,,,63826.75,,,,,coinbase,,,,,,,,,,0.0,0.0,0.0,0.0,0.0,1.16
1783714479.5345678,475.2854,bid,CANCEL?,63785.0,0.0,,False,,5.9991,,63826.75,-41.75,-0.065411,,,coinbase,,,,,,,,-8.55,8.55,,,,,,
1783714480.575146,476.326,bid,APPEAR,63776.5,0.01,True,False,502,,1.0406,63826.75,-50.25,-0.078729,,63776.515,coinbase,50.235,-0.015,True,,0.015,0.0,-0.0,,,,,,,,
1783714489.5370188,485.2879,bid,THESIS,63783.0,,,False,,,,63836.85,,,,,coinbase,,,,,,,,,,-10.1,-10.1,-10.1,0.005,-8.545,-7.495
1783714489.5370188,485.2879,bid,THESIS,63785.0,,,False,,,,63826.75,,,,,coinbase,,,,,,,,,,0.0,0.0,0.0,0.0,-8.55,-7.5
1783714491.533806,487.2847,bid,APPEAR,63777.5,0.01,True,False,492,,11.9992,63826.75,-49.25,-0.077162,,63777.565,coinbase,49.185,-0.065,True,,0.065,0.0,-0.0,,,,,,,,
1783714491.533806,487.2847,bid,CANCEL?,63776.5,0.0,,False,,10.9587,,63826.75,-50.25,-0.078729,,,coinbase,,,,,,,,1.05,-1.05,,,,,,
1783714496.535398,492.2863,bid,THESIS,63776.5,,,False,,,,63826.75,,,,,coinbase,,,,,,,,,,0.0,0.0,0.0,1.05,1.05,2.145
1783714498.5371032,494.288,bid,APPEAR,63778.5,0.01,True,False,482,,7.0033,63826.75,-48.25,-0.075595,,63778.425,coinbase,48.325,0.075,True,,-0.075,0.2,-0.2,,,,,,,,
1783714498.5371032,494.288,bid,CANCEL?,63777.5,0.0,,False,,7.0033,,63826.75,-49.25,-0.077162,,,coinbase,,,,,,,,0.86,-0.86,,,,,,
1783714500.535319,496.2862,bid,CANCEL?,63778.5,0.0,,False,,1.9982,,63826.75,-48.25,-0.075595,,,coinbase,,,,,,,,-0.19,0.19,,,,,,
1783714500.535319,496.2862,bid,APPEAR,63778.0,0.01,True,False,487,,0.0,63826.75,-48.75,-0.076379,,63778.235,coinbase,48.515,-0.235,True,,0.235,-0.04,0.04,,,,,,,,
1783714505.5328069,501.2837,bid,CANCEL?,63778.0,0.0,,False,,4.9975,,63826.75,-48.75,-0.076379,,,coinbase,,,,,,,,-0.81,0.81,,,,,,
1783714505.5328069,501.2837,bid,APPEAR,63777.5,0.01,True,False,492,,0.0,63826.75,-49.25,-0.077162,,63777.425,coinbase,49.325,0.075,True,,-0.075,0.0,-0.0,,,,,,,,
1783714513.5327702,509.2836,bid,THESIS,63777.5,,,False,,,,63826.75,,,,,coinbase,,,,,,,,,,0.0,0.0,0.0,1.095,1.095,1.51
1783714515.535049,511.2859,bid,APPEAR,63779.0,0.01,True,False,477,,10.0022,63826.75,-47.75,-0.074812,,63779.075,coinbase,47.675,-0.075,True,,0.075,0.0,-0.0,,,,,,,,
1783714515.535049,511.2859,bid,CANCEL?,63777.5,0.0,,False,,10.0022,,63826.75,-49.25,-0.077162,,,coinbase,,,,,,,,1.65,-1.65,,,,,,
1783714515.535049,511.2859,bid,THESIS,63778.5,,,False,,,,63826.75,,,,,coinbase,,,,,,,,,,0.0,0.0,0.0,-0.19,-1.0,0.65
1783714516.532765,512.2836,bid,THESIS,63778.0,,,False,,,,63826.75,,,,,coinbase,,,,,,,,,,0.0,0.0,0.0,-0.81,0.84,-0.82
1783714518.53291,514.2838,bid,CANCEL?,63779.0,0.0,,False,,2.9979,,63826.75,-47.75,-0.074812,,,coinbase,,,,,,,,-1.66,1.66,,,,,,
1783714518.53291,514.2838,bid,APPEAR,63777.5,0.01,True,False,492,,0.0,63826.75,-49.25,-0.077162,,63777.415,coinbase,49.335,0.085,True,,-0.085,0.0,-0.0,,,,,,,,
1783714523.532832,519.2837,bid,THESIS,63777.5,,,False,,,,63826.75,,,,,coinbase,,,,,,,,,,0.0,0.0,0.0,1.65,1.65,-1.18
1783714525.535479,521.2863,bid,CANCEL?,63777.5,0.0,,False,,7.0026,,63826.75,-49.25,-0.077162,,,coinbase,,,,,,,,-3.79,3.79,,,,,,
1783714525.535479,521.2863,bid,APPEAR,63776.0,0.01,True,False,507,,0.0,63826.75,-50.75,-0.079512,,63773.625,coinbase,53.125,2.375,True,,-2.375,-2.61,2.61,,,,,,,,
1783714528.537584,524.2884,bid,CANCEL?,63776.0,0.0,,False,,3.0021,,63826.75,-50.75,-0.079512,,,coinbase,,,,,,,,-0.58,0.58,,,,,,
1783714528.537584,524.2884,bid,APPEAR,63773.0,0.01,True,False,537,,0.0,63826.75,-53.75,-0.084212,,63773.045,coinbase,53.705,-0.045,True,,0.045,0.0,-0.0,,,,,,,,
1783714533.5323951,529.2833,bid,THESIS,63779.0,,,False,,,,63826.75,,,,,coinbase,,,,,,,,,,0.0,0.0,0.0,-1.66,-2.83,-10.82
1783714535.531623,531.2825,bid,CANCEL?,63773.0,0.0,,False,,6.994,,63826.75,-53.75,-0.084212,,,coinbase,,,,,,,,-1.05,1.05,,,,,,
1783714535.531623,531.2825,bid,APPEAR,63769.5,0.01,True,False,572,,0.0,63826.75,-57.25,-0.089696,,63771.995,coinbase,54.755,-2.495,True,,2.495,2.13,-2.13,,,,,,,,
1783714535.531623,531.2825,bid,THESIS,63777.5,,,False,,,,63826.75,,,,,coinbase,,,,,,,,,,0.0,0.0,0.0,-1.17,-3.79,-5.42
1783714538.532543,534.2834,bid,APPEAR,63772.0,0.01,True,False,547,,3.0009,63826.75,-54.75,-0.085779,,63771.995,coinbase,54.755,0.005,True,,-0.005,0.0,-0.0,,,,,,,,
1783714538.532543,534.2834,bid,CANCEL?,63769.5,0.0,,False,,3.0009,,63826.75,-57.25,-0.089696,,,coinbase,,,,,,,,0.0,-0.0,,,,,,
1783714570.53332,566.2842,bid,THESIS,63776.0,,,False,,,,63826.75,,,,,coinbase,,,,,,,,,,0.0,0.0,0.0,-0.58,-5.37,0.38
1783714570.53332,566.2842,bid,THESIS,63773.0,,,False,,,,63826.75,,,,,coinbase,,,,,,,,,,0.0,0.0,0.0,-4.79,-1.05,0.96
1783714570.53332,566.2842,bid,THESIS,63769.5,,,False,,,,63826.75,,,,,coinbase,,,,,,,,,,0.0,0.0,0.0,0.0,0.65,2.01
1783714570.53332,566.2842,bid,THESIS,63772.0,,,False,,,,63826.75,,,,,coinbase,,,,,,,,,,0.0,0.0,0.0,0.65,2.01,2.01
1783714572.529533,568.2804,bid,APPEAR,63774.0,0.01,True,False,527,,33.997,63826.75,-52.75,-0.082646,,63774.005,coinbase,52.745,-0.005,True,,0.005,0.0,-0.0,,,,,,,,
1783714572.529533,568.2804,bid,CANCEL?,63772.0,0.0,,False,,33.997,,63826.75,-54.75,-0.085779,,,coinbase,,,,,,,,2.01,-2.01,,,,,,
1783714578.531502,574.2824,bid,APPEAR,63780.0,0.01,True,False,467,,6.002,63826.75,-46.75,-0.073245,,63783.555,coinbase,43.195,-3.555,True,,3.555,3.48,-3.48,,,,,,,,
1783714578.531502,574.2824,bid,CANCEL?,63774.0,0.0,,False,,6.002,,63826.75,-52.75,-0.082646,,,coinbase,,,,,,,,9.55,-9.55,,,,,,
1783714581.545065,577.2959,bid,APPEAR,63783.5,0.01,True,False,432,,3.0136,63826.75,-43.25,-0.067762,,63783.715,coinbase,43.035,-0.215,True,,0.215,0.0,-0.0,,,,,,,,
1783714581.545065,577.2959,bid,CANCEL?,63780.0,0.0,,False,,3.0136,,63826.75,-46.75,-0.073245,,,coinbase,,,,,,,,0.16,-0.16,,,,,,
1783714585.531677,581.2825,bid,CANCEL?,63783.5,0.0,,False,,3.9866,,63826.75,-43.25,-0.067762,,,coinbase,,,,,,,,15.69,-15.69,,,,,,
1783714585.531677,581.2825,bid,APPEAR,63783.0,0.01,True,False,437,,0.0,63826.75,-43.75,-0.068545,,63799.405,coinbase,27.345,-16.405,True,,16.405,16.49,-16.49,,,,,,,,
1783714588.530717,584.2816,bid,APPEAR,63789.5,0.01,True,False,372,,2.999,63826.75,-37.25,-0.058361,,63791.165,coinbase,35.585,-1.665,True,,1.665,0.785,-0.785,,,,,,,,
1783714588.530717,584.2816,bid,CANCEL?,63783.0,0.0,,False,,2.999,,63826.75,-43.75,-0.068545,,,coinbase,,,,,,,,-8.24,8.24,,,,,,
1783714588.530717,584.2816,bid,THESIS,63774.0,,,False,,,,63826.75,,,,,coinbase,,,,,,,,,,0.0,0.0,0.0,5.36,9.55,17.16
1783714591.529689,587.2805,bid,APPEAR,63838.0,0.01,True,True,0,,2.999,63832.4,5.6,0.008773,,63845.225,coinbase,-12.825,-7.225,False,,7.225,28.82,-28.82,,,,,,,,
1783714591.529689,587.2805,bid,CANCEL?,63789.5,0.0,,False,,2.999,,63832.4,-42.9,-0.067207,,,coinbase,,,,,,,,54.06,-54.06,,,,,,
1783714591.529689,587.2805,ask,APPEAR,63843.0,0.01,True,True,0,,,63840.5,2.5,0.003916,,63845.225,coinbase,-4.725,-2.225,False,,-2.225,28.82,28.82,,,,,,,,
1783714594.529096,590.28,bid,THESIS,63780.0,,,False,,,,63826.75,,,,,coinbase,,,,,,,,,,0.0,0.0,11.3,0.16,15.85,62.4
1783714595.570891,591.3217,bid,CANCEL?,63838.0,0.0,,True,,4.0412,,63837.8,0.2,0.000313,,,coinbase,,,,,,,,0.73,-0.73,,,,,,
1783714595.570891,591.3217,ask,CANCEL?,63843.0,0.0,,True,,4.0412,,63837.8,5.2,0.008146,,,coinbase,,,,,,,,0.73,0.73,,,,,,
1783714596.5312278,592.2821,ask,APPEAR,63849.5,0.01,False,False,114,,0.9603,63810.3,39.2,0.061432,,63848.875,coinbase,-38.575,0.625,True,,0.625,2.92,2.92,,,,,,,,
1783714597.53178,593.2826,bid,THESIS,63783.5,,,False,,,,63826.75,,,,,coinbase,,,,,,,,,,0.0,0.0,11.05,15.69,7.45,65.52
1783714598.528714,594.2796,ask,CANCEL?,63849.5,0.0,,False,,1.9975,,63837.8,11.7,0.018328,,,coinbase,,,,,,,,0.36,0.36,,,,,,
1783714600.5290549,596.2799,ask,APPEAR,63851.0,0.01,True,False,129,,2.0003,63837.8,13.2,0.020677,,63836.145,coinbase,1.655,14.855,False,,14.855,-14.37,-14.37,,,,,,,,
1783714602.1346729,597.8855,bid,THESIS,63783.0,,,False,,,,63826.75,,,,,coinbase,,,,,,,,,,0.0,13.75,11.05,-8.24,45.82,38.47
1783714602.529709,598.2806,ask,CANCEL?,63851.0,0.0,,False,,2.0007,,63837.8,13.2,0.020677,,,coinbase,,,,,,,,1.73,1.73,,,,,,
1783714603.531391,599.2822,bid,THESIS,63789.5,,,False,,,,63826.75,,,,,coinbase,,,,,,,,,,0.0,11.3,11.05,25.24,54.79,46.71
1783714604.5281851,600.279,ask,APPEAR,63838.5,0.01,True,False,4,,1.9985,63837.8,0.7,0.001097,,63837.875,coinbase,-0.075,0.625,True,,0.625,0.0,0.0,,,,,,,,
1783714610.527824,606.2787,bid,THESIS,63838.0,,,True,,,,63832.4,,,,,coinbase,,,,,,,,,,5.65,-22.1,5.4,2.04,3.65,-7.35
1783714610.527824,606.2787,ask,THESIS,63843.0,,,True,,,,63840.5,,,,,coinbase,,,,,,,,,,-2.45,-30.2,-2.7,2.04,3.65,-7.35
1783714611.542495,607.2933,ask,THESIS,63849.5,,,False,,,,63810.3,,,,,coinbase,,,,,,,,,,27.5,27.5,27.5,0.36,-11.0,-11.0
1783714612.529451,608.2803,bid,APPEAR,63837.0,0.01,True,False,5,,16.9586,63837.8,-0.8,-0.001253,,63837.875,coinbase,-0.075,-0.875,False,,0.875,0.0,-0.0,,,,,,,,
1783714613.529547,609.2804,bid,CANCEL?,63837.0,0.0,,False,,1.0001,,63837.8,-0.8,-0.001253,,,coinbase,,,,,,,,0.0,-0.0,,,,,,
1783714619.533247,615.2841,ask,THESIS,63851.0,,,False,,,,63837.8,,,,,coinbase,,,,,,,,,,0.0,0.0,0.0,1.73,1.73,0.21
1783714619.533247,615.2841,ask,THESIS,63838.5,,,False,,,,63837.8,,,,,coinbase,,,,,,,,,,0.0,0.0,0.0,0.0,0.0,-1.52
1783714621.528525,617.2794,bid,APPEAR,63834.5,0.01,True,False,30,,7.999,63837.8,-3.3,-0.005169,,63824.725,coinbase,13.075,9.775,True,,-9.775,-11.63,11.63,,,,,,,,
1783714621.528525,617.2794,ask,CANCEL?,63838.5,0.0,,False,,17.0003,,63837.8,0.7,0.001097,,,coinbase,,,,,,,,-13.15,-13.15,,,,,,
1783714624.527275,620.2781,bid,CANCEL?,63834.5,0.0,,False,,2.9987,,63837.8,-3.3,-0.005169,,,coinbase,,,,,,,,1.64,-1.64,,,,,,
1783714624.527275,620.2781,bid,APPEAR,63828.0,0.01,True,False,95,,0.0,63837.8,-9.8,-0.015351,,63826.365,coinbase,11.435,1.635,True,,-1.635,-1.55,1.55,,,,,,,,
1783714627.6352792,623.3861,bid,CANCEL?,63828.0,0.0,,False,,3.108,,63837.8,-9.8,-0.015351,,,coinbase,,,,,,,,-5.18,5.18,,,,,,
1783714627.6352792,623.3861,bid,APPEAR,63821.0,0.01,True,False,165,,0.0,63837.8,-16.8,-0.026317,,63821.185,coinbase,16.615,-0.185,True,,0.185,-1.225,1.225,,,,,,,,
1783714627.6352792,623.3861,bid,THESIS,63837.0,,,False,,,,63837.8,,,,,coinbase,,,,,,,,,,0.0,0.0,0.0,0.0,-1.52,-16.69
1783714633.528518,629.2794,bid,APPEAR,63826.0,0.01,True,False,115,,5.8932,63837.8,-11.8,-0.018484,,63824.19,coinbase,13.61,1.81,True,,-1.81,0.0,-0.0,,,,,,,,
1783714633.528518,629.2794,bid,CANCEL?,63821.0,0.0,,False,,5.8932,,63837.8,-16.8,-0.026317,,,coinbase,,,,,,,,3.005,-3.005,,,,,,
1783714637.529792,633.2806,bid,THESIS,63834.5,,,False,,,,63837.8,,,,,coinbase,,,,,,,,,,0.0,0.0,0.0,1.64,-2.315,1.25
1783714642.526977,638.2778,bid,CANCEL?,63826.0,0.0,,False,,8.9985,,63837.8,-11.8,-0.018484,,,coinbase,,,,,,,,10.21,-10.21,,,,,,
1783714642.526977,638.2778,bid,THESIS,63828.0,,,False,,,,63837.8,,,,,coinbase,,,,,,,,,,0.0,0.0,0.0,-3.955,-5.18,8.035
1783714643.527151,639.278,bid,APPEAR,63834.0,0.01,True,False,35,,1.0002,63837.8,-3.8,-0.005953,,63834.675,coinbase,3.125,-0.675,True,,0.675,0.275,-0.275,,,,,,,,
1783714643.527151,639.278,bid,THESIS,63821.0,,,False,,,,63837.8,,,,,coinbase,,,,,,,,,,0.0,0.0,0.0,0.0,3.005,13.49
1783714646.5259368,642.2768,bid,APPEAR,63834.5,0.01,True,False,30,,3.999,63837.8,-3.3,-0.005169,,63834.675,coinbase,3.125,-0.175,True,,0.175,0.0,-0.0,,,,,,,,
1783714646.5259368,642.2768,bid,CANCEL?,63834.0,0.0,,False,,2.9988,,63837.8,-3.8,-0.005953,,,coinbase,,,,,,,,0.0,-0.0,,,,,,
1783714649.5280042,645.2789,bid,THESIS,63826.0,,,False,,,,63837.8,,,,,coinbase,,,,,,,,,,0.0,0.0,0.0,0.0,1.785,11.065
1783714651.533886,647.2847,bid,APPEAR,63835.0,0.01,True,False,25,,5.0079,63837.8,-2.8,-0.004386,,63835.255,coinbase,2.545,-0.255,True,,0.255,0.0,-0.0,,,,,,,,
1783714651.533886,647.2847,bid,CANCEL?,63834.5,0.0,,False,,5.0079,,63837.8,-3.3,-0.005169,,,coinbase,,,,,,,,0.58,-0.58,,,,,,
1783714654.5260968,650.277,bid,CANCEL?,63835.0,0.0,,False,,2.9922,,63837.8,-2.8,-0.004386,,,coinbase,,,,,,,,-7.23,7.23,,,,,,
1783714654.5260968,650.277,bid,APPEAR,63828.0,0.01,True,False,95,,0.0,63837.8,-9.8,-0.015351,,63828.025,coinbase,9.775,-0.025,True,,0.025,0.0,-0.0,,,,,,,,
1783714661.5253189,657.2762,bid,THESIS,63834.0,,,False,,,,63837.8,,,,,coinbase,,,,,,,,,,0.0,0.0,0.0,0.0,0.58,-1.9
1783714662.5252879,658.2761,bid,THESIS,63834.5,,,False,,,,63837.8,,,,,coinbase,,,,,,,,,,0.0,0.0,0.0,0.58,0.58,-1.9
1783714663.525394,659.2762,bid,APPEAR,63832.5,0.01,True,False,50,,8.9993,63837.8,-5.3,-0.008302,,63834.375,coinbase,3.425,-1.875,True,,1.875,1.6,-1.6,,,,,,,,
1783714663.525394,659.2762,bid,CANCEL?,63828.0,0.0,,False,,8.9993,,63837.8,-9.8,-0.015351,,,coinbase,,,,,,,,6.35,-6.35,,,,,,
1783714664.525166,660.276,bid,CANCEL?,63782.5,0.0,,False,,253.9843,,63837.8,-55.3,-0.086626,,,coinbase,,,,,,,,54.035,-54.035,,,,,,
1783714665.52607,661.2769,bid,APPEAR,63834.0,0.01,True,False,35,,1.0009,63837.8,-3.8,-0.005953,,63834.375,coinbase,3.425,-0.375,True,,0.375,0.0,-0.0,,,,,,,,
1783714666.5243,662.2752,bid,CANCEL?,63834.0,0.0,,False,,0.9982,,63837.8,-3.8,-0.005953,,,coinbase,,,,,,,,-14.25,14.25,,,,,,
1783714666.5243,662.2752,bid,APPEAR,63821.0,0.01,True,False,165,,0.0,63837.8,-16.8,-0.026317,,63820.125,coinbase,17.675,0.875,True,,-0.875,-14.25,14.25,,,,,,,,
1783714667.526177,663.277,bid,THESIS,63835.0,,,False,,,,63837.8,,,,,coinbase,,,,,,,,,,0.0,0.0,0.0,-6.945,-7.23,-15.13
1783714669.5279648,665.2788,bid,CANCEL?,63821.0,0.0,,False,,3.0037,,63837.8,-16.8,-0.026317,,,coinbase,,,,,,,,0.0,-0.0,,,,,,
1783714669.5279648,665.2788,bid,APPEAR,63820.0,0.01,True,False,175,,0.0,63837.8,-17.8,-0.027883,,63820.125,coinbase,17.675,-0.125,True,,0.125,0.0,-0.0,,,,,,,,
1783714669.5279648,665.2788,bid,THESIS,63828.0,,,False,,,,63837.8,,,,,coinbase,,,,,,,,,,0.0,0.0,0.0,0.0,4.75,-7.9
1783714675.526376,671.2772,bid,CANCEL?,63820.0,0.0,,False,,5.9984,,63837.8,-17.8,-0.027883,,,coinbase,,,,,,,,-14.53,14.53,,,,,,
1783714675.526376,671.2772,bid,APPEAR,63805.5,0.01,True,False,320,,0.0,63837.8,-32.3,-0.050597,,63805.595,coinbase,32.205,-0.095,True,,0.095,0.0,-0.0,,,,,,,,
1783714680.525394,676.2762,bid,CANCEL?,63805.5,0.0,,False,,4.999,,63837.8,-32.3,-0.050597,,,coinbase,,,,,,,,-7.59,7.59,,,,,,
1783714680.525394,676.2762,bid,APPEAR,63798.0,0.01,True,False,395,,0.0,63837.8,-39.8,-0.062346,,63798.005,coinbase,39.795,-0.005,True,,0.005,0.0,-0.0,,,,,,,,
1783714680.525394,676.2762,bid,THESIS,63832.5,,,False,,,,63837.8,,,,,coinbase,,,,,,,,,,0.0,0.0,0.0,0.0,-14.25,-36.37
1783714684.524867,680.2757,bid,THESIS,63834.0,,,False,,,,63837.8,,,,,coinbase,,,,,,,,,,0.0,0.0,0.0,-14.25,-28.78,-47.49
1783714684.524867,680.2757,bid,THESIS,63821.0,,,False,,,,63837.8,,,,,coinbase,,,,,,,,,,0.0,0.0,0.0,0.0,-14.53,-33.24
1783714685.523962,681.2748,bid,THESIS,63820.0,,,False,,,,63837.8,,,,,coinbase,,,,,,,,,,0.0,0.0,0.0,-14.53,-14.53,-33.24
1783714686.525459,682.2763,bid,CANCEL?,63798.0,0.0,,False,,6.0001,,63837.8,-39.8,-0.062346,,,coinbase,,,,,,,,-11.12,11.12,,,,,,
1783714686.525459,682.2763,bid,APPEAR,63786.5,0.01,True,False,510,,0.0,63837.8,-51.3,-0.08036,,63786.885,coinbase,50.915,-0.385,True,,0.385,0.0,-0.0,,,,,,,,
1783714690.6279192,686.3788,bid,THESIS,63805.5,,,False,,,,63837.8,,,,,coinbase,,,,,,,,,,0.0,0.0,0.0,-7.59,-18.71,-15.52
1783714692.523856,688.2747,bid,CANCEL?,63786.5,0.0,,False,,5.9984,,63837.8,-51.3,-0.08036,,,coinbase,,,,,,,,6.155,-6.155,,,,,,
1783714693.524697,689.2756,bid,APPEAR,63794.5,0.01,True,False,430,,1.0008,63837.8,-43.3,-0.067828,,63791.445,coinbase,46.355,3.055,True,,-3.055,-1.595,1.595,,,,,,,,
1783714696.715849,692.4667,bid,CANCEL?,63794.5,0.0,,False,,3.1912,,63837.8,-43.3,-0.067828,,,coinbase,,,,,,,,-1.15,1.15,,,,,,
1783714696.715849,692.4667,bid,APPEAR,63786.5,0.01,True,False,510,,0.0,63837.8,-51.3,-0.08036,,63790.295,coinbase,47.505,-3.795,True,,3.795,1.24,-1.24,,,,,,,,
1783714696.715849,692.4667,bid,THESIS,63798.0,,,False,,,,63837.8,,,,,coinbase,,,,,,,,,,0.0,0.0,0.0,-11.12,-11.12,-7.71
1783714701.5391848,697.29,bid,CANCEL?,63786.5,0.0,,False,,4.8233,,63837.8,-51.3,-0.08036,,,coinbase,,,,,,,,-6.57,6.57,,,,,,
1783714701.5391848,697.29,bid,APPEAR,63783.5,0.01,True,False,540,,0.0,63837.8,-54.3,-0.085059,,63783.725,coinbase,54.075,-0.225,True,,0.225,0.0,-0.0,,,,,,,,
1783714701.5391848,697.29,bid,THESIS,63786.5,,,False,,,,63837.8,,,,,coinbase,,,,,,,,,,0.0,0.0,0.0,0.0,6.155,-3.16
1783714714.547179,710.298,bid,THESIS,63794.5,,,False,,,,63837.8,,,,,coinbase,,,,,,,,,,0.0,0.0,0.0,-2.39,-4.57,-7.72
1783714714.547179,710.298,bid,THESIS,63786.5,,,False,,,,63837.8,,,,,coinbase,,,,,,,,,,0.0,0.0,0.0,-3.42,-6.57,-6.57
1783714716.5417652,712.2926,bid,THESIS,63783.5,,,False,,,,63837.8,,,,,coinbase,,,,,,,,,,0.0,0.0,0.0,0.0,0.0,0.01
1783714720.523229,716.2741,bid,CANCEL?,63783.5,0.0,,False,,18.984,,63837.8,-54.3,-0.085059,,,coinbase,,,,,,,,-3.44,3.44,,,,,,
1783714720.523229,716.2741,bid,APPEAR,63780.0,0.01,True,False,575,,0.0,63837.8,-57.8,-0.090542,,63780.285,coinbase,57.515,-0.285,True,,0.285,0.0,-0.0,,,,,,,,
1783714744.533213,740.2841,bid,APPEAR,63781.0,0.01,True,False,565,,24.01,63837.8,-56.8,-0.088975,,63781.395,coinbase,56.405,-0.395,True,,0.395,0.0,-0.0,,,,,,,,
1783714744.533213,740.2841,bid,CANCEL?,63780.0,0.0,,False,,24.01,,63837.8,-57.8,-0.090542,,,coinbase,,,,,,,,1.11,-1.11,,,,,,
1783714744.533213,740.2841,bid,THESIS,63780.0,,,False,,,,63837.8,,,,,coinbase,,,,,,,,,,0.0,0.0,0.0,-0.01,-0.01,1.11
1783714747.522006,743.2729,bid,CANCEL?,63781.0,0.0,,False,,2.9888,,63837.8,-56.8,-0.088975,,,coinbase,,,,,,,,-4.17,4.17,,,,,,
1783714748.537282,744.2881,bid,APPEAR,63777.0,0.01,True,False,605,,1.0153,63837.8,-60.8,-0.095241,,63777.225,coinbase,60.575,-0.225,True,,0.225,0.0,-0.0,,,,,,,,
1783714760.671131,756.422,bid,APPEAR,63781.0,0.01,True,False,565,,13.1491,63837.8,-56.8,-0.088975,,63781.315,coinbase,56.485,-0.315,True,,0.315,0.0,-0.0,,,,,,,,
1783714760.671131,756.422,bid,CANCEL?,63777.0,0.0,,False,,12.1338,,63837.8,-60.8,-0.095241,,,coinbase,,,,,,,,4.09,-4.09,,,,,,
1783714760.671131,756.422,bid,THESIS,63781.0,,,False,,,,63837.8,,,,,coinbase,,,,,,,,,,0.0,0.0,0.0,-1.555,-4.17,-0.08
1783714782.5313761,778.2822,bid,CANCEL?,63781.0,0.0,,False,,21.8602,,63837.8,-56.8,-0.088975,,,coinbase,,,,,,,,-15.3,15.3,,,,,,
1783714782.5313761,778.2822,bid,APPEAR,63766.0,0.01,True,False,715,,0.0,63837.8,-71.8,-0.112473,,63766.015,coinbase,71.785,-0.015,True,,0.015,-15.38,15.38,,,,,,,,
1783714782.5313761,778.2822,bid,THESIS,63777.0,,,False,,,,63837.8,,,,,coinbase,,,,,,,,,,0.0,0.0,0.0,0.0,4.09,-11.21
1783714782.5313761,778.2822,bid,THESIS,63781.0,,,False,,,,63837.8,,,,,coinbase,,,,,,,,,,0.0,0.0,0.0,0.0,-15.3,-15.3
1783714796.5219252,792.2728,bid,CANCEL?,63766.0,0.0,,False,,13.9905,,63837.8,-71.8,-0.112473,,,coinbase,,,,,,,,-11.01,11.01,,,,,,
1783714796.5219252,792.2728,bid,APPEAR,63755.0,0.01,True,False,825,,0.0,63837.8,-82.8,-0.129704,,63755.005,coinbase,82.795,-0.005,True,,0.005,0.0,-0.0,,,,,,,,
1783714798.518514,794.2694,bid,THESIS,63766.0,,,False,,,,63837.8,,,,,coinbase,,,,,,,,,,0.0,0.0,0.0,0.0,0.0,-11.01
1783714801.5183601,797.2692,bid,CANCEL?,63755.0,0.0,,False,,4.9964,,63837.8,-82.8,-0.129704,,,coinbase,,,,,,,,-15.0,15.0,,,,,,
1783714801.5183601,797.2692,bid,APPEAR,63743.5,0.01,True,False,940,,0.0,63837.8,-94.3,-0.147718,,63740.005,coinbase,97.795,3.495,True,,-3.495,-3.425,3.425,,,,,,,,
1783714804.5534132,800.3043,bid,CANCEL?,63743.5,0.0,,False,,3.0351,,63837.8,-94.3,-0.147718,,,coinbase,,,,,,,,-7.0,7.0,,,,,,
1783714804.5534132,800.3043,bid,APPEAR,63736.5,0.01,True,False,1010,,0.0,63837.8,-101.3,-0.158683,,63733.005,coinbase,104.795,3.495,True,,-3.495,-3.43,3.43,,,,,,,,
1783714807.517747,803.2686,bid,CANCEL?,63736.5,0.0,,False,,2.9643,,63837.8,-101.3,-0.158683,,,coinbase,,,,,,,,-29.355,29.355,,,,,,
1783714807.517747,803.2686,bid,APPEAR,63705.0,0.01,True,False,1325,,0.0,63837.8,-132.8,-0.208027,,63703.65,coinbase,134.15,1.35,True,,-1.35,-1.945,1.945,,,,,,,,
1783714810.517449,806.2683,bid,CANCEL?,63705.0,0.0,,False,,2.9997,,63837.8,-132.8,-0.208027,,,coinbase,,,,,,,,-0.005,0.005,,,,,,
1783714810.517449,806.2683,bid,APPEAR,63703.5,0.01,True,False,1340,,0.0,63837.8,-134.3,-0.210377,,63703.645,coinbase,134.155,-0.145,True,,0.145,0.0,-0.0,,,,,,,,
1783714813.535129,809.286,bid,THESIS,63755.0,,,False,,,,63837.8,,,,,coinbase,,,,,,,,,,0.0,0.0,0.0,0.0,-15.0,-86.7
1783714815.593312,811.3442,bid,CANCEL?,63703.5,0.0,,False,,5.0759,,63837.8,-134.3,-0.210377,,,coinbase,,,,,,,,-30.9,30.9,,,,,,
1783714815.593312,811.3442,bid,APPEAR,63664.0,0.01,True,False,1735,,0.0,63837.8,-173.8,-0.272252,,63672.745,coinbase,165.055,-8.745,True,,8.745,11.84,-11.84,,,,,,,,
1783714816.828088,812.5789,bid,THESIS,63743.5,,,False,,,,63837.8,,,,,coinbase,,,,,,,,,,0.0,0.0,0.0,0.0,-36.355,-68.32
1783714818.6104572,814.3613,bid,APPEAR,63670.5,0.01,True,False,1670,,3.0171,63837.8,-167.3,-0.26207,,63670.685,coinbase,167.115,-0.185,True,,0.185,0.0,-0.0,,,,,,,,
1783714818.6104572,814.3613,bid,CANCEL?,63664.0,0.0,,False,,3.0171,,63837.8,-173.8,-0.272252,,,coinbase,,,,,,,,-2.06,2.06,,,,,,
1783714819.6492531,815.4001,bid,THESIS,63736.5,,,False,,,,63837.8,,,,,coinbase,,,,,,,,,,0.0,0.0,0.0,-20.645,-29.36,-58.3
1783714821.762141,817.513,bid,APPEAR,63674.5,0.01,True,False,1630,,3.1517,63837.8,-163.3,-0.255805,,63674.705,coinbase,163.095,-0.205,True,,0.205,0.0,-0.0,,,,,,,,
1783714821.762141,817.513,bid,CANCEL?,63670.5,0.0,,False,,3.1517,,63837.8,-167.3,-0.26207,,,coinbase,,,,,,,,4.02,-4.02,,,,,,
1783714822.60448,818.3553,bid,THESIS,63705.0,,,False,,,,63837.8,,,,,coinbase,,,,,,,,,,0.0,0.0,0.0,-0.005,-35.345,-28.945
1783714825.604706,821.3556,bid,THESIS,63703.5,,,False,,,,63837.8,,,,,coinbase,,,,,,,,,,0.0,0.0,0.0,-35.34,-30.9,-17.63
1783714826.6036842,822.3545,bid,APPEAR,63686.0,0.01,True,False,1515,,4.8415,63837.8,-151.8,-0.23779,,63692.715,coinbase,145.085,-6.715,True,,6.715,6.7,-6.7,,,,,,,,
1783714826.6036842,822.3545,bid,CANCEL?,63674.5,0.0,,False,,4.8415,,63837.8,-163.3,-0.255805,,,coinbase,,,,,,,,18.01,-18.01,,,,,,
1783714830.604765,826.3556,bid,APPEAR,63696.0,0.01,True,False,1415,,4.0011,63837.8,-141.8,-0.222125,,63691.375,coinbase,146.425,4.625,True,,-4.625,-4.98,4.98,,,,,,,,
1783714830.604765,826.3556,bid,CANCEL?,63686.0,0.0,,False,,4.0011,,63837.8,-151.8,-0.23779,,,coinbase,,,,,,,,-1.34,1.34,,,,,,
1783714830.604765,826.3556,bid,THESIS,63664.0,,,False,,,,63837.8,,,,,coinbase,,,,,,,,,,0.0,0.0,0.0,-1.06,1.96,18.63
1783714834.6064892,830.3573,bid,CANCEL?,63696.0,0.0,,False,,4.0017,,63837.8,-141.8,-0.222125,,,coinbase,,,,,,,,2.02,-2.02,,,,,,
1783714834.6064892,830.3573,bid,APPEAR,63694.5,0.01,True,False,1430,,0.0,63837.8,-143.3,-0.224475,,63693.395,coinbase,144.405,1.105,True,,-1.105,-0.59,0.59,,,,,,,,
1783714834.6064892,830.3573,bid,THESIS,63670.5,,,False,,,,63837.8,,,,,coinbase,,,,,,,,,,0.0,0.0,0.0,4.02,6.53,22.71
1783714837.616417,833.3673,bid,THESIS,63674.5,,,False,,,,63837.8,,,,,coinbase,,,,,,,,,,0.0,0.0,0.0,0.0,21.65,17.1
1783714838.602668,834.3535,bid,CANCEL?,63694.5,0.0,,False,,3.9962,,63837.8,-143.3,-0.224475,,,coinbase,,,,,,,,-22.955,22.955,,,,,,
1783714838.602668,834.3535,bid,APPEAR,63660.0,0.01,True,False,1775,,0.0,63837.8,-177.8,-0.278518,,63670.44,coinbase,167.36,-10.44,True,,10.44,-21.365,21.365,,,,,,,,
1783714842.603905,838.3548,bid,APPEAR,63672.5,0.01,True,False,1650,,4.0012,63837.8,-165.3,-0.258937,,63672.895,coinbase,164.905,-0.395,True,,0.395,0.0,-0.0,,,,,,,,
1783714842.603905,838.3548,bid,CANCEL?,63660.0,0.0,,False,,4.0012,,63837.8,-177.8,-0.278518,,,coinbase,,,,,,,,2.455,-2.455,,,,,,
1783714842.603905,838.3548,bid,THESIS,63686.0,,,False,,,,63837.8,,,,,coinbase,,,,,,,,,,0.0,0.0,0.0,3.64,2.07,-19.82
1783714846.603272,842.3541,bid,CANCEL?,63672.5,0.0,,False,,3.9994,,63837.8,-165.3,-0.258937,,,coinbase,,,,,,,,-2.05,2.05,,,,,,
1783714846.603272,842.3541,bid,APPEAR,63670.5,0.01,True,False,1670,,0.0,63837.8,-167.3,-0.26207,,63670.845,coinbase,166.955,-0.345,True,,0.345,-0.775,0.775,,,,,,,,
1783714846.603272,842.3541,bid,THESIS,63696.0,,,False,,,,63837.8,,,,,coinbase,,,,,,,,,,0.0,0.0,0.0,3.41,0.43,-20.53
1783714850.603832,846.3547,bid,APPEAR,63678.0,0.01,True,False,1595,,4.0006,63837.8,-159.8,-0.250322,,63678.155,coinbase,159.645,-0.155,True,,0.155,0.0,-0.0,,,,,,,,
1783714850.603832,846.3547,bid,CANCEL?,63670.5,0.0,,False,,4.0006,,63837.8,-167.3,-0.26207,,,coinbase,,,,,,,,7.31,-7.31,,,,,,
1783714850.603832,846.3547,bid,THESIS,63694.5,,,False,,,,63837.8,,,,,coinbase,,,,,,,,,,0.0,0.0,0.0,-1.59,-18.03,-15.24
1783714860.606526,856.3574,bid,APPEAR,63681.5,0.01,True,False,1560,,10.0027,63837.8,-156.3,-0.244839,,63681.795,coinbase,156.005,-0.295,True,,0.295,0.0,-0.0,,,,,,,,
1783714860.606526,856.3574,bid,CANCEL?,63678.0,0.0,,False,,10.0027,,63837.8,-159.8,-0.250322,,,coinbase,,,,,,,,3.64,-3.64,,,,,,
1783714860.606526,856.3574,bid,THESIS,63660.0,,,False,,,,63837.8,,,,,coinbase,,,,,,,,,,0.0,0.0,0.0,7.475,2.435,11.355
1783714860.606526,856.3574,bid,THESIS,63672.5,,,False,,,,63837.8,,,,,coinbase,,,,,,,,,,0.0,0.0,0.0,-0.02,3.385,8.9
1783714862.602876,858.3537,bid,THESIS,63670.5,,,False,,,,63837.8,,,,,coinbase,,,,,,,,,,0.0,0.0,0.0,5.435,7.31,32.79
1783714863.604915,859.3558,bid,APPEAR,63703.5,0.01,True,False,1340,,2.9984,63837.8,-134.3,-0.210377,,63703.635,coinbase,134.165,-0.135,True,,0.135,0.0,-0.0,,,,,,,,
1783714863.604915,859.3558,bid,CANCEL?,63681.5,0.0,,False,,2.9984,,63837.8,-156.3,-0.244839,,,coinbase,,,,,,,,21.84,-21.84,,,,,,
1783714865.6040251,861.3549,bid,THESIS,63678.0,,,False,,,,63837.8,,,,,coinbase,,,,,,,,,,0.0,0.0,0.0,0.0,3.64,43.68
1783714866.603263,862.3541,bid,APPEAR,63721.5,0.01,True,False,1160,,2.9983,63837.8,-116.3,-0.18218,,63721.835,coinbase,115.965,-0.335,True,,0.335,0.0,-0.0,,,,,,,,
1783714866.603263,862.3541,bid,CANCEL?,63703.5,0.0,,False,,2.9983,,63837.8,-134.3,-0.210377,,,coinbase,,,,,,,,18.2,-18.2,,,,,,
1783714870.603186,866.354,bid,APPEAR,63730.5,0.01,True,False,1070,,3.9999,63837.8,-107.3,-0.168082,,63700.655,coinbase,137.145,29.845,True,,-29.845,-29.82,29.82,,,,,,,,
1783714870.603186,866.354,bid,CANCEL?,63721.5,0.0,,False,,3.9999,,63837.8,-116.3,-0.18218,,,coinbase,,,,,,,,-21.18,21.18,,,,,,
1783714874.603584,870.3544,bid,CANCEL?,63730.5,0.0,,False,,4.0004,,63837.8,-107.3,-0.168082,,,coinbase,,,,,,,,-23.815,23.815,,,,,,
1783714874.603584,870.3544,bid,APPEAR,63700.5,0.01,True,False,1370,,0.0,63837.8,-137.3,-0.215076,,63676.84,coinbase,160.96,23.66,True,,-23.66,-23.815,23.815,,,,,,,,
1783714876.6050801,872.3559,bid,THESIS,63681.5,,,False,,,,63837.8,,,,,coinbase,,,,,,,,,,0.0,0.0,0.0,21.84,40.04,4.2
1783714877.6215,873.3724,bid,CANCEL?,63700.5,0.0,,False,,3.0179,,63837.8,-137.3,-0.215076,,,coinbase,,,,,,,,-10.04,10.04,,,,,,
1783714877.6215,873.3724,bid,APPEAR,63686.0,0.01,True,False,1515,,0.0,63837.8,-151.8,-0.23779,,63666.8,coinbase,171.0,19.2,True,,-19.2,-19.195,19.195,,,,,,,,
1783714878.6337862,874.3846,bid,THESIS,63703.5,,,False,,,,63837.8,,,,,coinbase,,,,,,,,,,0.0,0.0,0.0,18.2,-2.98,-33.89
1783714880.60229,876.3531,bid,APPEAR,63688.5,0.01,True,False,1490,,2.9808,63837.8,-149.3,-0.233874,,63686.645,coinbase,151.155,1.855,True,,-1.855,3.44,-3.44,,,,,,,,
1783714880.60229,876.3531,bid,CANCEL?,63686.0,0.0,,False,,2.9808,,63837.8,-151.8,-0.23779,,,coinbase,,,,,,,,19.845,-19.845,,,,,,
1783714882.6023822,878.3532,bid,THESIS,63721.5,,,False,,,,63837.8,,,,,coinbase,,,,,,,,,,0.0,0.0,0.0,5.17,-21.18,-33.42
1783714883.6040802,879.3549,bid,CANCEL?,63688.5,0.0,,False,,3.0018,,63837.8,-149.3,-0.233874,,,coinbase,,,,,,,,18.845,-18.845,,,,,,
1783714884.671943,880.4228,bid,APPEAR,63692.5,0.01,True,False,1450,,1.0679,63837.8,-145.3,-0.227608,,63721.835,coinbase,115.965,-29.335,True,,29.335,16.345,-16.345,,,,,,,,
1783714885.60925,881.3601,bid,THESIS,63730.5,,,False,,,,63837.8,,,,,coinbase,,,,,,,,,,0.0,0.0,0.0,0.0,-14.66,23.73
1783714887.602239,883.3531,bid,APPEAR,63724.0,0.01,True,False,1135,,3.9982,63837.8,-113.8,-0.178264,,63727.575,coinbase,110.225,-3.575,True,,3.575,3.19,-3.19,,,,,,,,
1783714887.602239,883.3531,bid,CANCEL?,63692.5,0.0,,False,,2.9303,,63837.8,-145.3,-0.227608,,,coinbase,,,,,,,,5.74,-5.74,,,,,,
1783714889.648334,885.3992,bid,THESIS,63700.5,,,False,,,,63837.8,,,,,coinbase,,,,,,,,,,0.0,0.0,0.0,9.155,9.805,50.255
1783714890.781108,886.532,bid,APPEAR,63727.0,0.01,True,False,1105,,3.1789,63837.8,-110.8,-0.173565,,63727.095,coinbase,110.705,-0.095,True,,0.095,0.0,-0.0,,,,,,,,
1783714890.781108,886.532,bid,CANCEL?,63724.0,0.0,,False,,3.1789,,63837.8,-113.8,-0.178264,,,coinbase,,,,,,,,-0.48,0.48,,,,,,
1783714893.603921,889.3548,bid,APPEAR,63736.0,0.01,True,False,1015,,2.8228,63837.8,-101.8,-0.159467,,63747.315,coinbase,90.485,-11.315,True,,11.315,11.37,-11.37,,,,,,,,
1783714893.603921,889.3548,bid,CANCEL?,63727.0,0.0,,False,,2.8228,,63837.8,-110.8,-0.173565,,,coinbase,,,,,,,,20.22,-20.22,,,,,,
1783714893.603921,889.3548,bid,THESIS,63686.0,,,False,,,,63837.8,,,,,coinbase,,,,,,,,,,0.0,0.0,0.0,2.945,38.69,80.515
1783714895.6035898,891.3544,bid,THESIS,63688.5,,,False,,,,63837.8,,,,,coinbase,,,,,,,,,,0.0,0.0,0.0,1.77,37.74,86.495
1783714896.766078,892.5169,bid,APPEAR,63774.0,0.01,True,False,635,,3.1622,63837.8,-63.8,-0.099941,,63773.935,coinbase,63.865,0.065,True,,-0.065,0.795,-0.795,,,,,,,,
1783714896.766078,892.5169,bid,CANCEL?,63736.0,0.0,,False,,3.1622,,63837.8,-101.8,-0.159467,,,coinbase,,,,,,,,26.62,-26.62,,,,,,
1783714900.6033862,896.3542,bid,APPEAR,63779.5,0.01,True,False,580,,3.8373,63837.8,-58.3,-0.091325,,63780.075,coinbase,57.725,-0.575,True,,0.575,0.45,-0.45,,,,,,,,
1783714900.6033862,896.3542,bid,CANCEL?,63774.0,0.0,,False,,3.8373,,63837.8,-63.8,-0.099941,,,coinbase,,,,,,,,6.14,-6.14,,,,,,
1783714900.6033862,896.3542,bid,THESIS,63692.5,,,False,,,,63837.8,,,,,coinbase,,,,,,,,,,0.0,0.0,0.0,5.74,5.26,58.24
1783714902.822804,898.5737,bid,THESIS,63724.0,,,False,,,,63837.8,,,,,coinbase,,,,,,,,,,0.0,0.0,0.0,-0.48,19.74,52.5
1783714903.602533,899.3534,bid,APPEAR,63780.0,0.01,True,False,575,,2.9991,63837.8,-57.8,-0.090542,,63782.625,coinbase,55.175,-2.625,True,,2.625,2.55,-2.55,,,,,,,,
1783714903.602533,899.3534,bid,CANCEL?,63779.5,0.0,,False,,2.9991,,63837.8,-58.3,-0.091325,,,coinbase,,,,,,,,2.55,-2.55,,,,,,
1783714907.602169,903.353,bid,APPEAR,63783.5,0.01,True,False,540,,3.9996,63837.8,-54.3,-0.085059,,63787.13,coinbase,50.67,-3.63,True,,3.63,3.415,-3.415,,,,,,,,
1783714907.602169,903.353,bid,CANCEL?,63780.0,0.0,,False,,3.9996,,63837.8,-57.8,-0.090542,,,coinbase,,,,,,,,4.505,-4.505,,,,,,
1783714907.602169,903.353,bid,THESIS,63727.0,,,False,,,,63837.8,,,,,coinbase,,,,,,,,,,0.0,0.0,0.0,20.22,46.84,60.035
1783714909.602113,905.353,bid,THESIS,63736.0,,,False,,,,63837.8,,,,,coinbase,,,,,,,,,,0.0,0.0,0.0,25.825,31.03,43.23
1783714910.6013398,906.3522,bid,APPEAR,63789.5,0.01,True,False,480,,2.9992,63837.8,-48.3,-0.075661,,63790.905,coinbase,46.895,-1.405,True,,1.405,0.36,-0.36,,,,,,,,
1783714910.6013398,906.3522,bid,CANCEL?,63783.5,0.0,,False,,2.9992,,63837.8,-54.3,-0.085059,,,coinbase,,,,,,,,3.775,-3.775,,,,,,
1783714912.6467452,908.3976,bid,THESIS,63774.0,,,False,,,,63837.8,,,,,coinbase,,,,,,,,,,0.0,0.0,0.0,4.41,6.14,16.97
1783714914.6044202,910.3553,bid,APPEAR,63793.5,0.01,True,False,440,,4.0031,63837.8,-44.3,-0.069395,,63795.685,coinbase,42.115,-2.185,True,,2.185,4.78,-4.78,,,,,,,,
1783714914.6044202,910.3553,bid,CANCEL?,63789.5,0.0,,False,,4.0031,,63837.8,-48.3,-0.075661,,,coinbase,,,,,,,,4.78,-4.78,,,,,,
1783714915.603877,911.3547,bid,THESIS,63779.5,,,False,,,,63837.8,,,,,coinbase,,,,,,,,,,0.0,0.0,0.0,0.0,7.055,15.61
1783714917.602657,913.3535,bid,APPEAR,63795.5,0.01,True,False,420,,2.9982,63837.8,-42.3,-0.066262,,63795.685,coinbase,42.115,-0.185,True,,0.185,0.0,-0.0,,,,,,,,
1783714917.602657,913.3535,bid,CANCEL?,63793.5,0.0,,False,,2.9982,,63837.8,-44.3,-0.069395,,,coinbase,,,,,,,,0.0,-0.0,,,,,,
1783714919.713471,915.4643,bid,THESIS,63780.0,,,False,,,,63837.8,,,,,coinbase,,,,,,,,,,0.0,0.0,0.0,1.09,7.92,17.84
1783714923.600925,919.3518,bid,APPEAR,63802.0,0.01,True,False,355,,5.9983,63837.8,-35.8,-0.05608,,63801.915,coinbase,35.885,0.085,True,,-0.085,0.0,-0.0,,,,,,,,
1783714923.600925,919.3518,bid,CANCEL?,63795.5,0.0,,False,,5.9983,,63837.8,-42.3,-0.066262,,,coinbase,,,,,,,,6.23,-6.23,,,,,,
1783714923.600925,919.3518,bid,THESIS,63783.5,,,False,,,,63837.8,,,,,coinbase,,,,,,,,,,0.0,0.0,0.0,3.415,3.775,14.785
1783714925.604963,921.3558,bid,THESIS,63789.5,,,False,,,,63837.8,,,,,coinbase,,,,,,,,,,0.0,0.0,0.0,0.0,4.78,14.2
1783714926.6024818,922.3533,bid,CANCEL?,63802.0,0.0,,False,,3.0016,,63837.8,-35.8,-0.05608,,,coinbase,,,,,,,,-12.26,12.26,,,,,,
1783714927.616745,923.3676,bid,APPEAR,63805.0,0.01,True,False,325,,1.0143,63837.8,-32.8,-0.05138,,63787.995,coinbase,49.805,17.005,True,,-17.005,-1.66,1.66,,,,,,,,
1783714930.6559548,926.4068,bid,THESIS,63793.5,,,False,,,,63837.8,,,,,coinbase,,,,,,,,,,0.0,0.0,0.0,0.0,4.78,-15.6
1783714931.601274,927.3521,bid,CANCEL?,63805.0,0.0,,False,,3.9845,,63837.8,-32.8,-0.05138,,,coinbase,,,,,,,,-12.77,12.77,,,,,,
1783714931.601274,927.3521,bid,APPEAR,63780.5,0.01,True,False,570,,0.0,63837.8,-57.3,-0.089759,,63775.225,coinbase,62.575,5.275,True,,-5.275,-7.085,7.085,,,,,,,,
1783714934.6258812,930.3767,bid,CANCEL?,63780.5,0.0,,False,,3.0246,,63837.8,-57.3,-0.089759,,,coinbase,,,,,,,,1.21,-1.21,,,,,,
1783714934.6258812,930.3767,bid,APPEAR,63776.5,0.01,True,False,610,,0.0,63837.8,-61.3,-0.096025,,63776.435,coinbase,61.365,0.065,True,,-0.065,0.0,-0.0,,,,,,,,
1783714934.6258812,930.3767,bid,THESIS,63795.5,,,False,,,,63837.8,,,,,coinbase,,,,,,,,,,0.0,0.0,0.0,4.78,6.23,-19.25
1783714939.601523,935.3524,bid,APPEAR,63808.5,0.01,True,False,290,,4.9756,63837.8,-29.3,-0.045898,,63808.595,coinbase,29.205,-0.095,True,,0.095,0.0,-0.0,,,,,,,,
1783714939.601523,935.3524,bid,CANCEL?,63776.5,0.0,,False,,4.9756,,63837.8,-61.3,-0.096025,,,coinbase,,,,,,,,32.16,-32.16,,,,,,
1783714939.601523,935.3524,bid,THESIS,63802.0,,,False,,,,63837.8,,,,,coinbase,,,,,,,,,,0.0,0.0,0.0,0.0,-13.92,6.68
1783714943.6032908,939.3541,bid,THESIS,63805.0,,,False,,,,63837.8,,,,,coinbase,,,,,,,,,,0.0,0.0,0.0,-5.685,-11.56,20.6
1783714947.604643,943.3555,bid,THESIS,63780.5,,,False,,,,63837.8,,,,,coinbase,,,,,,,,,,0.0,0.0,0.0,1.21,33.37,33.36
1783714950.8265002,946.5774,bid,JOINED,63808.5,0.018,,False,,11.225,,63837.8,-29.3,-0.045898,,,coinbase,,,,,,,,6.96,-6.96,,,,,,
1783714950.8265002,946.5774,bid,THESIS,63776.5,,,False,,,,63837.8,,,,,coinbase,,,,,,,,,,0.0,0.0,0.0,32.16,32.16,39.12
1783714952.632849,948.3837,bid,APPEAR,63816.5,0.01,True,False,210,,13.0313,63837.8,-21.3,-0.033366,,63852.445,coinbase,-14.645,-35.945,False,,35.945,41.86,-41.86,,,,,,,,
1783714954.600389,950.3512,ask,APPEAR,63851.5,0.01,True,False,134,,333.0719,63837.8,13.7,0.021461,,63850.085,coinbase,-12.285,1.415,True,,1.415,-2.36,-2.36,,,,,,,,
1783714955.6016,951.3525,bid,CANCEL?,63816.5,0.0,,False,,2.9688,,63837.8,-21.3,-0.033366,,,coinbase,,,,,,,,-12.365,12.365,,,,,,
1783714955.6016,951.3525,bid,THESIS,63808.5,,,False,,,,63837.8,,,,,coinbase,,,,,,,,,,0.0,0.0,0.0,0.0,3.19,31.485
1783714957.6010199,953.3519,ask,CANCEL?,63851.5,0.0,,False,,3.0006,,63837.8,13.7,0.021461,,,coinbase,,,,,,,,0.31,0.31,,,,,,
1783714959.976774,955.7276,ask,APPEAR,63855.0,0.01,True,False,169,,2.3758,63837.8,17.2,0.026943,,63804.005,coinbase,33.795,50.995,False,,50.995,-50.22,-50.22,,,,,,,,
1783714960.60023,956.3511,bid,APPEAR,63824.0,0.01,True,False,135,,4.9986,63837.8,-13.8,-0.021617,,63824.685,coinbase,13.115,-0.685,True,,0.685,-29.54,29.54,,,,,,,,
1783714960.60023,956.3511,ask,CANCEL?,63855.0,0.0,,False,,0.6235,,63837.8,17.2,0.026943,,,coinbase,,,,,,,,20.68,20.68,,,,,,
1783714964.6055858,960.3564,bid,CANCEL?,63832.5,0.0,,False,,301.0802,,63837.8,-5.3,-0.008302,,,coinbase,,,,,,,,-5.5,5.5,,,,,,
1783714964.6055858,960.3564,bid,APPEAR,63828.0,0.01,True,False,95,,0.0,63837.8,-9.8,-0.015351,,63828.875,coinbase,8.925,-0.875,True,,0.875,0.0,-0.0,,,,,,,,
1783714964.6055858,960.3564,bid,CANCEL?,63824.0,0.0,,False,,4.0054,,63837.8,-13.8,-0.021617,,,coinbase,,,,,,,,4.19,-4.19,,,,,,
1783714966.0024,961.7533,bid,APPEAR,63828.5,0.01,True,False,90,,1.3968,63837.8,-9.3,-0.014568,,63828.875,coinbase,8.925,-0.375,True,,0.375,0.0,-0.0,,,,,,,,
1783714967.600658,963.3515,bid,CANCEL?,63828.5,0.0,,False,,1.5983,,63837.8,-9.3,-0.014568,,,coinbase,,,,,,,,-12.39,12.39,,,,,,
1783714967.600658,963.3515,bid,APPEAR,63816.5,0.01,True,False,210,,0.0,63837.8,-21.3,-0.033366,,63816.485,coinbase,21.315,0.015,True,,-0.015,-8.005,8.005,,,,,,,,
1783714968.600479,964.3513,bid,THESIS,63816.5,,,False,,,,63837.8,,,,,coinbase,,,,,,,,,,0.0,0.0,0.0,-2.36,1.78,-35.96
1783714970.602556,966.3534,ask,THESIS,63851.5,,,False,,,,63837.8,,,,,coinbase,,,,,,,,,,0.0,0.0,0.0,-10.005,-46.08,-33.6
1783714974.599675,970.3505,bid,CANCEL?,63816.5,0.0,,False,,6.999,,63837.8,-21.3,-0.033366,,,coinbase,,,,,,,,-3.4,3.4,,,,,,
1783714974.599675,970.3505,bid,APPEAR,63813.0,0.01,True,False,245,,0.0,63837.8,-24.8,-0.038848,,63813.085,coinbase,24.715,-0.085,True,,0.085,-3.4,3.4,,,,,,,,
1783714975.600517,971.3514,ask,THESIS,63855.0,,,False,,,,63837.8,,,,,coinbase,,,,,,,,,,0.0,0.0,0.0,23.825,24.87,9.08
1783714975.600517,971.3514,bid,THESIS,63824.0,,,False,,,,63837.8,,,,,coinbase,,,,,,,,,,0.0,0.0,0.0,3.145,4.19,-11.6
1783714980.59992,976.3508,bid,THESIS,63828.0,,,False,,,,63837.8,,,,,coinbase,,,,,,,,,,0.0,0.0,0.0,0.0,-12.39,-16.03
1783714981.600605,977.3515,bid,CANCEL?,63813.0,0.0,,False,,7.0009,,63837.8,-24.8,-0.038848,,,coinbase,,,,,,,,-0.24,0.24,,,,,,
1783714981.600605,977.3515,bid,APPEAR,63812.5,0.01,True,False,250,,0.0,63837.8,-25.3,-0.039632,,63812.845,coinbase,24.955,-0.345,True,,0.345,0.0,-0.0,,,,,,,,
1783714981.600605,977.3515,bid,THESIS,63828.5,,,False,,,,63837.8,,,,,coinbase,,,,,,,,,,0.0,0.0,0.0,-12.39,-12.39,-16.03
1783714984.599744,980.3506,bid,THESIS,63816.5,,,False,,,,63837.8,,,,,coinbase,,,,,,,,,,0.0,0.0,0.0,0.0,-3.4,-6.67
1783714985.5997329,981.3506,bid,CANCEL?,63812.5,0.0,,False,,3.9991,,63837.8,-25.3,-0.039632,,,coinbase,,,,,,,,-3.03,3.03,,,,,,
1783714985.5997329,981.3506,bid,APPEAR,63809.5,0.01,True,False,280,,0.0,63837.8,-28.3,-0.044331,,63809.815,coinbase,27.985,-0.315,True,,0.315,0.0,-0.0,,,,,,,,
1783714991.609931,987.3608,bid,THESIS,63813.0,,,False,,,,63837.8,,,,,coinbase,,,,,,,,,,0.0,0.0,0.0,0.0,0.0,-5.735
1783714993.6202939,989.3711,bid,CANCEL?,63809.5,0.0,,False,,8.0206,,63837.8,-28.3,-0.044331,,,coinbase,,,,,,,,-4.76,4.76,,,,,,
1783714993.6202939,989.3711,bid,APPEAR,63806.5,0.01,True,False,310,,0.0,63837.8,-31.3,-0.049031,,63805.055,coinbase,32.745,1.445,True,,-1.445,-2.295,2.295,,,,,,,,
1783714996.638036,992.3889,bid,CANCEL?,63806.5,0.0,,False,,3.0177,,63837.8,-31.3,-0.049031,,,coinbase,,,,,,,,0.0,-0.0,,,,,,
1783714996.638036,992.3889,bid,APPEAR,63805.0,0.01,True,False,325,,0.0,63837.8,-32.8,-0.05138,,63805.055,coinbase,32.745,-0.055,True,,0.055,0.0,-0.0,,,,,,,,
1783714996.638036,992.3889,bid,THESIS,63812.5,,,False,,,,63837.8,,,,,coinbase,,,,,,,,,,0.0,0.0,0.0,-3.03,-5.495,-7.79
1783715001.603345,997.3542,bid,THESIS,63809.5,,,False,,,,63837.8,,,,,coinbase,,,,,,,,,,0.0,0.0,0.0,-2.465,-2.465,-35.44
1783715003.599463,999.3503,bid,CANCEL?,63805.0,0.0,,False,,6.9614,,63837.8,-32.8,-0.05138,,,coinbase,,,,,,,,-30.69,30.69,,,,,,
1783715003.599463,999.3503,bid,APPEAR,63774.0,0.01,True,False,635,,0.0,63837.8,-63.8,-0.099941,,63774.365,coinbase,63.435,-0.365,True,,0.365,-0.01,0.01,,,,,,,,
1783715007.59895,1003.3498,bid,CANCEL?,63774.0,0.0,,False,,3.9995,,63837.8,-63.8,-0.099941,,,coinbase,,,,,,,,-2.4,2.4,,,,,,
1783715007.59895,1003.3498,bid,APPEAR,63772.0,0.01,True,False,655,,0.0,63837.8,-65.8,-0.103074,,63771.965,coinbase,65.835,0.035,True,,-0.035,0.0,-0.0,,,,,,,,
1783715011.6013079,1007.3522,bid,THESIS,63806.5,,,False,,,,63837.8,,,,,coinbase,,,,,,,,,,0.0,0.0,0.0,0.0,-30.68,-35.89
1783715012.7566159,1008.5075,bid,CANCEL?,63772.0,0.0,,False,,5.1577,,63837.8,-65.8,-0.103074,,,coinbase,,,,,,,,-5.99,5.99,,,,,,
1783715012.7566159,1008.5075,bid,APPEAR,63766.0,0.01,True,False,715,,0.0,63837.8,-71.8,-0.112473,,63765.975,coinbase,71.825,0.025,True,,-0.025,-3.19,3.19,,,,,,,,
1783715012.7566159,1008.5075,bid,THESIS,63805.0,,,False,,,,63837.8,,,,,coinbase,,,,,,,,,,0.0,0.0,0.0,-30.68,-30.69,-39.08
1783715019.613826,1015.3647,bid,APPEAR,63776.5,0.01,True,False,610,,6.8572,63837.8,-61.3,-0.096025,,63776.425,coinbase,61.375,0.075,True,,-0.075,0.0,-0.0,,,,,,,,
1783715019.613826,1015.3647,bid,CANCEL?,63766.0,0.0,,False,,6.8572,,63837.8,-71.8,-0.112473,,,coinbase,,,,,,,,10.45,-10.45,,,,,,
1783715019.613826,1015.3647,bid,THESIS,63774.0,,,False,,,,63837.8,,,,,coinbase,,,,,,,,,,0.0,0.0,0.0,-2.61,-5.2,2.06
1783715024.598783,1020.3496,bid,CANCEL?,63776.5,0.0,,False,,4.985,,63837.8,-61.3,-0.096025,,,coinbase,,,,,,,,-24.82,24.82,,,,,,
1783715024.598783,1020.3496,bid,APPEAR,63755.0,0.01,True,False,825,,0.0,63837.8,-82.8,-0.129704,,63751.605,coinbase,86.195,3.395,True,,-3.395,-4.025,4.025,,,,,,,,
1783715024.598783,1020.3496,bid,THESIS,63772.0,,,False,,,,63837.8,,,,,coinbase,,,,,,,,,,0.0,0.0,0.0,-2.8,-5.99,-20.36
1783715027.5988622,1023.3497,bid,CANCEL?,63755.0,0.0,,False,,3.0001,,63837.8,-82.8,-0.129704,,,coinbase,,,,,,,,0.0,-0.0,,,,,,
1783715027.5988622,1023.3497,bid,APPEAR,63751.5,0.01,True,False,860,,0.0,63837.8,-86.3,-0.135186,,63751.605,coinbase,86.195,-0.105,True,,0.105,0.0,-0.0,,,,,,,,
1783715030.5982668,1026.3491,bid,THESIS,63766.0,,,False,,,,63837.8,,,,,coinbase,,,,,,,,,,0.0,0.0,0.0,0.0,10.45,-5.56
1783715032.6006699,1028.3515,bid,APPEAR,63760.5,0.01,True,False,770,,5.0018,63837.8,-77.3,-0.121088,,63760.415,coinbase,77.385,0.085,True,,-0.085,0.0,-0.0,,,,,,,,
1783715032.6006699,1028.3515,bid,CANCEL?,63751.5,0.0,,False,,5.0018,,63837.8,-86.3,-0.135186,,,coinbase,,,,,,,,8.81,-8.81,,,,,,
1783715035.598436,1031.3493,bid,THESIS,63776.5,,,False,,,,63837.8,,,,,coinbase,,,,,,,,,,0.0,0.0,0.0,0.0,-24.82,-16.01
1783715040.6005208,1036.3514,bid,THESIS,63755.0,,,False,,,,63837.8,,,,,coinbase,,,,,,,,,,0.0,0.0,0.0,0.0,8.81,17.55
1783715041.599209,1037.3501,bid,APPEAR,63769.0,0.01,True,False,685,,8.9985,63837.8,-68.8,-0.107773,,63769.155,coinbase,68.645,-0.155,True,,0.155,0.0,-0.0,,,,,,,,
1783715041.599209,1037.3501,bid,CANCEL?,63760.5,0.0,,False,,8.9985,,63837.8,-77.3,-0.121088,,,coinbase,,,,,,,,8.74,-8.74,,,,,,
1783715042.601024,1038.3519,bid,THESIS,63751.5,,,False,,,,63837.8,,,,,coinbase,,,,,,,,,,0.0,0.0,0.0,8.81,8.81,17.55
1783715047.601652,1043.3525,bid,THESIS,63760.5,,,False,,,,63837.8,,,,,coinbase,,,,,,,,,,0.0,0.0,0.0,0.0,8.74,8.74
1783715051.598072,1047.3489,bid,CANCEL?,63769.0,0.0,,False,,9.9989,,63837.8,-68.8,-0.107773,,,coinbase,,,,,,,,-11.12,11.12,,,,,,
1783715051.598072,1047.3489,bid,APPEAR,63759.0,0.01,True,False,785,,0.0,63837.8,-78.8,-0.123438,,63758.035,coinbase,79.765,0.965,True,,-0.965,-1.315,1.315,,,,,,,,
1783715054.598499,1050.3494,bid,APPEAR,63759.5,0.01,True,False,780,,3.0004,63837.8,-78.3,-0.122655,,63759.895,coinbase,77.905,-0.395,True,,0.395,0.0,-0.0,,,,,,,,
1783715054.598499,1050.3494,bid,CANCEL?,63759.0,0.0,,False,,3.0004,,63837.8,-78.8,-0.123438,,,coinbase,,,,,,,,1.86,-1.86,,,,,,
1783715057.597198,1053.3481,bid,CANCEL?,63759.5,0.0,,False,,2.9987,,63837.8,-78.3,-0.122655,,,coinbase,,,,,,,,-4.53,4.53,,,,,,
1783715057.597198,1053.3481,bid,THESIS,63769.0,,,False,,,,63837.8,,,,,coinbase,,,,,,,,,,0.0,0.0,0.0,0.0,0.0,-13.79
1783715058.598918,1054.3498,bid,APPEAR,63754.5,0.01,True,False,830,,1.0017,63837.8,-83.3,-0.130487,,63752.745,coinbase,85.055,1.755,True,,-1.755,-2.62,2.62,,,,,,,,
1783715061.60127,1057.3521,bid,CANCEL?,63754.5,0.0,,False,,3.0024,,63837.8,-83.3,-0.130487,,,coinbase,,,,,,,,-5.725,5.725,,,,,,
1783715061.60127,1057.3521,bid,APPEAR,63752.5,0.01,True,False,850,,0.0,63837.8,-85.3,-0.13362,,63747.02,coinbase,90.78,5.48,True,,-5.48,-5.775,5.775,,,,,,,,
1783715064.620012,1060.3709,bid,CANCEL?,63752.5,0.0,,False,,3.0187,,63837.8,-85.3,-0.13362,,,coinbase,,,,,,,,4.8,-4.8,,,,,,
1783715064.620012,1060.3709,bid,APPEAR,63750.5,0.01,True,False,870,,0.0,63837.8,-87.3,-0.136753,,63751.82,coinbase,85.98,-1.32,True,,1.32,-0.385,0.385,,,,,,,,
1783715066.861729,1062.6126,bid,THESIS,63759.0,,,False,,,,63837.8,,,,,coinbase,,,,,,,,,,0.0,0.0,0.0,1.86,-2.67,-6.215
1783715067.597107,1063.348,bid,CANCEL?,63750.5,0.0,,False,,2.9771,,63837.8,-87.3,-0.136753,,,coinbase,,,,,,,,0.155,-0.155,,,,,,
1783715068.597827,1064.3487,bid,APPEAR,63752.0,0.01,True,False,855,,1.0007,63837.8,-85.8,-0.134403,,63751.975,coinbase,85.825,0.025,True,,-0.025,0.0,-0.0,,,,,,,,
1783715069.6017542,1065.3526,bid,THESIS,63759.5,,,False,,,,63837.8,,,,,coinbase,,,,,,,,,,0.0,0.0,0.0,-5.57,-7.1,-7.92
1783715072.22526,1067.9761,bid,CANCEL?,63752.0,0.0,,False,,3.6274,,63837.8,-85.8,-0.134403,,,coinbase,,,,,,,,-10.88,10.88,,,,,,
1783715072.22526,1067.9761,bid,APPEAR,63741.0,0.01,True,False,965,,0.0,63837.8,-96.8,-0.151634,,63741.095,coinbase,96.705,-0.095,True,,0.095,0.0,-0.0,,,,,,,,
1783715085.597186,1081.348,bid,THESIS,63754.5,,,False,,,,63837.8,,,,,coinbase,,,,,,,,,,0.0,0.0,0.0,0.05,-0.925,-0.54
1783715085.597186,1081.348,bid,THESIS,63752.5,,,False,,,,63837.8,,,,,coinbase,,,,,,,,,,0.0,0.0,0.0,4.8,4.8,5.185
1783715085.597186,1081.348,bid,THESIS,63750.5,,,False,,,,63837.8,,,,,coinbase,,,,,,,,,,0.0,0.0,0.0,0.0,-10.725,0.385
1783715085.597186,1081.348,bid,THESIS,63752.0,,,False,,,,63837.8,,,,,coinbase,,,,,,,,,,0.0,0.0,0.0,0.0,0.23,0.23
1783715086.596498,1082.3474,bid,APPEAR,63752.0,0.01,True,False,855,,14.3712,63837.8,-85.8,-0.134403,,63752.205,coinbase,85.595,-0.205,True,,0.205,0.0,-0.0,,,,,,,,
1783715086.596498,1082.3474,bid,CANCEL?,63741.0,0.0,,False,,14.3712,,63837.8,-96.8,-0.151634,,,coinbase,,,,,,,,11.11,-11.11,,,,,,
1783715088.5965672,1084.3474,bid,THESIS,63741.0,,,False,,,,63837.8,,,,,coinbase,,,,,,,,,,0.0,0.0,0.0,11.11,11.11,11.11
1783715093.596056,1089.3469,bid,CANCEL?,63752.0,0.0,,False,,6.9996,,63837.8,-85.8,-0.134403,,,coinbase,,,,,,,,-12.21,12.21,,,,,,
1783715093.596056,1089.3469,bid,APPEAR,63734.0,0.01,True,False,1035,,0.0,63837.8,-103.8,-0.1626,,63739.995,coinbase,97.805,-5.995,True,,5.995,4.61,-4.61,,,,,,,,
1783715096.5967512,1092.3476,bid,APPEAR,63738.0,0.01,True,False,995,,3.0007,63837.8,-99.8,-0.156334,,63738.005,coinbase,99.795,-0.005,True,,0.005,0.0,-0.0,,,,,,,,
1783715096.5967512,1092.3476,bid,CANCEL?,63734.0,0.0,,False,,3.0007,,63837.8,-103.8,-0.1626,,,coinbase,,,,,,,,-1.99,1.99,,,,,,
1783715099.596545,1095.3474,bid,CANCEL?,63738.0,0.0,,False,,2.9998,,63837.8,-99.8,-0.156334,,,coinbase,,,,,,,,-3.16,3.16,,,,,,
1783715099.596545,1095.3474,bid,APPEAR,63734.5,0.01,True,False,1030,,0.0,63837.8,-103.3,-0.161816,,63734.845,coinbase,102.955,-0.345,True,,0.345,0.0,-0.0,,,,,,,,
1783715102.596899,1098.3478,bid,THESIS,63752.0,,,False,,,,63837.8,,,,,coinbase,,,,,,,,,,0.0,0.0,0.0,0.0,-16.82,-21.39
1783715104.6033862,1100.3542,bid,CANCEL?,63734.5,0.0,,False,,5.0068,,63837.8,-103.3,-0.161816,,,coinbase,,,,,,,,-4.3,4.3,,,,,,
1783715104.6033862,1100.3542,bid,APPEAR,63730.5,0.01,True,False,1070,,0.0,63837.8,-107.3,-0.168082,,63730.545,coinbase,107.255,-0.045,True,,0.045,-0.27,0.27,,,,,,,,
1783715110.5968661,1106.3477,bid,APPEAR,63736.0,0.01,True,False,1015,,5.9935,63837.8,-101.8,-0.159467,,63740.035,coinbase,97.765,-4.035,True,,4.035,3.64,-3.64,,,,,,,,
1783715110.5968661,1106.3477,bid,CANCEL?,63730.5,0.0,,False,,5.9935,,63837.8,-107.3,-0.168082,,,coinbase,,,,,,,,9.49,-9.49,,,,,,
1783715110.5968661,1106.3477,bid,THESIS,63734.0,,,False,,,,63837.8,,,,,coinbase,,,,,,,,,,0.0,0.0,0.0,-1.99,-5.15,0.04
1783715112.623698,1108.3746,bid,THESIS,63738.0,,,False,,,,63837.8,,,,,coinbase,,,,,,,,,,0.0,0.0,0.0,-3.16,-7.19,-1.79
1783715114.596164,1110.347,bid,APPEAR,63740.0,0.01,True,False,975,,3.9993,63837.8,-97.8,-0.153201,,63758.235,coinbase,79.565,-18.235,True,,18.235,18.2,-18.2,,,,,,,,
1783715114.596164,1110.347,bid,CANCEL?,63736.0,0.0,,False,,3.9993,,63837.8,-101.8,-0.159467,,,coinbase,,,,,,,,18.2,-18.2,,,,,,
1783715115.599143,1111.35,bid,THESIS,63734.5,,,False,,,,63837.8,,,,,coinbase,,,,,,,,,,0.0,0.0,0.0,-4.03,-4.3,23.39
1783715117.596677,1113.3475,bid,APPEAR,63755.5,0.01,True,False,820,,3.0005,63837.8,-82.3,-0.12892,,63750.585,coinbase,87.215,4.915,True,,-4.915,-7.65,7.65,,,,,,,,
1783715117.596677,1113.3475,bid,CANCEL?,63740.0,0.0,,False,,3.0005,,63837.8,-97.8,-0.153201,,,coinbase,,,,,,,,-7.65,7.65,,,,,,
1783715120.5958028,1116.3467,bid,CANCEL?,63755.5,0.0,,False,,2.9991,,63837.8,-82.3,-0.12892,,,coinbase,,,,,,,,0.68,-0.68,,,,,,
1783715120.5958028,1116.3467,bid,APPEAR,63750.5,0.01,True,False,870,,0.0,63837.8,-87.3,-0.136753,,63751.265,coinbase,86.535,-0.765,True,,0.765,0.68,-0.68,,,,,,,,
1783715120.5958028,1116.3467,bid,THESIS,63730.5,,,False,,,,63837.8,,,,,coinbase,,,,,,,,,,0.0,0.0,0.0,0.0,9.49,20.72
1783715123.595598,1119.3465,bid,APPEAR,63753.0,0.01,True,False,845,,2.9998,63837.8,-84.8,-0.132837,,63752.995,coinbase,84.805,0.005,True,,-0.005,0.0,-0.0,,,,,,,,
1783715123.595598,1119.3465,bid,CANCEL?,63750.5,0.0,,False,,2.9998,,63837.8,-87.3,-0.136753,,,coinbase,,,,,,,,1.73,-1.73,,,,,,
1783715127.595636,1123.3465,bid,APPEAR,63757.0,0.01,True,False,805,,4.0,63837.8,-80.8,-0.126571,,63756.955,coinbase,80.845,0.045,True,,-0.045,0.0,-0.0,,,,,,,,
1783715127.595636,1123.3465,bid,CANCEL?,63753.0,0.0,,False,,4.0,,63837.8,-84.8,-0.132837,,,coinbase,,,,,,,,3.96,-3.96,,,,,,
1783715127.595636,1123.3465,bid,THESIS,63736.0,,,False,,,,63837.8,,,,,coinbase,,,,,,,,,,0.0,0.0,0.0,-3.82,18.2,16.92
1783715132.5960479,1128.3469,bid,THESIS,63740.0,,,False,,,,63837.8,,,,,coinbase,,,,,,,,,,0.0,0.0,0.0,0.0,-6.97,-1.25
1783715133.595739,1129.3466,bid,THESIS,63755.5,,,False,,,,63837.8,,,,,coinbase,,,,,,,,,,0.0,0.0,0.0,0.0,2.41,-18.79
1783715134.5966442,1130.3475,bid,CANCEL?,63757.0,0.0,,False,,7.001,,63837.8,-80.8,-0.126571,,,coinbase,,,,,,,,-25.17,25.17,,,,,,
1783715134.5966442,1130.3475,bid,APPEAR,63731.5,0.01,True,False,1060,,0.0,63837.8,-106.3,-0.166516,,63731.785,coinbase,106.015,-0.285,True,,0.285,-0.01,0.01,,,,,,,,
1783715135.59934,1131.3502,bid,THESIS,63750.5,,,False,,,,63837.8,,,,,coinbase,,,,,,,,,,0.0,0.0,0.0,1.73,5.69,-19.48
1783715139.627269,1135.3781,bid,CANCEL?,63731.5,0.0,,False,,5.0306,,63837.8,-106.3,-0.166516,,,coinbase,,,,,,,,-12.66,12.66,,,,,,
1783715139.627269,1135.3781,bid,APPEAR,63719.0,0.01,True,False,1185,,0.0,63837.8,-118.8,-0.186097,,63719.125,coinbase,118.675,-0.125,True,,0.125,3.37,-3.37,,,,,,,,
1783715139.627269,1135.3781,bid,THESIS,63753.0,,,False,,,,63837.8,,,,,coinbase,,,,,,,,,,0.0,0.0,0.0,3.96,3.96,-33.87
1783715142.6158662,1138.3667,bid,THESIS,63757.0,,,False,,,,63837.8,,,,,coinbase,,,,,,,,,,0.0,0.0,0.0,0.0,0.03,-37.83
1783715144.595307,1140.3462,bid,CANCEL?,63719.0,0.0,,False,,4.968,,63837.8,-118.8,-0.186097,,,coinbase,,,,,,,,-11.955,11.955,,,,,,
1783715144.595307,1140.3462,bid,APPEAR,63706.5,0.01,True,False,1310,,0.0,63837.8,-131.3,-0.205678,,63707.17,coinbase,130.63,-0.67,True,,0.67,0.0,-0.0,,,,,,,,
1783715147.5956469,1143.3465,bid,CANCEL?,63706.5,0.0,,False,,3.0003,,63837.8,-131.3,-0.205678,,,coinbase,,,,,,,,-3.175,3.175,,,,,,
1783715147.5956469,1143.3465,bid,APPEAR,63704.0,0.01,True,False,1335,,0.0,63837.8,-133.8,-0.209594,,63703.995,coinbase,133.805,0.005,True,,-0.005,0.0,-0.0,,,,,,,,
1783715150.597926,1146.3488,bid,CANCEL?,63704.0,0.0,,False,,3.0023,,63837.8,-133.8,-0.209594,,,coinbase,,,,,,,,-8.67,8.67,,,,,,
1783715150.597926,1146.3488,bid,APPEAR,63695.0,0.01,True,False,1425,,0.0,63837.8,-142.8,-0.223692,,63695.325,coinbase,142.475,-0.325,True,,0.325,0.0,-0.0,,,,,,,,
1783715150.597926,1146.3488,bid,THESIS,63731.5,,,False,,,,63837.8,,,,,coinbase,,,,,,,,,,0.0,0.0,0.0,0.0,-12.66,-36.46
1783715153.595596,1149.3465,bid,CANCEL?,63695.0,0.0,,False,,2.9977,,63837.8,-142.8,-0.223692,,,coinbase,,,,,,,,-19.33,19.33,,,,,,
1783715154.597606,1150.3485,bid,APPEAR,63676.0,0.01,True,False,1615,,1.002,63837.8,-161.8,-0.253455,,63679.895,coinbase,157.905,-3.895,True,,3.895,3.9,-3.9,,,,,,,,
1783715155.612973,1151.3638,bid,THESIS,63719.0,,,False,,,,63837.8,,,,,coinbase,,,,,,,,,,0.0,0.0,0.0,0.0,-15.13,-39.23
1783715157.595756,1153.3466,bid,APPEAR,63679.5,0.01,True,False,1580,,4.0002,63837.8,-158.3,-0.247972,,63679.895,coinbase,157.905,-0.395,True,,0.395,0.0,-0.0,,,,,,,,
1783715157.595756,1153.3466,bid,CANCEL?,63676.0,0.0,,False,,2.9982,,63837.8,-161.8,-0.253455,,,coinbase,,,,,,,,0.0,-0.0,,,,,,
1783715159.596939,1155.3478,bid,THESIS,63706.5,,,False,,,,63837.8,,,,,coinbase,,,,,,,,,,0.0,0.0,0.0,-3.175,-11.845,-33.445
1783715162.595823,1158.3467,bid,CANCEL?,63679.5,0.0,,False,,5.0001,,63837.8,-158.3,-0.247972,,,coinbase,,,,,,,,-6.17,6.17,,,,,,
1783715162.595823,1158.3467,bid,APPEAR,63673.5,0.01,True,False,1640,,0.0,63837.8,-164.3,-0.257371,,63673.725,coinbase,164.075,-0.225,True,,0.225,0.0,-0.0,,,,,,,,
1783715162.595823,1158.3467,bid,THESIS,63704.0,,,False,,,,63837.8,,,,,coinbase,,,,,,,,,,0.0,0.0,0.0,-8.67,-28.0,-30.27
1783715167.594337,1163.3452,bid,CANCEL?,63673.5,0.0,,False,,4.9985,,63837.8,-164.3,-0.257371,,,coinbase,,,,,,,,-16.02,16.02,,,,,,
1783715167.594337,1163.3452,bid,APPEAR,63657.5,0.01,True,False,1800,,0.0,63837.8,-180.3,-0.282435,,63657.705,coinbase,180.095,-0.205,True,,0.205,0.0,-0.0,,,,,,,,
1783715167.594337,1163.3452,bid,THESIS,63695.0,,,False,,,,63837.8,,,,,coinbase,,,,,,,,,,0.0,0.0,0.0,-16.475,-15.43,-37.62
1783715170.594527,1166.3454,bid,THESIS,63676.0,,,False,,,,63837.8,,,,,coinbase,,,,,,,,,,0.0,0.0,0.0,0.0,-6.17,-14.43
1783715172.5939379,1168.3448,bid,APPEAR,63667.0,0.01,True,False,1705,,4.9996,63837.8,-170.8,-0.267553,,63645.795,coinbase,192.005,21.205,True,,-21.205,-21.43,21.43,,,,,,,,
1783715172.5939379,1168.3448,bid,CANCEL?,63657.5,0.0,,False,,4.9996,,63837.8,-180.3,-0.282435,,,coinbase,,,,,,,,-11.91,11.91,,,,,,
1783715173.5945501,1169.3454,bid,THESIS,63679.5,,,False,,,,63837.8,,,,,coinbase,,,,,,,,,,0.0,0.0,0.0,-6.17,-6.17,-31.03
1783715175.5954401,1171.3463,bid,CANCEL?,63667.0,0.0,,False,,3.0015,,63837.8,-170.8,-0.267553,,,coinbase,,,,,,,,8.16,-8.16,,,,,,
1783715175.5954401,1171.3463,bid,APPEAR,63653.0,0.01,True,False,1845,,0.0,63837.8,-184.8,-0.289484,,63653.955,coinbase,183.845,-0.955,True,,0.955,0.66,-0.66,,,,,,,,
1783715178.5939589,1174.3448,bid,CANCEL?,63653.0,0.0,,False,,2.9985,,63837.8,-184.8,-0.289484,,,coinbase,,,,,,,,-1.97,1.97,,,,,,
1783715178.5939589,1174.3448,bid,APPEAR,63652.0,0.01,True,False,1855,,0.0,63837.8,-185.8,-0.29105,,63651.985,coinbase,185.815,0.015,True,,-0.015,0.0,-0.0,,,,,,,,
1783715178.5939589,1174.3448,bid,THESIS,63673.5,,,False,,,,63837.8,,,,,coinbase,,,,,,,,,,0.0,0.0,0.0,-16.02,-8.26,-21.74
1783715181.59996,1177.3508,bid,CANCEL?,63652.0,0.0,,False,,3.006,,63837.8,-185.8,-0.29105,,,coinbase,,,,,,,,-20.74,20.74,,,,,,
1783715181.59996,1177.3508,bid,APPEAR,63630.5,0.01,True,False,2070,,0.0,63837.8,-207.3,-0.324729,,63631.245,coinbase,206.555,-0.745,True,,0.745,2.4,-2.4,,,,,,,,
1783715183.5971541,1179.348,bid,THESIS,63657.5,,,False,,,,63837.8,,,,,coinbase,,,,,,,,,,0.0,0.0,0.0,7.76,-8.84,-25.72
1783715184.596941,1180.3478,bid,APPEAR,63632.0,0.01,True,False,2055,,2.997,63837.8,-205.8,-0.32238,,63627.855,coinbase,209.945,4.145,True,,-4.145,-4.13,4.13,,,,,,,,
1783715184.596941,1180.3478,bid,CANCEL?,63630.5,0.0,,False,,2.997,,63837.8,-207.3,-0.324729,,,coinbase,,,,,,,,-3.39,3.39,,,,,,
1783715187.597941,1183.3488,bid,THESIS,63667.0,,,False,,,,63837.8,,,,,coinbase,,,,,,,,,,0.0,0.0,0.0,3.07,6.19,-26.535
1783715189.5941608,1185.345,bid,CANCEL?,63632.0,0.0,,False,,4.9972,,63837.8,-205.8,-0.32238,,,coinbase,,,,,,,,-6.5,6.5,,,,,,
1783715189.5941608,1185.345,bid,APPEAR,63621.0,0.01,True,False,2165,,0.0,63837.8,-216.8,-0.339611,,63621.355,coinbase,216.445,-0.355,True,,0.355,2.095,-2.095,,,,,,,,
1783715191.594523,1187.3454,bid,THESIS,63653.0,,,False,,,,63837.8,,,,,coinbase,,,,,,,,,,0.0,0.0,0.0,0.0,-25.11,-30.64
1783715192.593709,1188.3446,bid,APPEAR,63623.0,0.01,True,False,2145,,2.9995,63837.8,-214.8,-0.336478,,63623.315,coinbase,214.485,-0.315,True,,0.315,0.0,-0.0,,,,,,,,
1783715192.593709,1188.3446,bid,CANCEL?,63621.0,0.0,,False,,2.9995,,63837.8,-216.8,-0.339611,,,coinbase,,,,,,,,1.96,-1.96,,,,,,
1783715194.59292,1190.3438,bid,THESIS,63652.0,,,False,,,,63837.8,,,,,coinbase,,,,,,,,,,0.0,0.0,0.0,-25.735,-20.0,-24.96
1783715196.595414,1192.3463,bid,APPEAR,63630.5,0.01,True,False,2070,,4.0017,63837.8,-207.3,-0.324729,,63630.835,coinbase,206.965,-0.335,True,,0.335,0.0,-0.0,,,,,,,,
1783715196.595414,1192.3463,bid,CANCEL?,63623.0,0.0,,False,,4.0017,,63837.8,-214.8,-0.336478,,,coinbase,,,,,,,,7.52,-7.52,,,,,,
1783715197.593788,1193.3446,bid,THESIS,63630.5,,,False,,,,63837.8,,,,,coinbase,,,,,,,,,,0.0,0.0,0.0,0.74,-11.985,-0.41
1783715200.594335,1196.3452,bid,THESIS,63632.0,,,False,,,,63837.8,,,,,coinbase,,,,,,,,,,0.0,0.0,0.0,-8.595,-4.54,10.26
1783715201.830913,1197.5818,bid,APPEAR,63638.0,0.01,True,False,1995,,5.2355,63837.8,-199.8,-0.312981,,63638.115,coinbase,199.685,-0.115,True,,0.115,0.0,-0.0,,,,,,,,
1783715201.830913,1197.5818,bid,CANCEL?,63630.5,0.0,,False,,5.2355,,63837.8,-207.3,-0.324729,,,coinbase,,,,,,,,7.28,-7.28,,,,,,
1783715208.5931132,1204.344,bid,APPEAR,63649.0,0.01,True,False,1885,,6.7622,63837.8,-188.8,-0.29575,,63649.605,coinbase,188.195,-0.605,True,,0.605,0.57,-0.57,,,,,,,,
1783715208.5931132,1204.344,bid,CANCEL?,63638.0,0.0,,False,,6.7622,,63837.8,-199.8,-0.312981,,,coinbase,,,,,,,,11.49,-11.49,,,,,,
1783715208.5931132,1204.344,bid,THESIS,63621.0,,,False,,,,63837.8,,,,,coinbase,,,,,,,,,,0.0,0.0,0.0,1.96,9.48,28.25
1783715208.5931132,1204.344,bid,THESIS,63623.0,,,False,,,,63837.8,,,,,coinbase,,,,,,,,,,0.0,0.0,0.0,3.71,7.52,26.29
1783715211.597064,1207.3479,bid,APPEAR,63662.5,0.01,True,False,1750,,3.004,63837.8,-175.3,-0.274602,,63662.505,coinbase,175.295,-0.005,True,,0.005,2.55,-2.55,,,,,,,,
1783715211.597064,1207.3479,bid,CANCEL?,63649.0,0.0,,False,,3.004,,63837.8,-188.8,-0.29575,,,coinbase,,,,,,,,12.9,-12.9,,,,,,
1783715211.597064,1207.3479,bid,THESIS,63630.5,,,False,,,,63837.8,,,,,coinbase,,,,,,,,,,0.0,0.0,0.0,0.0,7.28,31.67
1783715214.59436,1210.3452,bid,APPEAR,63664.0,0.01,True,False,1735,,2.9973,63837.8,-173.8,-0.272252,,63666.145,coinbase,171.655,-2.145,True,,2.145,2.55,-2.55,,,,,,,,
1783715214.59436,1210.3452,bid,CANCEL?,63662.5,0.0,,False,,2.9973,,63837.8,-175.3,-0.274602,,,coinbase,,,,,,,,3.64,-3.64,,,,,,
1783715217.595943,1213.3468,bid,CANCEL?,63664.0,0.0,,False,,3.0016,,63837.8,-173.8,-0.272252,,,coinbase,,,,,,,,5.41,-5.41,,,,,,
1783715217.595943,1213.3468,bid,THESIS,63638.0,,,False,,,,63837.8,,,,,coinbase,,,,,,,,,,0.0,0.0,0.0,0.0,11.49,33.44
1783715218.5930638,1214.3439,bid,APPEAR,63671.5,0.01,True,False,1660,,0.9971,63837.8,-166.3,-0.260504,,63676.335,coinbase,161.465,-4.835,True,,4.835,4.78,-4.78,,,,,,,,
1783715221.594074,1217.3449,bid,APPEAR,63676.0,0.01,True,False,1615,,3.9981,63837.8,-161.8,-0.253455,,63678.835,coinbase,158.965,-2.835,True,,2.835,2.5,-2.5,,,,,,,,
1783715221.594074,1217.3449,bid,CANCEL?,63671.5,0.0,,False,,3.001,,63837.8,-166.3,-0.260504,,,coinbase,,,,,,,,2.5,-2.5,,,,,,
1783715223.593965,1219.3448,bid,THESIS,63649.0,,,False,,,,63837.8,,,,,coinbase,,,,,,,,,,0.0,0.0,0.0,10.35,16.54,33.09
1783715224.593163,1220.344,bid,CANCEL?,63676.0,0.0,,False,,2.9991,,63837.8,-161.8,-0.253455,,,coinbase,,,,,,,,6.6,-6.6,,,,,,
1783715225.5938969,1221.3448,bid,APPEAR,63685.5,0.01,True,False,1520,,1.0007,63837.8,-152.3,-0.238573,,63685.435,coinbase,152.365,0.065,True,,-0.065,0.0,-0.0,,,,,,,,
1783715228.5922828,1224.3431,bid,CANCEL?,63685.5,0.0,,False,,2.9984,,63837.8,-152.3,-0.238573,,,coinbase,,,,,,,,-21.72,21.72,,,,,,
1783715228.5922828,1224.3431,bid,APPEAR,63663.5,0.01,True,False,1740,,0.0,63837.8,-174.3,-0.273036,,63663.715,coinbase,174.085,-0.215,True,,0.215,0.0,-0.0,,,,,,,,
1783715228.5922828,1224.3431,bid,THESIS,63662.5,,,False,,,,63837.8,,,,,coinbase,,,,,,,,,,0.0,0.0,0.0,1.09,9.05,1.21
1783715230.592248,1226.3431,bid,THESIS,63664.0,,,False,,,,63837.8,,,,,coinbase,,,,,,,,,,0.0,0.0,0.0,1.09,10.19,-2.43
1783715234.5960839,1230.3469,bid,THESIS,63671.5,,,False,,,,63837.8,,,,,coinbase,,,,,,,,,,0.0,0.0,0.0,0.0,6.36,-12.62
1783715240.594004,1236.3449,bid,THESIS,63676.0,,,False,,,,63837.8,,,,,coinbase,,,,,,,,,,0.0,0.0,0.0,3.86,-15.12,-22.38
1783715240.594004,1236.3449,bid,THESIS,63685.5,,,False,,,,63837.8,,,,,coinbase,,,,,,,,,,0.0,0.0,0.0,-21.72,-21.72,-28.98
1783715241.5928042,1237.3437,bid,CANCEL?,63663.5,0.0,,False,,13.0005,,63837.8,-174.3,-0.273036,,,coinbase,,,,,,,,-7.8,7.8,,,,,,
1783715243.593746,1239.3446,bid,APPEAR,63656.5,0.01,False,False,1810,,2.0009,63837.8,-181.3,-0.284001,,63655.995,coinbase,181.805,0.505,True,,-0.505,1.56,-1.56,,,,,,,,
1783715243.593746,1239.3446,bid,THESIS,63663.5,,,False,,,,63837.8,,,,,coinbase,,,,,,,,,,0.0,0.0,0.0,0.0,0.0,-7.72
1783715245.592706,1241.3436,bid,CANCEL?,63656.5,0.0,,False,,1.999,,63837.8,-181.3,-0.284001,,,coinbase,,,,,,,,-1.56,1.56,,,,,,
1783715245.592706,1241.3436,bid,APPEAR,63654.5,0.01,True,False,1830,,0.0,63837.8,-183.3,-0.287134,,63654.435,coinbase,183.365,0.065,True,,-0.065,0.0,-0.0,,,,,,,,
1783715251.594389,1247.3452,bid,APPEAR,63657.0,0.01,True,False,1805,,6.0017,63837.8,-180.8,-0.283218,,63656.955,coinbase,180.845,0.045,True,,-0.045,0.0,-0.0,,,,,,,,
1783715251.594389,1247.3452,bid,CANCEL?,63654.5,0.0,,False,,6.0017,,63837.8,-183.3,-0.287134,,,coinbase,,,,,,,,2.52,-2.52,,,,,,
1783715256.592432,1252.3433,bid,APPEAR,63661.5,0.01,True,False,1760,,4.998,63837.8,-176.3,-0.276169,,63661.625,coinbase,176.175,-0.125,True,,0.125,0.0,-0.0,,,,,,,,
1783715256.592432,1252.3433,bid,CANCEL?,63657.0,0.0,,False,,4.998,,63837.8,-180.8,-0.283218,,,coinbase,,,,,,,,4.67,-4.67,,,,,,
1783715261.5955431,1257.3464,bid,THESIS,63656.5,,,False,,,,63837.8,,,,,coinbase,,,,,,,,,,0.0,0.0,0.0,-1.56,0.96,9.66
1783715261.5955431,1257.3464,bid,THESIS,63654.5,,,False,,,,63837.8,,,,,coinbase,,,,,,,,,,0.0,0.0,0.0,0.0,2.52,11.22
1783715262.61698,1258.3678,bid,CANCEL?,63661.5,0.0,,False,,6.0245,,63837.8,-176.3,-0.276169,,,coinbase,,,,,,,,4.03,-4.03,,,,,,
1783715263.592551,1259.3434,bid,APPEAR,63665.5,0.01,True,False,1720,,0.9756,63837.8,-172.3,-0.269903,,63666.445,coinbase,171.355,-0.945,True,,0.945,0.79,-0.79,,,,,,,,
1783715264.59299,1260.3438,bid,CANCEL?,63828.0,0.0,,False,,299.9874,,63837.8,-9.8,-0.015351,,,coinbase,,,,,,,,-160.21,160.21,,,,,,
1783715266.5956538,1262.3465,bid,APPEAR,63668.5,0.01,True,False,1690,,2.0027,63837.8,-169.3,-0.265203,,63668.665,coinbase,169.135,-0.165,True,,0.165,0.0,-0.0,,,,,,,,
1783715266.5956538,1262.3465,bid,THESIS,63657.0,,,False,,,,63837.8,,,,,coinbase,,,,,,,,,,0.0,0.0,0.0,4.67,8.7,11.71
1783715273.591925,1269.3428,bid,THESIS,63661.5,,,False,,,,63837.8,,,,,coinbase,,,,,,,,,,0.0,0.0,0.0,4.03,4.03,7.04
1783715279.593585,1275.3444,bid,CANCEL?,63668.5,0.0,,False,,12.9979,,63837.8,-169.3,-0.265203,,,coinbase,,,,,,,,2.21,-2.21,,,,,,
1783715279.593585,1275.3444,bid,THESIS,63665.5,,,False,,,,63837.8,,,,,coinbase,,,,,,,,,,0.0,0.0,0.0,2.22,2.22,4.43
1783715280.595139,1276.346,bid,APPEAR,63670.5,0.01,True,False,1670,,1.0016,63837.8,-167.3,-0.26207,,63670.875,coinbase,166.925,-0.375,True,,0.375,0.0,-0.0,,,,,,,,
1783715283.5912519,1279.3421,bid,APPEAR,63679.0,0.01,True,False,1585,,3.9977,63837.8,-158.8,-0.248755,,63680.085,coinbase,157.715,-1.085,True,,1.085,1.52,-1.52,,,,,,,,
1783715283.5912519,1279.3421,bid,CANCEL?,63670.5,0.0,,False,,2.9961,,63837.8,-167.3,-0.26207,,,coinbase,,,,,,,,9.21,-9.21,,,,,,
1783715283.5912519,1279.3421,bid,THESIS,63668.5,,,False,,,,63837.8,,,,,coinbase,,,,,,,,,,0.0,0.0,0.0,0.0,0.0,11.42
1783715288.167347,1283.9182,bid,APPEAR,63680.0,0.01,True,False,1575,,4.5761,63837.8,-157.8,-0.247189,,63680.085,coinbase,157.715,-0.085,True,,0.085,0.0,-0.0,,,,,,,,
1783715288.167347,1283.9182,bid,CANCEL?,63679.0,0.0,,False,,4.5761,,63837.8,-158.8,-0.248755,,,coinbase,,,,,,,,0.0,-0.0,,,,,,
1783715293.595846,1289.3467,bid,APPEAR,63685.5,0.01,True,False,1520,,5.4285,63837.8,-152.3,-0.238573,,63685.435,coinbase,152.365,0.065,True,,-0.065,0.0,-0.0,,,,,,,,
1783715293.595846,1289.3467,bid,CANCEL?,63680.0,0.0,,False,,5.4285,,63837.8,-157.8,-0.247189,,,coinbase,,,,,,,,5.35,-5.35,,,,,,
1783715296.591149,1292.342,bid,CANCEL?,63685.5,0.0,,False,,2.9953,,63837.8,-152.3,-0.238573,,,coinbase,,,,,,,,-17.9,17.9,,,,,,
1783715296.591149,1292.342,bid,APPEAR,63667.5,0.01,True,False,1700,,0.0,63837.8,-170.3,-0.26677,,63667.535,coinbase,170.265,-0.035,True,,0.035,0.0,-0.0,,,,,,,,
1783715296.591149,1292.342,bid,THESIS,63670.5,,,False,,,,63837.8,,,,,coinbase,,,,,,,,,,0.0,0.0,0.0,9.21,9.21,-3.34
1783715299.59117,1295.342,bid,CANCEL?,63667.5,0.0,,False,,3.0,,63837.8,-170.3,-0.26677,,,coinbase,,,,,,,,-0.3,0.3,,,,,,
1783715299.59117,1295.342,bid,APPEAR,63657.5,0.01,True,False,1800,,0.0,63837.8,-180.3,-0.282435,,63667.235,coinbase,170.565,-9.735,True,,9.735,6.315,-6.315,,,,,,,,
1783715299.59117,1295.342,bid,THESIS,63679.0,,,False,,,,63837.8,,,,,coinbase,,,,,,,,,,0.0,0.0,0.0,0.0,3.18,-12.85
1783715302.590549,1298.3414,bid,APPEAR,63667.0,0.01,True,False,1705,,2.9994,63837.8,-170.8,-0.267553,,63667.235,coinbase,170.565,-0.235,True,,0.235,0.0,-0.0,,,,,,,,
1783715302.590549,1298.3414,bid,CANCEL?,63657.5,0.0,,False,,2.9994,,63837.8,-180.3,-0.282435,,,coinbase,,,,,,,,0.0,-0.0,,,,,,
1783715303.61484,1299.3657,bid,THESIS,63680.0,,,False,,,,63837.8,,,,,coinbase,,,,,,,,,,0.0,0.0,0.0,3.18,5.35,-12.85
1783715309.591732,1305.3426,bid,THESIS,63685.5,,,False,,,,63837.8,,,,,coinbase,,,,,,,,,,0.0,0.0,0.0,-17.9,-18.2,-18.2
1783715313.594521,1309.3454,bid,THESIS,63667.5,,,False,,,,63837.8,,,,,coinbase,,,,,,,,,,0.0,0.0,0.0,0.0,-0.3,3.9
1783715314.590264,1310.3411,bid,APPEAR,63671.5,0.01,True,False,1660,,11.9997,63837.8,-166.3,-0.260504,,63671.435,coinbase,166.365,0.065,True,,-0.065,0.0,-0.0,,,,,,,,
1783715314.590264,1310.3411,bid,CANCEL?,63667.0,0.0,,False,,11.9997,,63837.8,-170.8,-0.267553,,,coinbase,,,,,,,,4.2,-4.2,,,,,,
1783715316.591199,1312.3421,bid,THESIS,63657.5,,,False,,,,63837.8,,,,,coinbase,,,,,,,,,,0.0,0.0,0.0,0.0,0.0,10.07
1783715318.591747,1314.3426,bid,APPEAR,63677.0,0.01,True,False,1605,,4.0015,63837.8,-160.8,-0.251888,,63680.485,coinbase,157.315,-3.485,True,,3.485,3.18,-3.18,,,,,,,,
1783715318.591747,1314.3426,bid,CANCEL?,63671.5,0.0,,False,,4.0015,,63837.8,-166.3,-0.260504,,,coinbase,,,,,,,,9.05,-9.05,,,,,,
1783715318.591747,1314.3426,bid,THESIS,63667.0,,,False,,,,63837.8,,,,,coinbase,,,,,,,,,,0.0,0.0,0.0,0.0,0.0,13.25
1783715321.611592,1317.3624,bid,APPEAR,63680.5,0.01,True,False,1570,,3.0198,63837.8,-157.3,-0.246406,,63680.485,coinbase,157.315,0.015,True,,-0.015,0.0,-0.0,,,,,,,,
1783715321.611592,1317.3624,bid,CANCEL?,63677.0,0.0,,False,,3.0198,,63837.8,-160.8,-0.251888,,,coinbase,,,,,,,,0.0,-0.0,,,,,,
1783715330.593767,1326.3446,bid,THESIS,63671.5,,,False,,,,63837.8,,,,,coinbase,,,,,,,,,,0.0,0.0,0.0,5.87,9.05,9.05
1783715343.589141,1339.34,bid,THESIS,63677.0,,,False,,,,63837.8,,,,,coinbase,,,,,,,,,,0.0,0.0,0.0,0.0,0.0,1.93
1783715343.589141,1339.34,bid,THESIS,63680.5,,,False,,,,63837.8,,,,,coinbase,,,,,,,,,,0.0,0.0,0.0,0.0,0.0,1.93
1783715344.589001,1340.3399,bid,APPEAR,63682.5,0.01,True,False,1550,,22.9774,63837.8,-155.3,-0.243273,,63682.415,coinbase,155.385,0.085,True,,-0.085,0.0,-0.0,,,,,,,,
1783715344.589001,1340.3399,bid,CANCEL?,63680.5,0.0,,False,,22.9774,,63837.8,-157.3,-0.246406,,,coinbase,,,,,,,,1.93,-1.93,,,,,,
1783715348.589082,1344.3399,bid,APPEAR,63683.5,0.01,True,False,1540,,4.0001,63837.8,-154.3,-0.241706,,63683.625,coinbase,154.175,-0.125,True,,0.125,0.0,-0.0,,,,,,,,
1783715348.589082,1344.3399,bid,CANCEL?,63682.5,0.0,,False,,4.0001,,63837.8,-155.3,-0.243273,,,coinbase,,,,,,,,1.21,-1.21,,,,,,
1783715361.590064,1357.3409,bid,APPEAR,63689.0,0.01,True,False,1485,,13.001,63837.8,-148.8,-0.233091,,63689.075,coinbase,148.725,-0.075,True,,0.075,0.0,-0.0,,,,,,,,
1783715361.590064,1357.3409,bid,CANCEL?,63683.5,0.0,,False,,13.001,,63837.8,-154.3,-0.241706,,,coinbase,,,,,,,,5.45,-5.45,,,,,,
1783715361.590064,1357.3409,bid,THESIS,63682.5,,,False,,,,63837.8,,,,,coinbase,,,,,,,,,,0.0,0.0,0.0,1.21,1.21,6.66
1783715364.590671,1360.3415,bid,CANCEL?,63689.0,0.0,,False,,3.0006,,63837.8,-148.8,-0.233091,,,coinbase,,,,,,,,-0.67,0.67,,,,,,
1783715364.590671,1360.3415,bid,APPEAR,63688.5,0.01,True,False,1490,,0.0,63837.8,-149.3,-0.233874,,63688.405,coinbase,149.395,0.095,True,,-0.095,0.0,-0.0,,,,,,,,
1783715364.590671,1360.3415,bid,THESIS,63683.5,,,False,,,,63837.8,,,,,coinbase,,,,,,,,,,0.0,0.0,0.0,0.0,5.45,4.78
1783715370.5888798,1366.3397,bid,APPEAR,63697.0,0.01,True,False,1405,,5.9982,63837.8,-140.8,-0.220559,,63698.905,coinbase,138.895,-1.905,True,,1.905,2.875,-2.875,,,,,,,,
1783715370.5888798,1366.3397,bid,CANCEL?,63688.5,0.0,,False,,5.9982,,63837.8,-149.3,-0.233874,,,coinbase,,,,,,,,10.5,-10.5,,,,,,
1783715373.596265,1369.3471,bid,CANCEL?,63697.0,0.0,,False,,3.0074,,63837.8,-140.8,-0.220559,,,coinbase,,,,,,,,-5.365,5.365,,,,,,
1783715374.588979,1370.3398,bid,APPEAR,63703.5,0.01,True,False,1340,,0.9927,63837.8,-134.3,-0.210377,,63685.965,coinbase,151.835,17.535,True,,-17.535,-7.575,7.575,,,,,,,,
1783715377.588323,1373.3392,bid,CANCEL?,63703.5,0.0,,False,,2.9993,,63837.8,-134.3,-0.210377,,,coinbase,,,,,,,,2.94,-2.94,,,,,,
1783715377.588323,1373.3392,bid,APPEAR,63686.0,0.01,True,False,1515,,0.0,63837.8,-151.8,-0.23779,,63688.905,coinbase,148.895,-2.905,True,,2.905,2.97,-2.97,,,,,,,,
1783715377.588323,1373.3392,bid,THESIS,63689.0,,,False,,,,63837.8,,,,,coinbase,,,,,,,,,,0.0,0.0,0.0,-0.67,6.955,-0.17
1783715380.588189,1376.339,bid,APPEAR,63689.0,0.01,True,False,1485,,2.9999,63837.8,-148.8,-0.233091,,63688.905,coinbase,148.895,0.095,True,,-0.095,0.0,-0.0,,,,,,,,
1783715380.588189,1376.339,bid,CANCEL?,63686.0,0.0,,False,,2.9999,,63837.8,-151.8,-0.23779,,,coinbase,,,,,,,,0.0,-0.0,,,,,,
1783715380.588189,1376.339,bid,THESIS,63688.5,,,False,,,,63837.8,,,,,coinbase,,,,,,,,,,0.0,0.0,0.0,7.625,10.5,0.5
1783715385.59038,1381.3412,bid,THESIS,63697.0,,,False,,,,63837.8,,,,,coinbase,,,,,,,,,,0.0,0.0,0.0,4.76,-12.97,3.82
1783715387.589256,1383.3401,bid,APPEAR,63702.5,0.01,True,False,1350,,7.0011,63837.8,-135.3,-0.211943,,63702.725,coinbase,135.075,-0.225,True,,0.225,0.0,-0.0,,,,,,,,
1783715387.589256,1383.3401,bid,CANCEL?,63689.0,0.0,,False,,7.0011,,63837.8,-148.8,-0.233091,,,coinbase,,,,,,,,13.82,-13.82,,,,,,
1783715391.588183,1387.339,bid,CANCEL?,63702.5,0.0,,False,,3.9989,,63837.8,-135.3,-0.211943,,,coinbase,,,,,,,,-5.21,5.21,,,,,,
1783715391.588183,1387.339,bid,APPEAR,63697.5,0.01,True,False,1400,,0.0,63837.8,-140.3,-0.219776,,63697.515,coinbase,140.285,-0.015,True,,0.015,0.0,-0.0,,,,,,,,
1783715391.588183,1387.339,bid,THESIS,63703.5,,,False,,,,63837.8,,,,,coinbase,,,,,,,,,,0.0,0.0,0.0,-0.03,2.94,11.55
1783715393.591211,1389.3421,bid,THESIS,63686.0,,,False,,,,63837.8,,,,,coinbase,,,,,,,,,,0.0,0.0,0.0,0.0,13.82,8.61
1783715396.592074,1392.3429,bid,CANCEL?,63697.5,0.0,,False,,5.0039,,63837.8,-140.3,-0.219776,,,coinbase,,,,,,,,-12.07,12.07,,,,,,
1783715396.592074,1392.3429,bid,APPEAR,63685.5,0.01,True,False,1520,,0.0,63837.8,-152.3,-0.238573,,63685.445,coinbase,152.355,0.055,True,,-0.055,0.0,-0.0,,,,,,,,
1783715396.592074,1392.3429,bid,THESIS,63689.0,,,False,,,,63837.8,,,,,coinbase,,,,,,,,,,0.0,0.0,0.0,0.0,13.82,-3.46
1783715408.588296,1404.3392,bid,THESIS,63702.5,,,False,,,,63837.8,,,,,coinbase,,,,,,,,,,0.0,0.0,0.0,-2.07,-5.21,-19.1
1783715408.588296,1404.3392,bid,THESIS,63697.5,,,False,,,,63837.8,,,,,coinbase,,,,,,,,,,0.0,0.0,0.0,0.0,-12.07,-13.89
1783715409.590028,1405.3409,bid,CANCEL?,63685.5,0.0,,False,,12.998,,63837.8,-152.3,-0.238573,,,coinbase,,,,,,,,-1.82,1.82,,,,,,
1783715409.590028,1405.3409,bid,APPEAR,63683.5,0.01,True,False,1540,,0.0,63837.8,-154.3,-0.241706,,63683.625,coinbase,154.175,-0.125,True,,0.125,0.0,-0.0,,,,,,,,
1783715425.5873191,1421.3382,bid,APPEAR,63685.5,0.01,True,False,1520,,15.9973,63837.8,-152.3,-0.238573,,63685.445,coinbase,152.355,0.055,True,,-0.055,0.0,-0.0,,,,,,,,
1783715425.5873191,1421.3382,bid,CANCEL?,63683.5,0.0,,False,,15.9973,,63837.8,-154.3,-0.241706,,,coinbase,,,,,,,,1.82,-1.82,,,,,,
1783715425.5873191,1421.3382,bid,THESIS,63685.5,,,False,,,,63837.8,,,,,coinbase,,,,,,,,,,0.0,0.0,0.0,-1.82,-1.82,0.0
1783715425.5873191,1421.3382,bid,THESIS,63683.5,,,False,,,,63837.8,,,,,coinbase,,,,,,,,,,0.0,0.0,0.0,0.0,1.82,1.82
1783715428.5918899,1424.3427,bid,CANCEL?,63685.5,0.0,,False,,3.0046,,63837.8,-152.3,-0.238573,,,coinbase,,,,,,,,-14.07,14.07,,,,,,
1783715428.5918899,1424.3427,bid,APPEAR,63671.0,0.01,True,False,1665,,0.0,63837.8,-166.8,-0.261287,,63671.375,coinbase,166.425,-0.375,True,,0.375,0.0,-0.0,,,,,,,,
1783715431.589565,1427.3404,bid,APPEAR,63688.0,0.01,True,False,1495,,2.9977,63837.8,-149.8,-0.234657,,63688.395,coinbase,149.405,-0.395,True,,0.395,6.6,-6.6,,,,,,,,
1783715431.589565,1427.3404,bid,CANCEL?,63671.0,0.0,,False,,2.9977,,63837.8,-166.8,-0.261287,,,coinbase,,,,,,,,17.02,-17.02,,,,,,
1783715434.5893812,1430.3402,bid,APPEAR,63689.0,0.01,True,False,1485,,2.9998,63837.8,-148.8,-0.233091,,63689.075,coinbase,148.725,-0.075,True,,0.075,0.0,-0.0,,,,,,,,
1783715434.5893812,1430.3402,bid,CANCEL?,63688.0,0.0,,False,,2.9998,,63837.8,-149.8,-0.234657,,,coinbase,,,,,,,,0.68,-0.68,,,,,,
1783715439.588709,1435.3396,bid,APPEAR,63696.0,0.01,True,False,1415,,4.9993,63837.8,-141.8,-0.222125,,63696.355,coinbase,141.445,-0.355,True,,0.355,0.0,-0.0,,,,,,,,
1783715439.588709,1435.3396,bid,CANCEL?,63689.0,0.0,,False,,4.9993,,63837.8,-148.8,-0.233091,,,coinbase,,,,,,,,7.28,-7.28,,,,,,
1783715441.5922308,1437.3431,bid,THESIS,63685.5,,,False,,,,63837.8,,,,,coinbase,,,,,,,,,,0.0,0.0,0.0,-14.07,2.95,7.27
1783715443.5874612,1439.3383,bid,CANCEL?,63696.0,0.0,,False,,3.9988,,63837.8,-141.8,-0.222125,,,coinbase,,,,,,,,-6.49,6.49,,,,,,
1783715443.5874612,1439.3383,bid,APPEAR,63692.5,0.01,True,False,1450,,0.0,63837.8,-145.3,-0.227608,,63689.865,coinbase,147.935,2.635,True,,-2.635,3.88,-3.88,,,,,,,,
1783715444.585793,1440.3366,bid,THESIS,63671.0,,,False,,,,63837.8,,,,,coinbase,,,,,,,,,,0.0,0.0,0.0,10.42,17.7,20.67
1783715446.5867882,1442.3376,bid,APPEAR,63693.0,0.01,True,False,1445,,2.9993,63837.8,-144.8,-0.226825,,63692.945,coinbase,144.855,0.055,True,,-0.055,0.0,-0.0,,,,,,,,
1783715446.5867882,1442.3376,bid,CANCEL?,63692.5,0.0,,False,,2.9993,,63837.8,-145.3,-0.227608,,,coinbase,,,,,,,,3.08,-3.08,,,,,,
1783715448.587253,1444.3381,bid,THESIS,63688.0,,,False,,,,63837.8,,,,,coinbase,,,,,,,,,,0.0,0.0,0.0,0.68,7.96,6.15
1783715449.5903978,1445.3413,bid,APPEAR,63696.0,0.01,True,False,1415,,3.0036,63837.8,-141.8,-0.222125,,63696.355,coinbase,141.445,-0.355,True,,0.355,1.81,-1.81,,,,,,,,
1783715449.5903978,1445.3413,bid,CANCEL?,63693.0,0.0,,False,,3.0036,,63837.8,-144.8,-0.226825,,,coinbase,,,,,,,,3.41,-3.41,,,,,,
1783715449.5903978,1445.3413,bid,THESIS,63689.0,,,False,,,,63837.8,,,,,coinbase,,,,,,,,,,0.0,0.0,0.0,7.28,3.64,7.28
1783715463.585856,1459.3367,bid,APPEAR,63712.0,0.01,True,False,1255,,13.9955,63837.8,-125.8,-0.197062,,63711.905,coinbase,125.895,0.095,True,,-0.095,0.0,-0.0,,,,,,,,
1783715463.585856,1459.3367,bid,CANCEL?,63696.0,0.0,,False,,13.9955,,63837.8,-141.8,-0.222125,,,coinbase,,,,,,,,15.55,-15.55,,,,,,
1783715463.585856,1459.3367,bid,THESIS,63696.0,,,False,,,,63837.8,,,,,coinbase,,,,,,,,,,0.0,0.0,0.0,-3.64,-3.41,15.55
1783715463.585856,1459.3367,bid,THESIS,63692.5,,,False,,,,63837.8,,,,,coinbase,,,,,,,,,,0.0,0.0,0.0,3.08,6.49,22.04
1783715463.585856,1459.3367,bid,THESIS,63693.0,,,False,,,,63837.8,,,,,coinbase,,,,,,,,,,0.0,0.0,0.0,1.6,3.41,18.96
1783715464.5916731,1460.3425,bid,THESIS,63696.0,,,False,,,,63837.8,,,,,coinbase,,,,,,,,,,0.0,0.0,0.0,0.0,15.55,26.06
1783715466.587868,1462.3387,bid,CANCEL?,63712.0,0.0,,False,,3.002,,63837.8,-125.8,-0.197062,,,coinbase,,,,,,,,-5.65,5.65,,,,,,
1783715466.587868,1462.3387,bid,APPEAR,63707.0,0.01,True,False,1305,,0.0,63837.8,-130.8,-0.204894,,63706.255,coinbase,131.545,0.745,True,,-0.745,-5.5,5.5,,,,,,,,
1783715469.585592,1465.3364,bid,CANCEL?,63707.0,0.0,,False,,2.9977,,63837.8,-130.8,-0.204894,,,coinbase,,,,,,,,-1.03,1.03,,,,,,
1783715469.585592,1465.3364,bid,APPEAR,63705.0,0.01,True,False,1325,,0.0,63837.8,-132.8,-0.208027,,63705.225,coinbase,132.575,-0.225,True,,0.225,0.0,-0.0,,,,,,,,
1783715475.5884538,1471.3393,bid,CANCEL?,63705.0,0.0,,False,,6.0029,,63837.8,-132.8,-0.208027,,,coinbase,,,,,,,,13.35,-13.35,,,,,,
1783715476.5873458,1472.3382,bid,APPEAR,63718.5,0.01,True,False,1190,,0.9989,63837.8,-119.3,-0.18688,,63718.575,coinbase,119.225,-0.075,True,,0.075,0.0,-0.0,,,,,,,,
1783715480.584911,1476.3358,bid,THESIS,63712.0,,,False,,,,63837.8,,,,,coinbase,,,,,,,,,,0.0,0.0,0.0,10.51,-6.68,11.41
1783715482.5854568,1478.3363,bid,APPEAR,63723.0,0.01,True,False,1145,,6.997,63837.8,-114.8,-0.179831,,63723.315,coinbase,114.485,-0.315,True,,0.315,0.0,-0.0,,,,,,,,
1783715482.5854568,1478.3363,bid,CANCEL?,63718.5,0.0,,False,,5.9981,,63837.8,-119.3,-0.18688,,,coinbase,,,,,,,,4.74,-4.74,,,,,,
1783715482.5854568,1478.3363,bid,THESIS,63707.0,,,False,,,,63837.8,,,,,coinbase,,,,,,,,,,0.0,0.0,0.0,-1.03,12.07,17.06
1783715485.585154,1481.336,bid,APPEAR,63731.5,0.01,True,False,1060,,2.9997,63837.8,-106.3,-0.166516,,63732.755,coinbase,105.045,-1.255,True,,1.255,1.16,-1.16,,,,,,,,
1783715485.585154,1481.336,bid,CANCEL?,63723.0,0.0,,False,,2.9997,,63837.8,-114.8,-0.179831,,,coinbase,,,,,,,,9.44,-9.44,,,,,,
1783715485.585154,1481.336,bid,THESIS,63705.0,,,False,,,,63837.8,,,,,coinbase,,,,,,,,,,0.0,0.0,0.0,13.1,13.1,27.53
1783715488.585511,1484.3364,bid,APPEAR,63732.5,0.01,True,False,1050,,3.0004,63837.8,-105.3,-0.164949,,63729.86,coinbase,107.94,2.64,True,,-2.64,-2.895,2.895,,,,,,,,
1783715488.585511,1484.3364,bid,CANCEL?,63731.5,0.0,,False,,3.0004,,63837.8,-106.3,-0.166516,,,coinbase,,,,,,,,-2.895,2.895,,,,,,
1783715492.58557,1488.3364,bid,CANCEL?,63732.5,0.0,,False,,4.0001,,63837.8,-105.3,-0.164949,,,coinbase,,,,,,,,-0.395,0.395,,,,,,
1783715492.58557,1488.3364,bid,APPEAR,63729.5,0.01,True,False,1080,,0.0,63837.8,-108.3,-0.169649,,63729.465,coinbase,108.335,0.035,True,,-0.035,0.0,-0.0,,,,,,,,
1783715492.58557,1488.3364,bid,THESIS,63718.5,,,False,,,,63837.8,,,,,coinbase,,,,,,,,,,0.0,0.0,0.0,4.74,4.74,10.89
1783715495.586518,1491.3374,bid,CANCEL?,63729.5,0.0,,False,,3.0009,,63837.8,-108.3,-0.169649,,,coinbase,,,,,,,,-9.39,9.39,,,,,,
1783715495.586518,1491.3374,bid,APPEAR,63720.0,0.01,True,False,1175,,0.0,63837.8,-117.8,-0.18453,,63720.075,coinbase,117.725,-0.075,True,,0.075,0.0,-0.0,,,,,,,,
1783715497.586251,1493.3371,bid,THESIS,63723.0,,,False,,,,63837.8,,,,,coinbase,,,,,,,,,,0.0,0.0,0.0,0.0,9.44,-3.24
1783715502.585224,1498.3361,bid,THESIS,63731.5,,,False,,,,63837.8,,,,,coinbase,,,,,,,,,,0.0,0.0,0.0,0.0,-3.29,-3.64
1783715503.5845609,1499.3354,bid,APPEAR,63729.0,0.01,True,False,1085,,7.998,63837.8,-108.8,-0.170432,,63729.115,coinbase,108.685,-0.115,True,,0.115,0.0,-0.0,,,,,,,,
1783715503.5845609,1499.3354,bid,CANCEL?,63720.0,0.0,,False,,7.998,,63837.8,-117.8,-0.18453,,,coinbase,,,,,,,,9.04,-9.04,,,,,,
1783715504.590122,1500.341,bid,THESIS,63732.5,,,False,,,,63837.8,,,,,coinbase,,,,,,,,,,0.0,0.0,0.0,-0.395,-9.785,-0.745
1783715508.585419,1504.3363,bid,THESIS,63729.5,,,False,,,,63837.8,,,,,coinbase,,,,,,,,,,0.0,0.0,0.0,-9.39,-9.39,-0.35
1783715511.584661,1507.3355,bid,APPEAR,63734.5,0.01,True,False,1030,,8.0001,63837.8,-103.3,-0.161816,,63734.855,coinbase,102.945,-0.355,True,,0.355,0.0,-0.0,,,,,,,,
1783715511.584661,1507.3355,bid,CANCEL?,63729.0,0.0,,False,,8.0001,,63837.8,-108.8,-0.170432,,,coinbase,,,,,,,,5.74,-5.74,,,,,,
1783715511.584661,1507.3355,bid,THESIS,63720.0,,,False,,,,63837.8,,,,,coinbase,,,,,,,,,,0.0,0.0,0.0,0.0,9.04,14.78
1783715514.586764,1510.3376,bid,CANCEL?,63734.5,0.0,,False,,3.0021,,63837.8,-103.3,-0.161816,,,coinbase,,,,,,,,-7.155,7.155,,,,,,
1783715514.586764,1510.3376,bid,APPEAR,63732.0,0.01,True,False,1055,,0.0,63837.8,-105.8,-0.165733,,63727.7,coinbase,110.1,4.3,True,,-4.3,-4.655,4.655,,,,,,,,
1783715518.5947819,1514.3456,bid,CANCEL?,63732.0,0.0,,False,,4.008,,63837.8,-105.8,-0.165733,,,coinbase,,,,,,,,-8.615,8.615,,,,,,
1783715518.5947819,1514.3456,bid,APPEAR,63719.0,0.01,True,False,1185,,0.0,63837.8,-118.8,-0.186097,,63719.085,coinbase,118.715,-0.085,True,,0.085,0.0,-0.0,,,,,,,,
1783715518.5947819,1514.3456,bid,THESIS,63729.0,,,False,,,,63837.8,,,,,coinbase,,,,,,,,,,0.0,0.0,0.0,0.0,0.0,-10.03
1783715528.584395,1524.3352,bid,CANCEL?,63719.0,0.0,,False,,9.9896,,63837.8,-118.8,-0.186097,,,coinbase,,,,,,,,-3.19,3.19,,,,,,
1783715528.584395,1524.3352,bid,APPEAR,63715.5,0.01,True,False,1220,,0.0,63837.8,-122.3,-0.191579,,63715.895,coinbase,121.905,-0.395,True,,0.395,0.0,-0.0,,,,,,,,
1783715528.584395,1524.3352,bid,THESIS,63734.5,,,False,,,,63837.8,,,,,coinbase,,,,,,,,,,0.0,0.0,0.0,-2.5,-15.77,-18.96
1783715533.596809,1529.3477,bid,THESIS,63732.0,,,False,,,,63837.8,,,,,coinbase,,,,,,,,,,0.0,0.0,0.0,-8.615,-11.805,-11.805
1783715533.596809,1529.3477,bid,THESIS,63719.0,,,False,,,,63837.8,,,,,coinbase,,,,,,,,,,0.0,0.0,0.0,-3.19,-3.19,-3.19
1783715551.585411,1547.3363,bid,APPEAR,63721.5,0.01,True,False,1160,,23.001,63837.8,-116.3,-0.18218,,63721.725,coinbase,116.075,-0.225,True,,0.225,0.0,-0.0,,,,,,,,
1783715551.585411,1547.3363,bid,CANCEL?,63715.5,0.0,,False,,23.001,,63837.8,-122.3,-0.191579,,,coinbase,,,,,,,,5.83,-5.83,,,,,,
1783715551.585411,1547.3363,bid,THESIS,63715.5,,,False,,,,63837.8,,,,,coinbase,,,,,,,,,,0.0,0.0,0.0,0.0,0.0,5.83
1783715565.58529,1561.3361,bid,APPEAR,63727.0,0.01,True,False,1105,,13.9999,63837.8,-110.8,-0.173565,,63726.995,coinbase,110.805,0.005,True,,-0.005,0.0,-0.0,,,,,,,,
1783715565.58529,1561.3361,bid,CANCEL?,63721.5,0.0,,False,,13.9999,,63837.8,-116.3,-0.18218,,,coinbase,,,,,,,,5.27,-5.27,,,,,,
1783715565.58529,1561.3361,bid,CANCEL?,63665.5,0.0,,False,,301.9927,,63837.8,-172.3,-0.269903,,,coinbase,,,,,,,,60.55,-60.55,,,,,,
1783715568.583199,1564.3341,bid,APPEAR,63731.5,0.01,True,False,1060,,2.9979,63837.8,-106.3,-0.166516,,63732.755,coinbase,105.045,-1.255,True,,1.255,1.09,-1.09,,,,,,,,
1783715568.583199,1564.3341,bid,CANCEL?,63727.0,0.0,,False,,2.9979,,63837.8,-110.8,-0.173565,,,coinbase,,,,,,,,5.76,-5.76,,,,,,
1783715568.583199,1564.3341,bid,THESIS,63721.5,,,False,,,,63837.8,,,,,coinbase,,,,,,,,,,0.0,0.0,0.0,0.0,5.27,11.03
1783715571.5842571,1567.3351,bid,APPEAR,63732.5,0.01,True,False,1050,,3.0011,63837.8,-105.3,-0.164949,,63732.755,coinbase,105.045,-0.255,True,,0.255,0.0,-0.0,,,,,,,,
1783715571.5842571,1567.3351,bid,CANCEL?,63731.5,0.0,,False,,3.0011,,63837.8,-106.3,-0.166516,,,coinbase,,,,,,,,0.0,-0.0,,,,,,
1783715573.583408,1569.3343,bid,APPEAR,63733.0,0.01,True,False,1045,,1.9992,63837.8,-104.8,-0.164166,,63733.205,coinbase,104.595,-0.205,True,,0.205,0.0,-0.0,,,,,,,,
1783715573.583408,1569.3343,bid,CANCEL?,63732.5,0.0,,False,,1.9992,,63837.8,-105.3,-0.164949,,,coinbase,,,,,,,,0.45,-0.45,,,,,,
1783715580.5836859,1576.3345,bid,APPEAR,63742.5,0.01,True,False,950,,7.0003,63837.8,-95.3,-0.149285,,63739.395,coinbase,98.405,3.105,True,,-3.105,-6.56,6.56,,,,,,,,
1783715580.5836859,1576.3345,bid,CANCEL?,63733.0,0.0,,False,,7.0003,,63837.8,-104.8,-0.164166,,,coinbase,,,,,,,,6.19,-6.19,,,,,,
1783715582.5830579,1578.3339,bid,THESIS,63727.0,,,False,,,,63837.8,,,,,coinbase,,,,,,,,,,0.0,0.0,0.0,5.76,5.76,12.4
1783715584.5828679,1580.3337,bid,CANCEL?,63742.5,0.0,,False,,3.9992,,63837.8,-95.3,-0.149285,,,coinbase,,,,,,,,0.0,-0.0,,,,,,
1783715584.5828679,1580.3337,bid,APPEAR,63739.0,0.01,True,False,985,,0.0,63837.8,-98.8,-0.154767,,63739.395,coinbase,98.405,-0.395,True,,0.395,0.0,-0.0,,,,,,,,
1783715584.5828679,1580.3337,bid,THESIS,63731.5,,,False,,,,63837.8,,,,,coinbase,,,,,,,,,,0.0,0.0,0.0,0.0,0.45,6.64
1783715587.583173,1583.334,bid,THESIS,63732.5,,,False,,,,63837.8,,,,,coinbase,,,,,,,,,,0.0,0.0,0.0,0.45,13.2,9.21
1783715589.588927,1585.3398,bid,APPEAR,63742.0,0.01,True,False,955,,5.0061,63837.8,-95.8,-0.150068,,63759.325,coinbase,78.475,-17.325,True,,17.325,17.36,-17.36,,,,,,,,
1783715589.588927,1585.3398,bid,CANCEL?,63739.0,0.0,,False,,5.0061,,63837.8,-98.8,-0.154767,,,coinbase,,,,,,,,19.93,-19.93,,,,,,
1783715589.588927,1585.3398,bid,THESIS,63733.0,,,False,,,,63837.8,,,,,coinbase,,,,,,,,,,0.0,0.0,0.0,12.75,12.75,26.12
1783715592.5824902,1588.3333,bid,APPEAR,63761.5,0.01,True,False,760,,2.9936,63837.8,-76.3,-0.119522,,63761.875,coinbase,75.925,-0.375,True,,0.375,0.0,-0.0,,,,,,,,
1783715592.5824902,1588.3333,bid,CANCEL?,63742.0,0.0,,False,,2.9936,,63837.8,-95.8,-0.150068,,,coinbase,,,,,,,,2.55,-2.55,,,,,,
1783715595.6849868,1591.4358,bid,THESIS,63742.5,,,False,,,,63837.8,,,,,coinbase,,,,,,,,,,0.0,0.0,0.0,0.0,2.57,22.48
1783715600.58405,1596.3349,bid,THESIS,63739.0,,,False,,,,63837.8,,,,,coinbase,,,,,,,,,,0.0,0.0,0.0,2.57,19.93,22.48
1783715614.5818439,1610.3327,bid,THESIS,63742.0,,,False,,,,63837.8,,,,,coinbase,,,,,,,,,,0.0,0.0,0.0,2.55,2.55,-9.33
1783715614.5818439,1610.3327,bid,THESIS,63761.5,,,False,,,,63837.8,,,,,coinbase,,,,,,,,,,0.0,0.0,0.0,0.0,0.0,-11.88
1783715618.100262,1613.8511,bid,CANCEL?,63761.5,0.0,,False,,25.5178,,63837.8,-76.3,-0.119522,,,coinbase,,,,,,,,-11.88,11.88,,,,,,
1783715618.100262,1613.8511,bid,APPEAR,63750.0,0.01,True,False,875,,0.0,63837.8,-87.8,-0.137536,,63749.995,coinbase,87.805,0.005,True,,-0.005,0.0,-0.0,,,,,,,,
1783715622.587877,1618.3387,bid,APPEAR,63753.0,0.01,True,False,845,,4.4876,63837.8,-84.8,-0.132837,,63757.29,coinbase,80.51,-4.29,True,,4.29,4.305,-4.305,,,,,,,,
1783715622.587877,1618.3387,bid,CANCEL?,63750.0,0.0,,False,,4.4876,,63837.8,-87.8,-0.137536,,,coinbase,,,,,,,,7.295,-7.295,,,,,,
1783715623.581683,1619.3325,bid,JOINED,63753.0,0.018,,False,,0.9938,,63837.8,-84.8,-0.132837,,,coinbase,,,,,,,,2.485,-2.485,,,,,,
1783715625.5833669,1621.3342,bid,APPEAR,63761.5,0.01,True,False,760,,2.9955,63837.8,-76.3,-0.119522,,63761.875,coinbase,75.925,-0.375,True,,0.375,0.0,-0.0,,,,,,,,
1783715629.582839,1625.3337,bid,APPEAR,63762.5,0.01,True,False,750,,6.995,63837.8,-75.3,-0.117955,,63762.795,coinbase,75.005,-0.295,True,,0.295,0.0,-0.0,,,,,,,,
1783715629.582839,1625.3337,bid,CANCEL?,63761.5,0.0,,False,,3.9995,,63837.8,-76.3,-0.119522,,,coinbase,,,,,,,,0.92,-0.92,,,,,,
1783715632.581121,1628.332,bid,APPEAR,63765.0,0.01,True,False,725,,2.9983,63837.8,-72.8,-0.114039,,63765.105,coinbase,72.695,-0.105,True,,0.105,0.0,-0.0,,,,,,,,
1783715632.581121,1628.332,bid,CANCEL?,63762.5,0.0,,False,,2.9983,,63837.8,-75.3,-0.117955,,,coinbase,,,,,,,,2.31,-2.31,,,,,,
1783715634.581974,1630.3328,bid,THESIS,63750.0,,,False,,,,63837.8,,,,,coinbase,,,,,,,,,,0.0,0.0,0.0,2.99,9.78,15.11
1783715638.581821,1634.3327,bid,THESIS,63753.0,,,False,,,,63837.8,,,,,coinbase,,,,,,,,,,0.0,0.0,0.0,4.585,5.505,0.665
1783715639.580696,1635.3316,bid,CANCEL?,63765.0,0.0,,False,,6.9996,,63837.8,-72.8,-0.114039,,,coinbase,,,,,,,,-7.15,7.15,,,,,,
1783715639.580696,1635.3316,bid,APPEAR,63758.0,0.01,True,False,795,,0.0,63837.8,-79.8,-0.125004,,63757.955,coinbase,79.845,0.045,True,,-0.045,0.0,-0.0,,,,,,,,
1783715649.5814998,1645.3324,bid,THESIS,63761.5,,,False,,,,63837.8,,,,,coinbase,,,,,,,,,,0.0,0.0,0.0,0.0,3.23,-8.46
1783715649.5814998,1645.3324,bid,THESIS,63762.5,,,False,,,,63837.8,,,,,coinbase,,,,,,,,,,0.0,0.0,0.0,2.31,1.51,-9.38
1783715649.5814998,1645.3324,bid,THESIS,63765.0,,,False,,,,63837.8,,,,,coinbase,,,,,,,,,,0.0,0.0,0.0,0.0,-7.15,-11.69
1783715651.581793,1647.3326,bid,CANCEL?,63758.0,0.0,,False,,12.0011,,63837.8,-79.8,-0.125004,,,coinbase,,,,,,,,-6.99,6.99,,,,,,
1783715651.581793,1647.3326,bid,APPEAR,63751.0,0.01,True,False,865,,0.0,63837.8,-86.8,-0.13597,,63750.965,coinbase,86.835,0.035,True,,-0.035,0.0,-0.0,,,,,,,,
1783715654.581789,1650.3326,bid,CANCEL?,63751.0,0.0,,False,,3.0,,63837.8,-86.8,-0.13597,,,coinbase,,,,,,,,-3.83,3.83,,,,,,
1783715654.581789,1650.3326,bid,APPEAR,63747.0,0.01,True,False,905,,0.0,63837.8,-90.8,-0.142235,,63747.135,coinbase,90.665,-0.135,True,,0.135,-3.83,3.83,,,,,,,,
1783715654.581789,1650.3326,bid,THESIS,63758.0,,,False,,,,63837.8,,,,,coinbase,,,,,,,,,,0.0,0.0,0.0,-4.54,-4.54,-10.82
1783715663.5805461,1659.3314,bid,APPEAR,63766.0,0.01,True,False,715,,8.9988,63837.8,-71.8,-0.112473,,63767.005,coinbase,70.795,-1.005,True,,1.005,-0.33,0.33,,,,,,,,
1783715663.5805461,1659.3314,bid,CANCEL?,63747.0,0.0,,False,,8.9988,,63837.8,-90.8,-0.142235,,,coinbase,,,,,,,,19.87,-19.87,,,,,,
1783715666.5814059,1662.3323,bid,APPEAR,63769.0,0.01,True,False,685,,3.0009,63837.8,-68.8,-0.107773,,63769.155,coinbase,68.645,-0.155,True,,0.155,2.15,-2.15,,,,,,,,
1783715666.5814059,1662.3323,bid,CANCEL?,63766.0,0.0,,False,,3.0009,,63837.8,-71.8,-0.112473,,,coinbase,,,,,,,,2.15,-2.15,,,,,,
1783715667.581312,1663.3322,bid,THESIS,63751.0,,,False,,,,63837.8,,,,,coinbase,,,,,,,,,,0.0,0.0,0.0,0.0,-3.82,18.19
1783715672.580157,1668.331,bid,THESIS,63747.0,,,False,,,,63837.8,,,,,coinbase,,,,,,,,,,0.0,0.0,0.0,0.01,0.01,22.02
1783715699.580024,1695.3309,bid,APPEAR,63788.5,0.01,True,False,490,,32.9986,63837.8,-49.3,-0.077227,,63787.495,coinbase,50.305,1.005,True,,-1.005,1.18,-1.18,,,,,,,,
1783715699.580024,1695.3309,bid,CANCEL?,63769.0,0.0,,False,,32.9986,,63837.8,-68.8,-0.107773,,,coinbase,,,,,,,,18.34,-18.34,,,,,,
1783715699.580024,1695.3309,bid,THESIS,63766.0,,,False,,,,63837.8,,,,,coinbase,,,,,,,,,,0.0,0.0,0.0,0.0,2.15,20.49
1783715699.580024,1695.3309,bid,THESIS,63769.0,,,False,,,,63837.8,,,,,coinbase,,,,,,,,,,0.0,0.0,0.0,0.0,0.0,18.34
1783715704.579645,1700.3305,bid,APPEAR,63798.0,0.01,True,False,395,,4.9996,63837.8,-39.8,-0.062346,,63797.265,coinbase,40.535,0.735,True,,-0.735,0.76,-0.76,,,,,,,,
1783715704.579645,1700.3305,bid,CANCEL?,63788.5,0.0,,False,,4.9996,,63837.8,-49.3,-0.077227,,,coinbase,,,,,,,,9.77,-9.77,,,,,,
1783715708.578923,1704.3298,bid,CANCEL?,63798.0,0.0,,False,,3.9993,,63837.8,-39.8,-0.062346,,,coinbase,,,,,,,,0.0,-0.0,,,,,,
1783715708.578923,1704.3298,bid,APPEAR,63797.0,0.01,True,False,405,,0.0,63837.8,-40.8,-0.063912,,63797.265,coinbase,40.535,-0.265,True,,0.265,0.0,-0.0,,,,,,,,
1783715712.5790348,1708.3299,bid,APPEAR,63823.5,0.01,True,False,140,,4.0001,63837.8,-14.3,-0.022401,,63823.755,coinbase,14.045,-0.255,True,,0.255,3.64,-3.64,,,,,,,,
1783715712.5790348,1708.3299,bid,CANCEL?,63797.0,0.0,,False,,4.0001,,63837.8,-40.8,-0.063912,,,coinbase,,,,,,,,26.49,-26.49,,,,,,
1783715716.578899,1712.3298,bid,CANCEL?,63823.5,0.0,,False,,3.9999,,63837.8,-14.3,-0.022401,,,coinbase,,,,,,,,16.55,-16.55,,,,,,
1783715716.578899,1712.3298,ask,APPEAR,63843.0,0.01,True,False,49,,755.9787,63837.8,5.2,0.008146,,63840.305,coinbase,-2.505,2.695,True,,2.695,-2.925,-2.925,,,,,,,,
1783715716.578899,1712.3298,bid,THESIS,63788.5,,,False,,,,63837.8,,,,,coinbase,,,,,,,,,,0.0,0.0,0.0,1.17,9.77,52.81
1783715719.5801668,1715.331,ask,CANCEL?,63843.0,0.0,,False,,3.0013,,63837.8,5.2,0.008146,,,coinbase,,,,,,,,0.0,0.0,,,,,,
1783715719.5801668,1715.331,bid,THESIS,63798.0,,,False,,,,63837.8,,,,,coinbase,,,,,,,,,,0.0,0.0,0.0,0.0,0.0,43.04
1783715723.579494,1719.3303,bid,THESIS,63797.0,,,False,,,,63837.8,,,,,coinbase,,,,,,,,,,0.0,0.0,0.0,0.0,21.06,44.2
1783715724.5804002,1720.3313,ask,APPEAR,63842.5,0.01,True,False,44,,5.0002,63837.8,4.7,0.007362,,63841.465,coinbase,-3.665,1.035,True,,1.035,0.0,0.0,,,,,,,,
1783715730.578944,1726.3298,ask,CANCEL?,63842.5,0.0,,False,,5.9985,,63837.8,4.7,0.007362,,,coinbase,,,,,,,,-2.92,-2.92,,,,,,
1783715730.578944,1726.3298,bid,THESIS,63823.5,,,False,,,,63837.8,,,,,coinbase,,,,,,,,,,0.0,0.0,0.0,-5.43,16.55,14.79
1783715731.580559,1727.3314,ask,THESIS,63843.0,,,False,,,,63837.8,,,,,coinbase,,,,,,,,,,0.0,0.0,0.0,0.0,5.64,-1.76
1783715732.57846,1728.3293,ask,APPEAR,63839.5,0.01,False,False,14,,1.9995,63837.8,1.7,0.002663,,63838.545,coinbase,-0.745,0.955,True,,0.955,0.0,0.0,,,,,,,,
1783715750.580129,1746.331,bid,APPEAR,63835.0,0.01,True,False,25,,34.0012,63837.8,-2.8,-0.004386,,63835.47,coinbase,2.33,-0.47,True,,0.47,-0.315,0.315,,,,,,,,
1783715750.580129,1746.331,ask,CANCEL?,63839.5,0.0,,False,,18.0017,,63837.8,1.7,0.002663,,,coinbase,,,,,,,,-3.075,-3.075,,,,,,
1783715750.580129,1746.331,ask,THESIS,63842.5,,,False,,,,63837.8,,,,,coinbase,,,,,,,,,,0.0,0.0,0.0,0.0,-2.92,-5.995
1783715750.580129,1746.331,ask,THESIS,63839.5,,,False,,,,63837.8,,,,,coinbase,,,,,,,,,,0.0,0.0,0.0,0.0,-3.075,-3.075
1783715752.577599,1748.3285,bid,APPEAR,63836.5,0.01,True,False,10,,35.9987,63837.8,-1.3,-0.002036,,63838.215,coinbase,-0.415,-1.715,False,,1.715,1.72,-1.72,,,,,,,,
1783715752.577599,1748.3285,bid,CANCEL?,63835.0,0.0,,False,,1.9975,,63837.8,-2.8,-0.004386,,,coinbase,,,,,,,,2.745,-2.745,,,,,,
1783715753.578655,1749.3295,ask,APPEAR,63839.5,0.01,True,False,14,,2.9985,63837.8,1.7,0.002663,,63838.695,coinbase,-0.895,0.805,True,,0.805,0.48,0.48,,,,,,,,
1783715755.578397,1751.3293,bid,CANCEL?,63836.5,0.0,,False,,3.0008,,63837.8,-1.3,-0.002036,,,coinbase,,,,,,,,0.48,-0.48,,,,,,
1783715760.577177,1756.328,bid,APPEAR,63837.0,0.01,True,False,5,,4.9988,63837.8,-0.8,-0.001253,,63837.095,coinbase,0.705,-0.095,True,,0.095,0.0,-0.0,,,,,,,,
1783715760.577177,1756.328,ask,CANCEL?,63839.5,0.0,,False,,6.9985,,63837.55,1.95,0.003055,,,coinbase,,,,,,,,-1.6,-1.6,,,,,,
1783715761.5880241,1757.3389,ask,APPEAR,63838.0,0.01,False,False,4,,1.0108,63837.55,0.45,0.000705,,63837.095,coinbase,0.455,0.905,False,,0.905,0.0,0.0,,,,,,,,
1783715763.5797708,1759.3306,bid,CANCEL?,63837.0,0.0,,False,,3.0026,,63837.55,-0.55,-0.000862,,,coinbase,,,,,,,,-13.42,13.42,,,,,,
1783715763.5797708,1759.3306,bid,APPEAR,63835.5,0.01,True,False,20,,0.0,63837.55,-2.05,-0.003211,,63823.675,coinbase,13.875,11.825,True,,-11.825,-13.42,13.42,,,,,,,,
1783715765.580037,1761.3309,ask,CANCEL?,63838.0,0.0,,False,,3.992,,63837.55,0.45,0.000705,,,coinbase,,,,,,,,-13.42,-13.42,,,,,,
1783715766.588423,1762.3393,bid,THESIS,63835.0,,,False,,,,63837.8,,,,,coinbase,,,,,,,,,,0.0,-0.25,-0.25,2.745,1.625,-11.795
1783715767.578103,1763.329,bid,CANCEL?,63835.5,0.0,,False,,3.9983,,63837.55,-2.05,-0.003211,,,coinbase,,,,,,,,0.0,-0.0,,,,,,
1783715767.578103,1763.329,bid,APPEAR,63823.5,0.01,True,False,140,,0.0,63837.55,-14.05,-0.022009,,63823.675,coinbase,13.875,-0.175,True,,0.175,0.0,-0.0,,,,,,,,
1783715767.578103,1763.329,bid,THESIS,63836.5,,,False,,,,63837.8,,,,,coinbase,,,,,,,,,,0.0,-0.25,-0.25,0.48,-1.12,-14.54
1783715770.578132,1766.329,ask,THESIS,63839.5,,,False,,,,63837.8,,,,,coinbase,,,,,,,,,,0.0,-0.25,-0.25,0.0,-1.6,-9.78
1783715771.577405,1767.3283,bid,APPEAR,63833.5,0.01,True,False,40,,3.9993,63837.55,-4.05,-0.006344,,63833.485,coinbase,4.065,0.015,True,,-0.015,4.57,-4.57,,,,,,,,
1783715771.577405,1767.3283,bid,CANCEL?,63823.5,0.0,,False,,3.9993,,63837.55,-14.05,-0.022009,,,coinbase,,,,,,,,9.81,-9.81,,,,,,
1783715775.577354,1771.3282,bid,THESIS,63837.0,,,False,,,,63837.8,,,,,coinbase,,,,,,,,,,-0.25,-0.25,-0.25,0.0,-13.42,-3.44
1783715778.57727,1774.3281,bid,APPEAR,63835.0,0.01,True,False,25,,6.9999,63837.55,-2.55,-0.003995,,63835.025,coinbase,2.525,-0.025,True,,0.025,0.0,-0.0,,,,,,,,
1783715778.57727,1774.3281,bid,CANCEL?,63833.5,0.0,,False,,6.9999,,63837.55,-4.05,-0.006344,,,coinbase,,,,,,,,1.54,-1.54,,,,,,
1783715778.57727,1774.3281,ask,THESIS,63838.0,,,False,,,,63837.55,,,,,coinbase,,,,,,,,,,0.0,0.0,0.0,-13.42,-13.42,-2.07
1783715780.578727,1776.3296,bid,THESIS,63835.5,,,False,,,,63837.55,,,,,coinbase,,,,,,,,,,0.0,0.0,0.0,0.0,5.24,18.28
1783715782.5781372,1778.329,bid,CANCEL?,63835.0,0.0,,False,,4.0009,,63837.55,-2.55,-0.003995,,,coinbase,,,,,,,,8.31,-8.31,,,,,,
1783715782.5781372,1778.329,ask,APPEAR,63844.0,0.01,True,False,64,,16.9981,63837.55,6.45,0.010104,,63843.335,coinbase,-5.785,0.665,True,,0.665,0.0,0.0,,,,,,,,
1783715782.5781372,1778.329,bid,THESIS,63823.5,,,False,,,,63837.55,,,,,coinbase,,,,,,,,,,0.0,0.0,0.0,0.0,9.98,19.66
1783715785.5771048,1781.328,ask,CANCEL?,63844.0,0.0,,False,,2.999,,63837.55,6.45,0.010104,,,coinbase,,,,,,,,18.97,18.97,,,,,,
1783715787.5764291,1783.3273,ask,APPEAR,63861.5,0.01,True,False,239,,1.9993,63837.55,23.95,0.037517,,63860.815,coinbase,-23.265,0.685,True,,0.685,0.0,0.0,,,,,,,,
1783715787.5764291,1783.3273,bid,THESIS,63833.5,,,False,,,,63837.55,,,,,coinbase,,,,,,,,,,0.0,0.0,0.0,0.17,1.54,27.33
1783715790.576671,1786.3275,ask,CANCEL?,63861.5,0.0,,False,,3.0002,,63837.55,23.95,0.037517,,,coinbase,,,,,,,,-7.93,-7.93,,,,,,
1783715792.5778618,1788.3287,ask,APPEAR,63853.5,0.01,False,False,159,,2.0012,63837.55,15.95,0.024985,,63852.885,coinbase,-15.335,0.615,True,,0.615,0.0,0.0,,,,,,,,
1783715795.577562,1791.3284,bid,APPEAR,63818.0,0.01,True,False,195,,12.9994,63837.55,-19.55,-0.030625,,63818.015,coinbase,19.535,-0.015,True,,0.015,0.0,-0.0,,,,,,,,
1783715795.577562,1791.3284,ask,CANCEL?,63853.5,0.0,,False,,2.9997,,63837.55,15.95,0.024985,,,coinbase,,,,,,,,-34.87,-34.87,,,,,,
1783715795.577562,1791.3284,bid,THESIS,63835.0,,,False,,,,63837.55,,,,,coinbase,,,,,,,,,,0.0,0.0,0.0,6.93,8.31,-17.01
1783715798.577041,1794.3279,bid,CANCEL?,63818.0,0.0,,False,,2.9995,,63837.55,-19.55,-0.030625,,,coinbase,,,,,,,,3.81,-3.81,,,,,,
1783715798.577041,1794.3279,ask,THESIS,63844.0,,,False,,,,63837.55,,,,,coinbase,,,,,,,,,,0.0,0.0,0.0,0.0,9.55,-21.51
1783715799.5766242,1795.3275,bid,APPEAR,63821.5,0.01,True,False,160,,0.9996,63837.55,-16.05,-0.025142,,63821.995,coinbase,15.555,-0.495,True,,0.495,0.17,-0.17,,,,,,,,
1783715802.593029,1798.3439,bid,APPEAR,63822.0,0.01,True,False,155,,4.016,63837.55,-15.55,-0.024359,,63821.995,coinbase,15.555,0.005,True,,-0.005,0.0,-0.0,,,,,,,,
1783715802.593029,1798.3439,bid,CANCEL?,63821.5,0.0,,False,,3.0164,,63837.55,-16.05,-0.025142,,,coinbase,,,,,,,,0.0,-0.0,,,,,,
1783715802.593029,1798.3439,ask,THESIS,63861.5,,,False,,,,63837.55,,,,,coinbase,,,,,,,,,,0.0,0.0,0.0,-7.93,-7.93,-38.82
1783715808.576116,1804.327,ask,THESIS,63853.5,,,False,,,,63837.55,,,,,coinbase,,,,,,,,,,0.0,0.0,0.0,-34.87,-31.06,-30.89
1783715856.575899,1852.3268,bid,THESIS,63818.0,,,False,,,,63837.55,,,,,coinbase,,,,,,,,,,0.0,0.0,0.0,2.075,3.98,-1.53
1783715856.575899,1852.3268,bid,THESIS,63821.5,,,False,,,,63837.55,,,,,coinbase,,,,,,,,,,0.0,0.0,0.0,0.0,0.0,-5.51
1783715856.575899,1852.3268,bid,THESIS,63822.0,,,False,,,,63837.55,,,,,coinbase,,,,,,,,,,0.0,0.0,0.0,0.0,0.0,-5.51
1783715858.575079,1854.3259,bid,CANCEL?,63822.0,0.0,,False,,55.982,,63837.55,-15.55,-0.024359,,,coinbase,,,,,,,,-5.51,5.51,,,,,,
1783715858.575079,1854.3259,bid,APPEAR,63816.5,0.01,True,False,210,,0.0,63837.55,-21.05,-0.032974,,63816.485,coinbase,21.065,0.015,True,,-0.015,0.0,-0.0,,,,,,,,
1783715865.5751522,1861.326,bid,CANCEL?,63816.5,0.0,,False,,7.0001,,63837.55,-21.05,-0.032974,,,coinbase,,,,,,,,-3.64,3.64,,,,,,
1783715865.5751522,1861.326,bid,APPEAR,63812.5,0.01,True,False,250,,0.0,63837.55,-25.05,-0.03924,,63812.845,coinbase,24.705,-0.345,True,,0.345,0.0,-0.0,,,,,,,,
1783715898.574859,1894.3257,bid,THESIS,63816.5,,,False,,,,63837.55,,,,,coinbase,,,,,,,,,,0.0,0.0,0.0,-3.64,-3.64,6.55
1783715898.574859,1894.3257,bid,THESIS,63812.5,,,False,,,,63837.55,,,,,coinbase,,,,,,,,,,0.0,0.0,0.0,10.19,10.19,10.19
1783715900.574325,1896.3252,bid,APPEAR,63823.0,0.01,True,False,145,,34.9992,63837.55,-14.55,-0.022792,,63823.035,coinbase,14.515,-0.035,True,,0.035,0.0,-0.0,,,,,,,,
1783715900.574325,1896.3252,bid,CANCEL?,63812.5,0.0,,False,,34.9992,,63837.55,-25.05,-0.03924,,,coinbase,,,,,,,,10.19,-10.19,,,,,,
1783715906.580865,1902.3317,bid,APPEAR,63834.5,0.01,True,False,30,,6.0065,63837.55,-3.05,-0.004778,,63837.865,coinbase,-0.315,-3.365,False,,3.365,6.83,-6.83,,,,,,,,
1783715906.580865,1902.3317,bid,CANCEL?,63823.0,0.0,,False,,6.0065,,63837.55,-14.55,-0.022792,,,coinbase,,,,,,,,14.83,-14.83,,,,,,
1783715908.5735948,1904.3244,ask,APPEAR,63840.5,0.01,True,False,29,,112.996,63837.55,2.95,0.004621,,63839.735,coinbase,-2.185,0.765,True,,0.765,0.0,0.0,,,,,,,,
1783715909.573781,1905.3246,bid,CANCEL?,63834.5,0.0,,False,,2.9929,,63837.55,-3.05,-0.004778,,,coinbase,,,,,,,,3.4,-3.4,,,,,,
1783715911.573524,1907.3244,bid,APPEAR,63831.0,0.01,True,False,65,,1.9997,63837.55,-6.55,-0.01026,,63831.045,coinbase,6.505,-0.045,True,,0.045,0.0,-0.0,,,,,,,,
1783715911.573524,1907.3244,ask,CANCEL?,63840.5,0.0,,False,,2.9999,,63837.55,2.95,0.004621,,,coinbase,,,,,,,,-8.69,-8.69,,,,,,
1783715916.573403,1912.3243,bid,CANCEL?,63831.0,0.0,,False,,4.9999,,63837.55,-6.55,-0.01026,,,coinbase,,,,,,,,-2.44,2.44,,,,,,
1783715916.573403,1912.3243,bid,APPEAR,63828.5,0.01,True,False,90,,0.0,63837.55,-9.05,-0.014177,,63828.605,coinbase,8.945,-0.105,True,,0.105,0.0,-0.0,,,,,,,,
1783715916.573403,1912.3243,bid,THESIS,63823.0,,,False,,,,63837.55,,,,,coinbase,,,,,,,,,,0.0,0.0,0.0,14.83,14.83,5.57
1783715923.573386,1919.3242,bid,THESIS,63834.5,,,False,,,,63837.55,,,,,coinbase,,,,,,,,,,0.0,0.0,0.0,1.87,-6.82,-9.26
1783715929.5730822,1925.3239,bid,CANCEL?,63828.5,0.0,,False,,12.9997,,63837.55,-9.05,-0.014177,,,coinbase,,,,,,,,-4.84,4.84,,,,,,
1783715929.5730822,1925.3239,bid,APPEAR,63823.5,0.01,True,False,140,,0.0,63837.55,-14.05,-0.022009,,63823.765,coinbase,13.785,-0.265,True,,0.265,0.0,-0.0,,,,,,,,
1783715929.5730822,1925.3239,ask,THESIS,63840.5,,,False,,,,63837.55,,,,,coinbase,,,,,,,,,,0.0,0.0,0.0,1.53,-9.91,-15.97
1783715929.5730822,1925.3239,bid,THESIS,63831.0,,,False,,,,63837.55,,,,,coinbase,,,,,,,,,,0.0,0.0,0.0,0.0,-2.44,-7.28
1783715931.573438,1927.3243,bid,THESIS,63828.5,,,False,,,,63837.55,,,,,coinbase,,,,,,,,,,0.0,0.0,0.0,0.0,0.0,-4.84
1783715942.57281,1938.3237,bid,CANCEL?,63823.5,0.0,,False,,12.9997,,63837.55,-14.05,-0.022009,,,coinbase,,,,,,,,-3.19,3.19,,,,,,
1783715942.57281,1938.3237,bid,APPEAR,63820.5,0.01,True,False,170,,0.0,63837.55,-17.05,-0.026708,,63820.575,coinbase,16.975,-0.075,True,,0.075,0.0,-0.0,,,,,,,,
1783715960.572652,1956.3235,bid,THESIS,63823.5,,,False,,,,63837.55,,,,,coinbase,,,,,,,,,,0.0,0.0,0.0,0.0,-3.19,-3.19
1783715960.572652,1956.3235,bid,THESIS,63820.5,,,False,,,,63837.55,,,,,coinbase,,,,,,,,,,0.0,0.0,0.0,0.0,0.0,0.0
1783715983.571574,1979.3224,bid,APPEAR,63823.5,0.01,True,False,140,,40.9988,63837.55,-14.05,-0.022009,,63827.735,coinbase,9.815,-4.235,True,,4.235,5.57,-5.57,,,,,,,,
1783715983.571574,1979.3224,bid,CANCEL?,63820.5,0.0,,False,,40.9988,,63837.55,-17.05,-0.026708,,,coinbase,,,,,,,,7.16,-7.16,,,,,,
1783715986.632532,1982.3834,bid,APPEAR,63836.0,0.01,True,False,15,,3.061,63837.55,-1.55,-0.002428,,63835.995,coinbase,1.555,0.005,True,,-0.005,0.0,-0.0,,,,,,,,
1783715986.632532,1982.3834,bid,CANCEL?,63823.5,0.0,,False,,3.061,,63837.55,-14.05,-0.022009,,,coinbase,,,,,,,,8.26,-8.26,,,,,,
1783715990.635492,1986.3863,bid,CANCEL?,63836.0,0.0,,False,,4.003,,63837.55,-1.55,-0.002428,,,coinbase,,,,,,,,-7.99,7.99,,,,,,
1783715990.635492,1986.3863,bid,APPEAR,63828.0,0.01,True,False,95,,0.0,63837.55,-9.55,-0.01496,,63828.005,coinbase,9.545,-0.005,True,,0.005,0.6,-0.6,,,,,,,,
1783716000.586642,1996.3375,bid,THESIS,63823.5,,,False,,,,63837.55,,,,,coinbase,,,,,,,,,,0.0,0.0,0.0,7.6,-0.05,0.27
1783716002.5954409,1998.3463,bid,CANCEL?,63828.0,0.0,,False,,11.9599,,63837.55,-9.55,-0.01496,,,coinbase,,,,,,,,-7.47,7.47,,,,,,
1783716002.5954409,1998.3463,bid,APPEAR,63820.5,0.01,True,False,170,,0.0,63837.55,-17.05,-0.026708,,63820.535,coinbase,17.015,-0.035,True,,0.035,-1.89,1.89,,,,,,,,
1783716002.5954409,1998.3463,bid,THESIS,63836.0,,,False,,,,63837.55,,,,,coinbase,,,,,,,,,,0.0,0.0,0.0,-8.31,-7.99,-15.46
1783716018.5683131,2014.3192,bid,THESIS,63828.0,,,False,,,,63837.55,,,,,coinbase,,,,,,,,,,0.0,0.0,0.0,0.0,0.0,-7.54
1783716018.5683131,2014.3192,bid,THESIS,63820.5,,,False,,,,63837.55,,,,,coinbase,,,,,,,,,,0.0,0.0,0.0,-0.045,-0.07,-0.07
1783716033.5676532,2029.3185,bid,CANCEL?,63820.5,0.0,,False,,30.9722,,63837.55,-17.05,-0.026708,,,coinbase,,,,,,,,-0.41,0.41,,,,,,
1783716033.5676532,2029.3185,bid,APPEAR,63820.0,0.01,True,False,175,,0.0,63837.55,-17.55,-0.027492,,63820.125,coinbase,17.425,-0.125,True,,0.125,0.0,-0.0,,,,,,,,
1783716041.568456,2037.3193,bid,CANCEL?,63820.0,0.0,,False,,8.0008,,63837.55,-17.55,-0.027492,,,coinbase,,,,,,,,-3.19,3.19,,,,,,
1783716041.568456,2037.3193,bid,APPEAR,63817.0,0.01,True,False,205,,0.0,63837.55,-20.55,-0.032191,,63816.935,coinbase,20.615,0.065,True,,-0.065,0.0,-0.0,,,,,,,,
1783716072.5679958,2068.3189,bid,CANCEL?,63817.0,0.0,,False,,30.9995,,63837.55,-20.55,-0.032191,,,coinbase,,,,,,,,-9.71,9.71,,,,,,
1783716072.5679958,2068.3189,bid,APPEAR,63807.0,0.01,True,False,305,,0.0,63837.55,-30.55,-0.047856,,63807.225,coinbase,30.325,-0.225,True,,0.225,0.0,-0.0,,,,,,,,
1783716072.5679958,2068.3189,bid,THESIS,63820.0,,,False,,,,63837.55,,,,,coinbase,,,,,,,,,,0.0,0.0,0.0,0.0,-3.19,-12.9
1783716072.5679958,2068.3189,bid,THESIS,63817.0,,,False,,,,63837.55,,,,,coinbase,,,,,,,,,,0.0,0.0,0.0,0.0,-9.71,-9.71
1783716079.567652,2075.3185,bid,APPEAR,63818.0,0.01,True,False,195,,6.9997,63837.55,-19.55,-0.030625,,63820.115,coinbase,17.435,-2.115,True,,2.115,1.76,-1.76,,,,,,,,
1783716079.567652,2075.3185,bid,CANCEL?,63807.0,0.0,,False,,6.9997,,63837.55,-30.55,-0.047856,,,coinbase,,,,,,,,12.89,-12.89,,,,,,
1783716082.566402,2078.3173,bid,APPEAR,63820.0,0.01,True,False,175,,2.9987,63837.55,-17.55,-0.027492,,63820.115,coinbase,17.435,-0.115,True,,0.115,0.0,-0.0,,,,,,,,
1783716082.566402,2078.3173,bid,CANCEL?,63818.0,0.0,,False,,2.9987,,63837.55,-19.55,-0.030625,,,coinbase,,,,,,,,0.0,-0.0,,,,,,
1783716085.566686,2081.3175,bid,APPEAR,63820.5,0.01,True,False,170,,3.0003,63837.55,-17.05,-0.026708,,63820.465,coinbase,17.085,0.035,True,,-0.035,0.0,-0.0,,,,,,,,
1783716085.566686,2081.3175,bid,CANCEL?,63820.0,0.0,,False,,3.0003,,63837.55,-17.55,-0.027492,,,coinbase,,,,,,,,0.35,-0.35,,,,,,
1783716088.566752,2084.3176,bid,THESIS,63807.0,,,False,,,,63837.55,,,,,coinbase,,,,,,,,,,0.0,0.0,0.0,0.0,12.89,13.24
1783716095.565696,2091.3166,bid,THESIS,63818.0,,,False,,,,63837.55,,,,,coinbase,,,,,,,,,,0.0,0.0,0.0,0.0,0.35,0.35
1783716141.566384,2137.3172,bid,THESIS,63820.0,,,False,,,,63837.55,,,,,coinbase,,,,,,,,,,0.0,0.0,0.0,0.35,0.35,13.86
1783716141.566384,2137.3172,bid,THESIS,63820.5,,,False,,,,63837.55,,,,,coinbase,,,,,,,,,,0.0,0.0,0.0,0.0,0.0,13.51
1783716143.567829,2139.3187,bid,APPEAR,63834.0,0.01,True,False,35,,58.0011,63837.55,-3.55,-0.005561,,63833.975,coinbase,3.575,0.025,True,,-0.025,0.0,-0.0,,,,,,,,
1783716143.567829,2139.3187,bid,CANCEL?,63820.5,0.0,,False,,58.0011,,63837.55,-17.05,-0.026708,,,coinbase,,,,,,,,13.51,-13.51,,,,,,
1783716165.592854,2161.3437,bid,THESIS,63834.0,,,False,,,,63837.55,,,,,coinbase,,,,,,,,,,0.0,0.0,0.0,0.0,0.0,-2.215
1783716168.5661922,2164.317,bid,CANCEL?,63834.0,0.0,,False,,24.9984,,63837.55,-3.55,-0.005561,,,coinbase,,,,,,,,-7.82,7.82,,,,,,
1783716168.5661922,2164.317,bid,APPEAR,63826.0,0.01,True,False,115,,0.0,63837.55,-11.55,-0.018093,,63826.155,coinbase,11.395,-0.155,True,,0.155,0.0,-0.0,,,,,,,,
1783716181.5635269,2177.3144,bid,CANCEL?,63826.0,0.0,,False,,12.9973,,63837.55,-11.55,-0.018093,,,coinbase,,,,,,,,1.13,-1.13,,,,,,
1783716182.5630012,2178.3139,bid,APPEAR,63827.0,0.01,True,False,105,,0.9995,63837.55,-10.55,-0.016526,,63827.285,coinbase,10.265,-0.285,True,,0.285,0.0,-0.0,,,,,,,,
1783716188.564866,2184.3157,bid,THESIS,63826.0,,,False,,,,63837.55,,,,,coinbase,,,,,,,,,,0.0,0.0,0.0,0.0,0.0,6.49
1783716190.5645592,2186.3154,bid,APPEAR,63835.5,0.01,True,False,20,,9.001,63837.55,-2.05,-0.003211,,63835.835,coinbase,1.715,-0.335,True,,0.335,3.19,-3.19,,,,,,,,
1783716190.5645592,2186.3154,bid,CANCEL?,63827.0,0.0,,False,,8.0016,,63837.55,-10.55,-0.016526,,,coinbase,,,,,,,,8.55,-8.55,,,,,,
1783716200.56262,2196.3135,bid,THESIS,63827.0,,,False,,,,63837.55,,,,,coinbase,,,,,,,,,,0.0,0.0,0.0,5.36,5.36,8.55
1783716208.566816,2204.3177,bid,CANCEL?,63835.5,0.0,,False,,18.0023,,63837.55,-2.05,-0.003211,,,coinbase,,,,,,,,-4.91,4.91,,,,,,
1783716208.566816,2204.3177,bid,APPEAR,63832.5,0.01,True,False,50,,0.0,63837.55,-5.05,-0.007911,,63830.925,coinbase,6.625,1.575,True,,-1.575,-1.72,1.72,,,,,,,,
1783716208.566816,2204.3177,bid,THESIS,63835.5,,,False,,,,63837.55,,,,,coinbase,,,,,,,,,,0.0,0.0,0.0,0.0,0.0,-4.91
1783716211.561673,2207.3125,bid,CANCEL?,63832.5,0.0,,False,,2.9949,,63837.55,-5.05,-0.007911,,,coinbase,,,,,,,,0.0,-0.0,,,,,,
1783716211.561673,2207.3125,bid,APPEAR,63831.0,0.01,True,False,65,,0.0,63837.55,-6.55,-0.01026,,63830.925,coinbase,6.625,0.075,True,,-0.075,0.0,-0.0,,,,,,,,
1783716242.5635898,2238.3144,bid,THESIS,63832.5,,,False,,,,63837.55,,,,,coinbase,,,,,,,,,,0.0,0.0,0.0,0.0,2.87,2.87
1783716242.5635898,2238.3144,bid,THESIS,63831.0,,,False,,,,63837.55,,,,,coinbase,,,,,,,,,,0.0,0.0,0.0,2.87,2.87,2.87
1783716246.5979772,2242.3488,bid,APPEAR,63833.5,0.01,True,False,40,,35.0363,63837.55,-4.05,-0.006344,,63833.795,coinbase,3.755,-0.295,True,,0.295,0.0,-0.0,,,,,,,,
1783716246.5979772,2242.3488,bid,CANCEL?,63831.0,0.0,,False,,35.0363,,63837.55,-6.55,-0.01026,,,coinbase,,,,,,,,2.87,-2.87,,,,,,
1783716271.562772,2267.3136,bid,APPEAR,63834.0,0.01,True,False,35,,24.9648,63837.55,-3.55,-0.005561,,63834.215,coinbase,3.335,-0.215,True,,0.215,0.0,-0.0,,,,,,,,
1783716271.562772,2267.3136,bid,CANCEL?,63833.5,0.0,,False,,24.9648,,63837.55,-4.05,-0.006344,,,coinbase,,,,,,,,0.42,-0.42,,,,,,
1783716271.562772,2267.3136,bid,THESIS,63833.5,,,False,,,,63837.55,,,,,coinbase,,,,,,,,,,0.0,0.0,0.0,0.42,0.42,0.42
1783716278.559967,2274.3108,ask,APPEAR,63839.0,0.01,True,False,14,,366.9864,63837.55,1.45,0.002271,,63837.855,coinbase,-0.305,1.145,True,,1.145,0.45,0.45,,,,,,,,
1783716280.5612311,2276.3121,bid,CANCEL?,63834.0,0.0,,False,,8.9985,,63837.55,-3.55,-0.005561,,,coinbase,,,,,,,,3.64,-3.64,,,,,,
1783716281.569509,2277.3204,ask,CANCEL?,63839.0,0.0,,False,,3.0095,,63837.55,1.45,0.002271,,,coinbase,,,,,,,,0.0,0.0,,,,,,
1783716283.560142,2279.311,ask,APPEAR,63839.0,0.01,True,False,14,,1.9906,63837.55,1.45,0.002271,,63837.875,coinbase,-0.325,1.125,True,,1.125,0.02,0.02,,,,,,,,
1783716285.56305,2281.3139,ask,CANCEL?,63839.0,0.0,,False,,2.0029,,63837.55,1.45,0.002271,,,coinbase,,,,,,,,0.0,0.0,,,,,,
1783716287.559901,2283.3108,ask,APPEAR,63838.5,0.01,False,False,9,,1.9969,63837.55,0.95,0.001488,,63837.875,coinbase,-0.325,0.625,True,,0.625,0.0,0.0,,,,,,,,
1783716287.559901,2283.3108,bid,THESIS,63834.0,,,False,,,,63837.55,,,,,coinbase,,,,,,,,,,0.0,0.0,0.0,0.0,3.64,3.66
1783716299.5632179,2295.3141,ask,THESIS,63839.0,,,False,,,,63837.55,,,,,coinbase,,,,,,,,,,0.0,0.0,0.0,0.0,0.02,-3.63
1783716299.5632179,2295.3141,ask,THESIS,63839.0,,,False,,,,63837.55,,,,,coinbase,,,,,,,,,,0.0,0.0,0.0,0.0,-3.65,-3.65
1783716300.647282,2296.3981,bid,APPEAR,63834.0,0.01,True,False,35,,20.0861,63837.55,-3.55,-0.005561,,63834.225,coinbase,3.325,-0.225,True,,0.225,0.0,-0.0,,,,,,,,
1783716300.647282,2296.3981,ask,CANCEL?,63838.5,0.0,,False,,13.0874,,63837.55,0.95,0.001488,,,coinbase,,,,,,,,-3.65,-3.65,,,,,,
1783716304.565567,2300.3164,bid,CANCEL?,63834.0,0.0,,False,,3.9183,,63837.55,-3.55,-0.005561,,,coinbase,,,,,,,,-13.76,13.76,,,,,,
1783716304.565567,2300.3164,ask,THESIS,63838.5,,,False,,,,63837.55,,,,,coinbase,,,,,,,,,,0.0,0.0,0.0,-3.65,-3.65,-17.41
1783716305.5655801,2301.3164,bid,APPEAR,63820.5,0.01,False,False,170,,1.0,63837.55,-17.05,-0.026708,,63820.465,coinbase,17.085,0.035,True,,-0.035,0.0,-0.0,,,,,,,,
1783716316.559425,2312.3103,bid,THESIS,63834.0,,,False,,,,63837.55,,,,,coinbase,,,,,,,,,,0.0,0.0,0.0,-6.81,-13.76,-13.76
1783716324.558503,2320.3094,bid,CANCEL?,63820.5,0.0,,False,,18.9929,,63837.55,-17.05,-0.026708,,,coinbase,,,,,,,,-0.46,0.46,,,,,,
1783716324.558503,2320.3094,bid,APPEAR,63820.0,0.01,True,False,175,,0.0,63837.55,-17.55,-0.027492,,63820.005,coinbase,17.545,-0.005,True,,0.005,-0.12,0.12,,,,,,,,
1783716324.558503,2320.3094,bid,THESIS,63820.5,,,False,,,,63837.55,,,,,coinbase,,,,,,,,,,0.0,0.0,0.0,0.0,0.0,-0.46
1783716329.5587862,2325.3096,bid,CANCEL?,63820.0,0.0,,False,,5.0003,,63837.55,-17.55,-0.027492,,,coinbase,,,,,,,,-7.16,7.16,,,,,,
1783716329.5587862,2325.3096,bid,APPEAR,63812.5,0.01,True,False,250,,0.0,63837.55,-25.05,-0.03924,,63812.845,coinbase,24.705,-0.345,True,,0.345,-4.86,4.86,,,,,,,,
1783716339.5588648,2335.3097,bid,THESIS,63820.0,,,False,,,,63837.55,,,,,coinbase,,,,,,,,,,0.0,0.0,0.0,0.0,-7.16,-7.16
1783716349.558678,2345.3095,bid,APPEAR,63815.5,0.01,True,False,220,,19.9999,63837.55,-22.05,-0.034541,,63815.735,coinbase,21.815,-0.235,True,,0.235,2.89,-2.89,,,,,,,,
1783716349.558678,2345.3095,bid,CANCEL?,63812.5,0.0,,False,,19.9999,,63837.55,-25.05,-0.03924,,,coinbase,,,,,,,,2.89,-2.89,,,,,,
1783716349.558678,2345.3095,bid,THESIS,63812.5,,,False,,,,63837.55,,,,,coinbase,,,,,,,,,,0.0,0.0,0.0,0.0,0.0,2.89
1783716354.569542,2350.3204,bid,CANCEL?,63815.5,0.0,,False,,5.0109,,63837.55,-22.05,-0.034541,,,coinbase,,,,,,,,-5.275,5.275,,,,,,
1783716354.569542,2350.3204,bid,APPEAR,63812.5,0.01,True,False,250,,0.0,63837.55,-25.05,-0.03924,,63810.46,coinbase,27.09,2.04,True,,-2.04,-2.385,2.385,,,,,,,,
1783716357.558271,2353.3091,bid,CANCEL?,63812.5,0.0,,False,,2.9887,,63837.55,-25.05,-0.03924,,,coinbase,,,,,,,,-1.395,1.395,,,,,,
1783716357.558271,2353.3091,bid,APPEAR,63809.0,0.01,True,False,285,,0.0,63837.55,-28.55,-0.044723,,63809.065,coinbase,28.485,-0.065,True,,0.065,0.0,-0.0,,,,,,,,
1783716422.560998,2418.3119,bid,CANCEL?,63809.0,0.0,,False,,65.0027,,63837.55,-28.55,-0.044723,,,coinbase,,,,,,,,5.38,-5.38,,,,,,
1783716422.560998,2418.3119,bid,THESIS,63815.5,,,False,,,,63837.55,,,,,coinbase,,,,,,,,,,0.0,0.0,0.0,0.0,-5.275,-1.29
1783716422.560998,2418.3119,bid,THESIS,63812.5,,,False,,,,63837.55,,,,,coinbase,,,,,,,,,,0.0,0.0,0.0,-1.395,3.985,3.985
1783716422.560998,2418.3119,bid,THESIS,63809.0,,,False,,,,63837.55,,,,,coinbase,,,,,,,,,,0.0,0.0,0.0,0.0,5.38,5.38
1783716423.556523,2419.3074,bid,APPEAR,63814.5,0.01,True,False,230,,0.9955,63837.55,-23.05,-0.036107,,63817.975,coinbase,19.575,-3.475,True,,3.475,3.53,-3.53,,,,,,,,
1783716426.610861,2422.3617,bid,APPEAR,63818.0,0.01,True,False,195,,4.0499,63837.55,-19.55,-0.030625,,63817.975,coinbase,19.575,0.025,True,,-0.025,0.0,-0.0,,,,,,,,
1783716426.610861,2422.3617,bid,CANCEL?,63814.5,0.0,,False,,3.0543,,63837.55,-23.05,-0.036107,,,coinbase,,,,,,,,0.0,-0.0,,,,,,
1783716477.556349,2473.3072,bid,THESIS,63814.5,,,False,,,,63837.55,,,,,coinbase,,,,,,,,,,0.0,0.0,0.0,0.0,-9.19,-9.19
1783716477.556349,2473.3072,bid,THESIS,63818.0,,,False,,,,63837.55,,,,,coinbase,,,,,,,,,,0.0,0.0,0.0,-9.19,-9.19,-9.19
1783716478.554654,2474.3055,bid,CANCEL?,63818.0,0.0,,False,,51.9438,,63837.55,-19.55,-0.030625,,,coinbase,,,,,,,,-9.19,9.19,,,,,,
1783716478.554654,2474.3055,bid,APPEAR,63808.5,0.01,True,False,290,,0.0,63837.55,-29.05,-0.045506,,63808.785,coinbase,28.765,-0.285,True,,0.285,0.0,-0.0,,,,,,,,
1783716526.552413,2522.3033,bid,THESIS,63808.5,,,False,,,,63837.55,,,,,coinbase,,,,,,,,,,0.0,0.0,0.0,-6.86,-6.86,-6.86
1783716528.552904,2524.3038,bid,CANCEL?,63808.5,0.0,,False,,49.9983,,63837.55,-29.05,-0.045506,,,coinbase,,,,,,,,-6.86,6.86,,,,,,
1783716528.552904,2524.3038,bid,APPEAR,63802.0,0.01,True,False,355,,0.0,63837.55,-35.55,-0.055688,,63801.925,coinbase,35.625,0.075,True,,-0.075,0.0,-0.0,,,,,,,,
1783716540.558437,2536.3093,bid,APPEAR,63810.0,0.01,True,False,275,,12.0055,63837.55,-27.55,-0.043156,,63809.955,coinbase,27.595,0.045,True,,-0.045,0.0,-0.0,,,,,,,,
1783716540.558437,2536.3093,bid,CANCEL?,63802.0,0.0,,False,,12.0055,,63837.55,-35.55,-0.055688,,,coinbase,,,,,,,,8.03,-8.03,,,,,,
1783716545.5522912,2541.3031,bid,THESIS,63802.0,,,False,,,,63837.55,,,,,coinbase,,,,,,,,,,0.0,0.0,0.0,8.03,8.03,10.91
1783716546.5520692,2542.3029,bid,APPEAR,63812.5,0.01,True,False,250,,5.9936,63837.55,-25.05,-0.03924,,63812.835,coinbase,24.715,-0.335,True,,0.335,0.0,-0.0,,,,,,,,
1783716546.5520692,2542.3029,bid,CANCEL?,63810.0,0.0,,False,,5.9936,,63837.55,-27.55,-0.043156,,,coinbase,,,,,,,,2.88,-2.88,,,,,,
1783716551.552671,2547.3035,bid,APPEAR,63823.5,0.01,True,False,140,,5.0006,63837.55,-14.05,-0.022009,,63827.385,coinbase,10.165,-3.885,True,,3.885,2.51,-2.51,,,,,,,,
1783716551.552671,2547.3035,bid,CANCEL?,63812.5,0.0,,False,,5.0006,,63837.55,-25.05,-0.03924,,,coinbase,,,,,,,,14.55,-14.55,,,,,,
1783716554.5532959,2550.3042,bid,CANCEL?,63823.5,0.0,,False,,3.0006,,63837.55,-14.05,-0.022009,,,coinbase,,,,,,,,0.0,-0.0,,,,,,
1783716555.551899,2551.3028,bid,APPEAR,63827.0,0.01,True,False,105,,0.9986,63837.55,-10.55,-0.016526,,63827.385,coinbase,10.165,-0.385,True,,0.385,0.0,-0.0,,,,,,,,
1783716559.55185,2555.3027,bid,THESIS,63810.0,,,False,,,,63837.55,,,,,coinbase,,,,,,,,,,0.0,0.0,0.0,2.88,2.88,17.43
1783716561.6146061,2557.3655,bid,THESIS,63812.5,,,False,,,,63837.55,,,,,coinbase,,,,,,,,,,0.0,0.0,0.0,12.04,14.55,14.55
1783716601.550533,2597.3014,bid,THESIS,63823.5,,,False,,,,63837.55,,,,,coinbase,,,,,,,,,,0.0,0.0,0.0,0.0,0.0,-7.39
1783716601.550533,2597.3014,bid,THESIS,63827.0,,,False,,,,63837.55,,,,,coinbase,,,,,,,,,,0.0,0.0,0.0,0.0,0.0,-7.39
1783716603.552012,2599.3029,bid,CANCEL?,63827.0,0.0,,False,,48.0001,,63837.55,-10.55,-0.016526,,,coinbase,,,,,,,,-7.39,7.39,,,,,,
1783716603.552012,2599.3029,bid,APPEAR,63820.0,0.01,True,False,175,,0.0,63837.55,-17.55,-0.027492,,63819.995,coinbase,17.555,0.005,True,,-0.005,0.0,-0.0,,,,,,,,
1783716636.555913,2632.3068,bid,APPEAR,63822.5,0.01,True,False,150,,33.0039,63837.55,-15.05,-0.023575,,63823.185,coinbase,14.365,-0.685,True,,0.685,3.19,-3.19,,,,,,,,
1783716636.555913,2632.3068,bid,CANCEL?,63820.0,0.0,,False,,33.0039,,63837.55,-17.55,-0.027492,,,coinbase,,,,,,,,3.19,-3.19,,,,,,
1783716636.555913,2632.3068,bid,THESIS,63820.0,,,False,,,,63837.55,,,,,coinbase,,,,,,,,,,0.0,0.0,0.0,0.0,3.19,3.19
1783716640.549483,2636.3003,bid,APPEAR,63827.0,0.01,True,False,105,,3.9936,63837.55,-10.55,-0.016526,,63827.385,coinbase,10.165,-0.385,True,,0.385,0.0,-0.0,,,,,,,,
1783716640.549483,2636.3003,bid,CANCEL?,63822.5,0.0,,False,,3.9936,,63837.55,-15.05,-0.023575,,,coinbase,,,,,,,,4.2,-4.2,,,,,,
1783716697.5487711,2693.2996,bid,CANCEL?,63827.0,0.0,,False,,56.9993,,63837.55,-10.55,-0.016526,,,coinbase,,,,,,,,-5.06,5.06,,,,,,
1783716697.5487711,2693.2996,bid,APPEAR,63822.0,0.01,True,False,155,,0.0,63837.55,-15.55,-0.024359,,63822.325,coinbase,15.225,-0.325,True,,0.325,0.0,-0.0,,,,,,,,
1783716697.5487711,2693.2996,bid,THESIS,63822.5,,,False,,,,63837.55,,,,,coinbase,,,,,,,,,,0.0,0.0,0.0,3.91,-0.86,-0.86
1783716697.5487711,2693.2996,bid,THESIS,63827.0,,,False,,,,63837.55,,,,,coinbase,,,,,,,,,,0.0,0.0,0.0,0.0,-5.06,-5.06
1783716717.5464451,2713.2973,bid,CANCEL?,63822.0,0.0,,False,,19.9977,,63837.55,-15.55,-0.024359,,,coinbase,,,,,,,,-4.79,4.79,,,,,,
1783716717.5464451,2713.2973,bid,APPEAR,63819.0,0.01,True,False,185,,0.0,63837.55,-18.55,-0.029058,,63817.535,coinbase,20.015,1.465,True,,-1.465,-3.095,3.095,,,,,,,,
1783716717.5464451,2713.2973,bid,THESIS,63822.0,,,False,,,,63837.55,,,,,coinbase,,,,,,,,,,0.0,0.0,0.0,-4.79,-4.79,-4.79
1783716720.547088,2716.2979,bid,CANCEL?,63819.0,0.0,,False,,3.0006,,63837.55,-18.55,-0.029058,,,coinbase,,,,,,,,-1.05,1.05,,,,,,
1783716720.547088,2716.2979,bid,APPEAR,63816.5,0.01,True,False,210,,0.0,63837.55,-21.05,-0.032974,,63816.485,coinbase,21.065,0.015,True,,-0.015,0.0,-0.0,,,,,,,,
1783716723.552765,2719.3036,bid,CANCEL?,63816.5,0.0,,False,,3.0057,,63837.55,-21.05,-0.032974,,,coinbase,,,,,,,,-3.19,3.19,,,,,,
1783716723.552765,2719.3036,bid,APPEAR,63813.0,0.01,True,False,245,,0.0,63837.55,-24.55,-0.038457,,63813.295,coinbase,24.255,-0.295,True,,0.295,0.0,-0.0,,,,,,,,
1783716749.550866,2745.3017,bid,THESIS,63819.0,,,False,,,,63837.55,,,,,coinbase,,,,,,,,,,0.0,0.0,0.0,-1.05,-4.24,-4.69
1783716749.550866,2745.3017,bid,THESIS,63816.5,,,False,,,,63837.55,,,,,coinbase,,,,,,,,,,0.0,0.0,0.0,-3.19,-3.19,-3.64
1783716749.550866,2745.3017,bid,THESIS,63813.0,,,False,,,,63837.55,,,,,coinbase,,,,,,,,,,0.0,0.0,0.0,0.0,0.0,-0.45
1783716751.547814,2747.2987,bid,CANCEL?,63813.0,0.0,,False,,27.995,,63837.55,-24.55,-0.038457,,,coinbase,,,,,,,,-0.45,0.45,,,,,,
1783716751.547814,2747.2987,bid,APPEAR,63812.5,0.01,True,False,250,,0.0,63837.55,-25.05,-0.03924,,63812.845,coinbase,24.705,-0.345,True,,0.345,0.0,-0.0,,,,,,,,
1783716783.546031,2779.2969,bid,THESIS,63812.5,,,False,,,,63837.55,,,,,coinbase,,,,,,,,,,0.0,0.0,0.0,7.14,7.14,7.14
1783716785.549808,2781.3007,bid,APPEAR,63820.0,0.01,True,False,175,,34.002,63837.55,-17.55,-0.027492,,63819.985,coinbase,17.565,0.015,True,,-0.015,0.0,-0.0,,,,,,,,
1783716785.549808,2781.3007,bid,CANCEL?,63812.5,0.0,,False,,34.002,,63837.55,-25.05,-0.03924,,,coinbase,,,,,,,,7.14,-7.14,,,,,,
1783716831.544183,2827.295,bid,THESIS,63820.0,,,False,,,,63837.55,,,,,coinbase,,,,,,,,,,0.0,0.0,0.0,-3.85,-3.85,-3.85
1783716832.5451741,2828.296,bid,CANCEL?,63820.0,0.0,,False,,46.9954,,63837.55,-17.55,-0.027492,,,coinbase,,,,,,,,-5.495,5.495,,,,,,
1783716832.5451741,2828.296,bid,APPEAR,63816.0,0.01,True,False,215,,0.0,63837.55,-21.55,-0.033758,,63814.49,coinbase,23.06,1.51,True,,-1.51,-1.645,1.645,,,,,,,,
1783716836.5434198,2832.2943,bid,CANCEL?,63816.0,0.0,,False,,3.9982,,63837.55,-21.55,-0.033758,,,coinbase,,,,,,,,-1.535,1.535,,,,,,
1783716836.5434198,2832.2943,bid,APPEAR,63813.0,0.01,True,False,245,,0.0,63837.55,-24.55,-0.038457,,63812.955,coinbase,24.595,0.045,True,,-0.045,0.0,-0.0,,,,,,,,
1783716847.545184,2843.296,bid,APPEAR,63813.5,0.01,True,False,240,,11.0018,63837.55,-24.05,-0.037674,,63813.455,coinbase,24.095,0.045,True,,-0.045,0.0,-0.0,,,,,,,,
1783716847.545184,2843.296,bid,CANCEL?,63813.0,0.0,,False,,11.0018,,63837.55,-24.55,-0.038457,,,coinbase,,,,,,,,0.5,-0.5,,,,,,
1783716847.545184,2843.296,bid,THESIS,63816.0,,,False,,,,63837.55,,,,,coinbase,,,,,,,,,,0.0,0.0,0.0,-1.535,-1.035,-1.035
1783716851.544275,2847.2951,bid,THESIS,63813.0,,,False,,,,63837.55,,,,,coinbase,,,,,,,,,,0.0,0.0,0.0,0.5,0.5,7.65
1783716852.545394,2848.2962,bid,APPEAR,63818.0,0.01,True,False,195,,5.0002,63837.55,-19.55,-0.030625,,63820.605,coinbase,16.945,-2.605,True,,2.605,0.0,-0.0,,,,,,,,
1783716852.545394,2848.2962,bid,CANCEL?,63813.5,0.0,,False,,5.0002,,63837.55,-24.05,-0.037674,,,coinbase,,,,,,,,7.15,-7.15,,,,,,
1783716855.543553,2851.2944,bid,CANCEL?,63818.0,0.0,,False,,2.9982,,63837.55,-19.55,-0.030625,,,coinbase,,,,,,,,-4.12,4.12,,,,,,
1783716855.543553,2851.2944,bid,APPEAR,63816.5,0.01,True,False,210,,0.0,63837.55,-21.05,-0.032974,,63816.485,coinbase,21.065,0.015,True,,-0.015,0.0,-0.0,,,,,,,,
1783716863.545986,2859.2968,bid,THESIS,63813.5,,,False,,,,63837.55,,,,,coinbase,,,,,,,,,,0.0,0.0,0.0,9.69,7.15,3.03
1783716900.541736,2896.2926,bid,THESIS,63818.0,,,False,,,,63837.55,,,,,coinbase,,,,,,,,,,0.0,0.0,0.0,-4.12,-4.12,-22.32
1783716900.541736,2896.2926,bid,THESIS,63816.5,,,False,,,,63837.55,,,,,coinbase,,,,,,,,,,0.0,0.0,0.0,0.0,0.0,-18.2
1783716902.5422132,2898.2931,bid,CANCEL?,63816.5,0.0,,False,,46.9987,,63837.55,-21.05,-0.032974,,,coinbase,,,,,,,,-18.2,18.2,,,,,,
1783716902.5422132,2898.2931,bid,APPEAR,63798.0,0.01,True,False,395,,0.0,63837.55,-39.55,-0.061954,,63798.285,coinbase,39.265,-0.285,True,,0.285,0.0,-0.0,,,,,,,,
1783716907.552615,2903.3035,bid,APPEAR,63808.5,0.01,True,False,290,,5.0104,63837.55,-29.05,-0.045506,,63808.595,coinbase,28.955,-0.095,True,,0.095,0.0,-0.0,,,,,,,,
1783716907.552615,2903.3035,bid,CANCEL?,63798.0,0.0,,False,,5.0104,,63837.55,-39.55,-0.061954,,,coinbase,,,,,,,,10.31,-10.31,,,,,,
1783716913.542022,2909.2929,bid,CANCEL?,63808.5,0.0,,False,,5.9894,,63837.55,-29.05,-0.045506,,,coinbase,,,,,,,,-9.95,9.95,,,,,,
1783716913.542022,2909.2929,bid,APPEAR,63798.5,0.01,True,False,390,,0.0,63837.55,-39.05,-0.061171,,63798.645,coinbase,38.905,-0.145,True,,0.145,0.0,-0.0,,,,,,,,
1783716918.548897,2914.2998,bid,THESIS,63798.0,,,False,,,,63837.55,,,,,coinbase,,,,,,,,,,0.0,0.0,0.0,0.0,10.31,0.36
1783716926.5410812,2922.2919,bid,THESIS,63808.5,,,False,,,,63837.55,,,,,coinbase,,,,,,,,,,0.0,0.0,0.0,0.0,-9.95,-9.95
1783716936.5408719,2932.2917,bid,CANCEL?,63798.5,0.0,,False,,22.9988,,63837.55,-39.05,-0.061171,,,coinbase,,,,,,,,-3.42,3.42,,,,,,
1783716936.5408719,2932.2917,bid,APPEAR,63795.0,0.01,True,False,425,,0.0,63837.55,-42.55,-0.066654,,63795.225,coinbase,42.325,-0.225,True,,0.225,-0.11,0.11,,,,,,,,
1783716936.5408719,2932.2917,bid,THESIS,63798.5,,,False,,,,63837.55,,,,,coinbase,,,,,,,,,,0.0,0.0,0.0,0.0,0.0,-3.42
1783716987.5477278,2983.2986,bid,CANCEL?,63795.0,0.0,,False,,51.0069,,63837.55,-42.55,-0.066654,,,coinbase,,,,,,,,-4.78,4.78,,,,,,
1783716987.5477278,2983.2986,bid,APPEAR,63790.5,0.01,True,False,470,,0.0,63837.55,-47.05,-0.073703,,63790.445,coinbase,47.105,0.055,True,,-0.055,0.0,-0.0,,,,,,,,
1783716987.5477278,2983.2986,bid,THESIS,63795.0,,,False,,,,63837.55,,,,,coinbase,,,,,,,,,,0.0,0.0,0.0,0.0,-4.78,-4.78
1783716990.539374,2986.2902,bid,CANCEL?,63790.5,0.0,,False,,2.9916,,63837.55,-47.05,-0.073703,,,coinbase,,,,,,,,-2.45,2.45,,,,,,
1783716990.539374,2986.2902,bid,APPEAR,63788.0,0.01,True,False,495,,0.0,63837.55,-49.55,-0.077619,,63787.995,coinbase,49.555,0.005,True,,-0.005,0.0,-0.0,,,,,,,,
1783717002.5385358,2998.2894,bid,CANCEL?,63788.0,0.0,,False,,11.9992,,63837.55,-49.55,-0.077619,,,coinbase,,,,,,,,-2.64,2.64,,,,,,
1783717002.5385358,2998.2894,bid,APPEAR,63785.0,0.01,True,False,525,,0.0,63837.55,-52.55,-0.082318,,63785.355,coinbase,52.195,-0.355,True,,0.355,0.0,-0.0,,,,,,,,
1783717003.538541,2999.2894,bid,THESIS,63790.5,,,False,,,,63837.55,,,,,coinbase,,,,,,,,,,0.0,0.0,0.0,-1.54,,-5.09
1783717016.75393,3012.5048,bid,THESIS,63788.0,,,False,,,,63837.55,,,,,coinbase,,,,,,,,,,0.0,0.0,0.0,0.0,,-2.87
1783717047.759938,3043.5108,bid,APPEAR,63794.5,0.01,True,False,430,,45.2214,63837.55,-43.05,-0.067437,,63797.125,coinbase,40.425,-2.625,True,,2.625,2.49,-2.49,,,,,,,,
1783717047.759938,3043.5108,bid,CANCEL?,63785.0,0.0,,False,,45.2214,,63837.55,-52.55,-0.082318,,,coinbase,,,,,,,,11.77,-11.77,,,,,,
1783717047.759938,3043.5108,bid,THESIS,63785.0,,,False,,,,63837.55,,,,,coinbase,,,,,,,,,,0.0,0.0,0.0,0.0,-0.23,11.77
1783717050.7544472,3046.5053,bid,APPEAR,63805.5,0.01,True,False,320,,2.9945,63837.55,-32.05,-0.050206,,63805.555,coinbase,31.995,-0.055,True,,0.055,0.0,-0.0,,,,,,,,
1783717050.7544472,3046.5053,bid,CANCEL?,63794.5,0.0,,False,,2.9945,,63837.55,-43.05,-0.067437,,,coinbase,,,,,,,,8.43,-8.43,,,,,,
1783717055.753641,3051.5045,bid,CANCEL?,63805.5,0.0,,False,,4.9992,,63837.55,-32.05,-0.050206,,,coinbase,,,,,,,,-2.02,2.02,,,,,,
1783717055.753641,3051.5045,bid,APPEAR,63803.5,0.01,True,False,340,,0.0,63837.55,-34.05,-0.053339,,63803.535,coinbase,34.015,-0.035,True,,0.035,0.0,-0.0,,,,,,,,
1783717060.752005,3056.5029,bid,CANCEL?,63803.5,0.0,,False,,4.9984,,63837.55,-34.05,-0.053339,,,coinbase,,,,,,,,-8.89,8.89,,,,,,
1783717060.752005,3056.5029,bid,APPEAR,63794.5,0.01,True,False,430,,0.0,63837.55,-43.05,-0.067437,,63794.645,coinbase,42.905,-0.145,True,,0.145,-2.005,2.005,,,,,,,,
1783717067.754967,3063.5058,bid,CANCEL?,63794.5,0.0,,False,,7.003,,63837.55,-43.05,-0.067437,,,coinbase,,,,,,,,-2.83,2.83,,,,,,
1783717067.754967,3063.5058,bid,APPEAR,63791.5,0.01,True,False,460,,0.0,63837.55,-46.05,-0.072136,,63791.815,coinbase,45.735,-0.315,True,,0.315,-1.01,1.01,,,,,,,,
1783717067.754967,3063.5058,bid,THESIS,63794.5,,,False,,,,63837.55,,,,,coinbase,,,,,,,,,,0.0,0.0,0.0,0.0,6.41,-5.31
1783717067.754967,3063.5058,bid,THESIS,63805.5,,,False,,,,63837.55,,,,,coinbase,,,,,,,,,,0.0,0.0,0.0,0.0,-2.02,-13.74
1783717081.752386,3077.5032,bid,CANCEL?,63791.5,0.0,,False,,13.9974,,63837.55,-46.05,-0.072136,,,coinbase,,,,,,,,-0.81,0.81,,,,,,
1783717081.752386,3077.5032,bid,APPEAR,63791.0,0.01,True,False,465,,0.0,63837.55,-46.55,-0.072919,,63791.005,coinbase,46.545,-0.005,True,,0.005,0.0,-0.0,,,,,,,,
1783717081.752386,3077.5032,bid,THESIS,63803.5,,,False,,,,63837.55,,,,,coinbase,,,,,,,,,,0.0,0.0,0.0,0.0,-8.89,-12.53
1783717081.752386,3077.5032,bid,THESIS,63794.5,,,False,,,,63837.55,,,,,coinbase,,,,,,,,,,0.0,0.0,0.0,0.0,-2.83,-3.64
1783717083.776201,3079.5271,bid,THESIS,63791.5,,,False,,,,63837.55,,,,,coinbase,,,,,,,,,,0.0,0.0,0.0,-0.81,-0.81,-0.81
1783717102.752407,3098.5033,bid,CANCEL?,63791.0,0.0,,False,,21.0,,63837.55,-46.55,-0.072919,,,coinbase,,,,,,,,-3.01,3.01,,,,,,
1783717102.752407,3098.5033,bid,APPEAR,63788.0,0.01,True,False,495,,0.0,63837.55,-49.55,-0.077619,,63787.995,coinbase,49.555,0.005,True,,-0.005,0.0,-0.0,,,,,,,,
1783717102.752407,3098.5033,bid,THESIS,63791.0,,,False,,,,63837.55,,,,,coinbase,,,,,,,,,,0.0,0.0,0.0,0.0,-3.01,-3.01
1783717124.750686,3120.5015,bid,CANCEL?,63788.0,0.0,,False,,21.9983,,63837.55,-49.55,-0.077619,,,coinbase,,,,,,,,-1.12,1.12,,,,,,
1783717124.750686,3120.5015,bid,APPEAR,63786.5,0.01,True,False,510,,0.0,63837.55,-51.05,-0.079969,,63786.875,coinbase,50.675,-0.375,True,,0.375,0.0,-0.0,,,,,,,,
1783717124.750686,3120.5015,bid,THESIS,63788.0,,,False,,,,63837.55,,,,,coinbase,,,,,,,,,,0.0,0.0,0.0,0.0,-1.12,-1.12
1783717132.752649,3128.5035,bid,CANCEL?,63786.5,0.0,,False,,8.002,,63837.55,-51.05,-0.079969,,,coinbase,,,,,,,,-0.07,0.07,,,,,,
1783717132.752649,3128.5035,bid,APPEAR,63784.5,0.01,True,False,530,,0.0,63837.55,-53.05,-0.083102,,63786.805,coinbase,50.745,-2.305,True,,2.305,1.5,-1.5,,,,,,,,
1783717133.7952,3129.5461,bid,APPEAR,63786.5,0.01,True,False,510,,1.0426,63837.55,-51.05,-0.079969,,63786.805,coinbase,50.745,-0.305,True,,0.305,0.0,-0.0,,,,,,,,
1783717133.7952,3129.5461,bid,CANCEL?,63784.5,0.0,,False,,1.0426,,63837.55,-53.05,-0.083102,,,coinbase,,,,,,,,0.0,-0.0,,,,,,
1783717140.76069,3136.5115,bid,THESIS,63786.5,,,False,,,,63837.55,,,,,coinbase,,,,,,,,,,0.0,0.0,0.0,0.0,-0.07,1.53
1783717142.750151,3138.501,bid,APPEAR,63788.5,0.01,True,False,490,,8.955,63837.55,-49.05,-0.076836,,63788.405,coinbase,49.145,0.095,True,,-0.095,0.0,-0.0,,,,,,,,
1783717142.750151,3138.501,bid,CANCEL?,63786.5,0.0,,False,,8.955,,63837.55,-51.05,-0.079969,,,coinbase,,,,,,,,1.6,-1.6,,,,,,
1783717175.760082,3171.5109,bid,THESIS,63784.5,,,False,,,,63837.55,,,,,coinbase,,,,,,,,,,0.0,0.0,0.0,0.0,1.6,1.95
1783717175.760082,3171.5109,bid,THESIS,63786.5,,,False,,,,63837.55,,,,,coinbase,,,,,,,,,,0.0,0.0,0.0,-0.17,1.6,1.95
1783717175.760082,3171.5109,bid,THESIS,63788.5,,,False,,,,63837.55,,,,,coinbase,,,,,,,,,,0.0,0.0,0.0,0.0,0.35,0.35
1783717207.747819,3203.4987,bid,CANCEL?,63788.5,0.0,,False,,64.9977,,63837.55,-49.05,-0.076836,,,coinbase,,,,,,,,-8.32,8.32,,,,,,
1783717207.747819,3203.4987,bid,APPEAR,63780.0,0.01,True,False,575,,0.0,63837.55,-57.55,-0.090151,,63780.085,coinbase,57.465,-0.085,True,,0.085,0.0,-0.0,,,,,,,,
1783717222.823678,3218.5745,bid,THESIS,63780.0,,,False,,,,63837.55,,,,,coinbase,,,,,,,,,,0.0,0.0,0.0,0.0,0.0,0.0
1783717243.7460601,3239.4969,bid,APPEAR,63786.0,0.01,True,False,515,,35.9982,63837.55,-51.55,-0.080752,,63785.995,coinbase,51.555,0.005,True,,-0.005,0.0,-0.0,,,,,,,,
1783717243.7460601,3239.4969,bid,CANCEL?,63780.0,0.0,,False,,35.9982,,63837.55,-57.55,-0.090151,,,coinbase,,,,,,,,5.91,-5.91,,,,,,
1783717264.806879,3260.5577,bid,APPEAR,63798.0,0.01,True,False,395,,21.0608,63837.55,-39.55,-0.061954,,63798.275,coinbase,39.275,-0.275,True,,0.275,0.0,-0.0,,,,,,,,
1783717264.806879,3260.5577,bid,CANCEL?,63786.0,0.0,,False,,21.0608,,63837.55,-51.55,-0.080752,,,coinbase,,,,,,,,12.28,-12.28,,,,,,
1783717264.806879,3260.5577,bid,THESIS,63786.0,,,False,,,,63837.55,,,,,coinbase,,,,,,,,,,0.0,0.0,0.0,0.0,12.28,12.28
1783717317.848845,3313.5997,bid,CANCEL?,63798.0,0.0,,False,,53.042,,63837.55,-39.55,-0.061954,,,coinbase,,,,,,,,-0.63,0.63,,,,,,
1783717317.848845,3313.5997,bid,APPEAR,63797.5,0.01,True,False,400,,0.0,63837.55,-40.05,-0.062737,,63797.645,coinbase,39.905,-0.145,True,,0.145,0.0,-0.0,,,,,,,,
1783717317.848845,3313.5997,bid,THESIS,63798.0,,,False,,,,63837.55,,,,,coinbase,,,,,,,,,,0.0,0.0,0.0,0.0,0.0,-0.63
1783717335.7691069,3331.52,bid,CANCEL?,63797.5,0.0,,False,,17.9203,,63837.55,-40.05,-0.062737,,,coinbase,,,,,,,,-1.6,1.6,,,,,,
1783717335.7691069,3331.52,bid,APPEAR,63796.0,0.01,True,False,415,,0.0,63837.55,-41.55,-0.065087,,63796.045,coinbase,41.505,-0.045,True,,0.045,0.0,-0.0,,,,,,,,
1783717335.7691069,3331.52,bid,THESIS,63797.5,,,False,,,,63837.55,,,,,coinbase,,,,,,,,,,0.0,0.0,0.0,-1.6,-1.6,-1.6
1783717340.7446709,3336.4955,bid,APPEAR,63805.0,0.01,True,False,325,,4.9756,63837.55,-32.55,-0.050989,,63805.215,coinbase,32.335,-0.215,True,,0.215,0.0,-0.0,,,,,,,,
1783717340.7446709,3336.4955,bid,CANCEL?,63796.0,0.0,,False,,4.9756,,63837.55,-41.55,-0.065087,,,coinbase,,,,,,,,9.17,-9.17,,,,,,
1783717347.744763,3343.4956,bid,CANCEL?,63805.0,0.0,,False,,7.0001,,63837.55,-32.55,-0.050989,,,coinbase,,,,,,,,-12.5,12.5,,,,,,
1783717347.744763,3343.4956,bid,APPEAR,63792.5,0.01,True,False,450,,0.0,63837.55,-45.05,-0.07057,,63792.715,coinbase,44.835,-0.215,True,,0.215,-1.64,1.64,,,,,,,,
1783717350.742653,3346.4935,bid,CANCEL?,63792.5,0.0,,False,,2.9979,,63837.55,-45.05,-0.07057,,,coinbase,,,,,,,,-0.855,0.855,,,,,,
1783717350.742653,3346.4935,bid,APPEAR,63791.0,0.01,True,False,465,,0.0,63837.55,-46.55,-0.072919,,63791.86,coinbase,45.69,-0.86,True,,0.86,0.0,-0.0,,,,,,,,
1783717352.7678819,3348.5187,bid,THESIS,63796.0,,,False,,,,63837.55,,,,,coinbase,,,,,,,,,,0.0,0.0,0.0,0.0,9.17,-5.04
1783717357.783904,3353.5348,bid,THESIS,63805.0,,,False,,,,63837.55,,,,,coinbase,,,,,,,,,,0.0,0.0,0.0,0.0,-12.5,-14.21
1783717363.7454479,3359.4963,bid,APPEAR,63802.0,0.01,True,False,355,,13.0028,63837.55,-35.55,-0.055688,,63801.915,coinbase,35.635,0.085,True,,-0.085,10.91,-10.91,,,,,,,,
1783717363.7454479,3359.4963,bid,CANCEL?,63791.0,0.0,,False,,13.0028,,63837.55,-46.55,-0.072919,,,coinbase,,,,,,,,10.055,-10.055,,,,,,
1783717363.7454479,3359.4963,bid,THESIS,63792.5,,,False,,,,63837.55,,,,,coinbase,,,,,,,,,,0.0,0.0,0.0,0.0,-1.71,9.2
1783717367.887379,3363.6382,bid,THESIS,63791.0,,,False,,,,63837.55,,,,,coinbase,,,,,,,,,,0.0,0.0,0.0,-0.855,-0.855,10.125
1783717367.8875232,3363.6384,bid,JOINED,63802.0,0.02,,False,,4.1421,,63837.55,-35.55,-0.055688,,,coinbase,,,,,,,,0.07,-0.07,,,,,,
1783717379.742244,3375.4931,bid,APPEAR,63802.0,0.01,False,False,355,,15.9968,63837.55,-35.55,-0.055688,,63798.735,coinbase,38.815,3.265,True,,-3.265,0.0,-0.0,,,,,,,,
1783717379.742244,3375.4931,bid,APPEAR,63798.5,0.01,True,False,390,,15.9968,63837.55,-39.05,-0.061171,,63798.735,coinbase,38.815,-0.235,True,,0.235,0.0,-0.0,,,,,,,,
1783717379.742244,3375.4931,bid,THESIS,63802.0,,,False,,,,63837.55,,,,,coinbase,,,,,,,,,,0.0,0.0,0.0,0.07,0.07,-3.18
1783717394.853736,3390.6046,bid,CANCEL?,63798.5,0.0,,False,,15.1115,,63837.55,-39.05,-0.061171,,,coinbase,,,,,,,,-3.36,3.36,,,,,,
1783717394.853736,3390.6046,bid,THESIS,63802.0,,,False,,,,63837.55,,,,,coinbase,,,,,,,,,,0.0,0.0,0.0,0.0,-3.36,-3.36
1783717394.853736,3390.6046,bid,THESIS,63798.5,,,False,,,,63837.55,,,,,coinbase,,,,,,,,,,0.0,0.0,0.0,0.0,-3.36,-3.36
1783717399.741805,3395.4927,bid,APPEAR,63787.5,0.01,True,False,500,,4.8881,63837.55,-50.05,-0.078402,,63787.815,coinbase,49.735,-0.315,True,,0.315,0.0,-0.0,,,,,,,,
1783717407.741106,3403.492,bid,CANCEL?,63787.5,0.0,,False,,7.9993,,63837.55,-50.05,-0.078402,,,coinbase,,,,,,,,-0.29,0.29,,,,,,
1783717407.741106,3403.492,bid,APPEAR,63786.0,0.01,True,False,515,,0.0,63837.55,-51.55,-0.080752,,63787.525,coinbase,50.025,-1.525,True,,1.525,1.53,-1.53,,,,,,,,
1783717409.741842,3405.4927,bid,APPEAR,63788.0,0.01,True,False,495,,2.0007,63837.55,-49.55,-0.077619,,63787.925,coinbase,49.625,0.075,True,,-0.075,0.0,-0.0,,,,,,,,
1783717409.741842,3405.4927,bid,CANCEL?,63786.0,0.0,,False,,2.0007,,63837.55,-51.55,-0.080752,,,coinbase,,,,,,,,0.4,-0.4,,,,,,
1783717418.742045,3414.4929,bid,THESIS,63787.5,,,False,,,,63837.55,,,,,coinbase,,,,,,,,,,0.0,0.0,0.0,0.0,-0.29,-4.08
1783717420.741837,3416.4927,bid,CANCEL?,63788.0,0.0,,False,,11.0,,63837.55,-49.55,-0.077619,,,coinbase,,,,,,,,-4.19,4.19,,,,,,
1783717420.741837,3416.4927,bid,APPEAR,63783.5,0.01,True,False,540,,0.0,63837.55,-54.05,-0.084668,,63783.735,coinbase,53.815,-0.235,True,,0.235,0.0,-0.0,,,,,,,,
1783717427.825262,3423.5761,bid,THESIS,63786.0,,,False,,,,63837.55,,,,,coinbase,,,,,,,,,,0.0,0.0,0.0,0.4,-3.79,4.75
1783717427.825262,3423.5761,bid,THESIS,63788.0,,,False,,,,63837.55,,,,,coinbase,,,,,,,,,,0.0,0.0,0.0,0.0,-4.19,4.35
1783717429.741171,3425.492,bid,APPEAR,63792.0,0.01,True,False,455,,8.9993,63837.55,-45.55,-0.071353,,63792.275,coinbase,45.275,-0.275,True,,0.275,0.0,-0.0,,,,,,,,
1783717429.741171,3425.492,bid,CANCEL?,63783.5,0.0,,False,,8.9993,,63837.55,-54.05,-0.084668,,,coinbase,,,,,,,,8.54,-8.54,,,,,,
1783717435.741299,3431.4922,bid,APPEAR,63795.5,0.01,True,False,420,,6.0001,63837.55,-42.05,-0.06587,,63795.465,coinbase,42.085,0.035,True,,-0.035,0.0,-0.0,,,,,,,,
1783717435.741299,3431.4922,bid,CANCEL?,63792.0,0.0,,False,,6.0001,,63837.55,-45.55,-0.071353,,,coinbase,,,,,,,,3.19,-3.19,,,,,,
1783717437.7581692,3433.509,bid,THESIS,63783.5,,,False,,,,63837.55,,,,,coinbase,,,,,,,,,,0.0,0.0,0.0,8.54,8.54,11.73
1783717444.7443871,3440.4952,bid,APPEAR,63799.0,0.01,True,False,385,,9.0031,63837.55,-38.55,-0.060388,,63819.025,coinbase,18.525,-20.025,True,,20.025,19.05,-19.05,,,,,,,,
1783717444.7443871,3440.4952,bid,CANCEL?,63795.5,0.0,,False,,9.0031,,63837.55,-42.05,-0.06587,,,coinbase,,,,,,,,23.56,-23.56,,,,,,
1783717444.7443871,3440.4952,bid,THESIS,63792.0,,,False,,,,63837.55,,,,,coinbase,,,,,,,,,,0.0,0.0,0.0,3.19,3.19,26.75
1783717447.739615,3443.4905,bid,APPEAR,63819.0,0.01,True,False,185,,2.9952,63837.55,-18.55,-0.029058,,63819.025,coinbase,18.525,-0.025,True,,0.025,0.0,-0.0,,,,,,,,
1783717447.739615,3443.4905,bid,CANCEL?,63799.0,0.0,,False,,2.9952,,63837.55,-38.55,-0.060388,,,coinbase,,,,,,,,0.0,-0.0,,,,,,
1783717455.7800431,3451.5309,bid,THESIS,63795.5,,,False,,,,63837.55,,,,,coinbase,,,,,,,,,,0.0,0.0,0.0,0.0,0.0,23.56
1783717459.774966,3455.5258,bid,THESIS,63799.0,,,False,,,,63837.55,,,,,coinbase,,,,,,,,,,0.0,0.0,0.0,0.0,0.0,12.01
1783717461.8226318,3457.5735,bid,APPEAR,63831.0,0.01,True,False,65,,14.083,63837.55,-6.55,-0.01026,,63831.035,coinbase,6.515,-0.035,True,,0.035,0.0,-0.0,,,,,,,,
1783717461.8226318,3457.5735,bid,CANCEL?,63819.0,0.0,,False,,14.083,,63837.55,-18.55,-0.029058,,,coinbase,,,,,,,,12.01,-12.01,,,,,,
1783717464.792887,3460.5437,bid,THESIS,63819.0,,,False,,,,63837.55,,,,,coinbase,,,,,,,,,,0.0,0.0,0.0,0.0,0.0,16.8
1783717466.743552,3462.4944,bid,APPEAR,63835.5,0.01,True,False,20,,4.9209,63837.55,-2.05,-0.003211,,63835.825,coinbase,1.725,-0.325,True,,0.325,0.0,-0.0,,,,,,,,
1783717466.743552,3462.4944,bid,CANCEL?,63831.0,0.0,,False,,4.9209,,63837.55,-6.55,-0.01026,,,coinbase,,,,,,,,4.79,-4.79,,,,,,
1783717473.8039849,3469.5548,bid,CANCEL?,63835.5,0.0,,False,,7.0604,,63837.55,-2.05,-0.003211,,,coinbase,,,,,,,,-4.78,4.78,,,,,,
1783717473.8039849,3469.5548,bid,APPEAR,63831.0,0.01,True,False,65,,0.0,63837.55,-6.55,-0.01026,,63831.045,coinbase,6.505,-0.045,True,,0.045,0.0,-0.0,,,,,,,,
1783717493.744589,3489.4954,ask,APPEAR,63843.0,0.01,True,False,54,,1193.0973,63837.55,5.45,0.008537,,63841.995,coinbase,-4.445,1.005,True,,1.005,0.0,0.0,,,,,,,,
1783717493.744589,3489.4954,bid,THESIS,63831.0,,,False,,,,63837.55,,,,,coinbase,,,,,,,,,,0.0,0.0,0.0,4.79,4.79,10.96
1783717493.744589,3489.4954,bid,THESIS,63835.5,,,False,,,,63837.55,,,,,coinbase,,,,,,,,,,0.0,0.0,0.0,0.0,-4.78,6.17
1783717493.744589,3489.4954,bid,THESIS,63831.0,,,False,,,,63837.55,,,,,coinbase,,,,,,,,,,0.0,0.0,0.0,10.95,10.95,10.95
1783717494.792321,3490.5432,bid,CANCEL?,63831.0,0.0,,False,,20.9883,,63837.55,-6.55,-0.01026,,,coinbase,,,,,,,,10.95,-10.95,,,,,,
1783717513.83995,3509.5908,ask,CANCEL?,63843.0,0.0,,False,,20.0954,,63837.55,5.45,0.008537,,,coinbase,,,,,,,,6.43,6.43,,,,,,
1783717513.83995,3509.5908,ask,THESIS,63843.0,,,False,,,,63837.55,,,,,coinbase,,,,,,,,,,0.0,0.0,0.0,0.0,0.0,6.43
1783717515.762471,3511.5133,ask,APPEAR,63849.5,0.01,False,False,119,,1.9225,63837.55,11.95,0.018719,,63848.425,coinbase,-10.875,1.075,True,,1.075,0.0,0.0,,,,,,,,
1783717518.739124,3514.49,ask,CANCEL?,63849.5,0.0,,False,,2.9767,,63837.55,11.95,0.018719,,,coinbase,,,,,,,,7.035,7.035,,,,,,
1783717520.738282,3516.4891,ask,APPEAR,63868.0,0.01,True,False,304,,1.9992,63837.55,30.45,0.047699,,63863.325,coinbase,-25.775,4.675,True,,4.675,-4.06,-4.06,,,,,,,,
1783717522.773846,3518.5247,ask,CANCEL?,63868.0,0.0,,False,,2.0356,,63837.55,30.45,0.047699,,,coinbase,,,,,,,,-2.04,-2.04,,,,,,
1783717523.7389781,3519.4898,ask,APPEAR,63862.0,0.01,False,False,244,,0.9651,63837.55,24.45,0.0383,,63861.285,coinbase,-23.735,0.715,True,,0.715,0.0,0.0,,,,,,,,
1783717532.738713,3528.4896,ask,THESIS,63849.5,,,False,,,,63837.55,,,,,coinbase,,,,,,,,,,0.0,0.0,0.0,7.035,12.86,12.86
1783717548.738569,3544.4894,ask,CANCEL?,63862.0,0.0,,False,,24.9996,,63837.55,24.45,0.0383,,,coinbase,,,,,,,,-3.58,-3.58,,,,,,
1783717548.738569,3544.4894,ask,THESIS,63868.0,,,False,,,,63837.55,,,,,coinbase,,,,,,,,,,0.0,0.0,0.0,-2.04,-2.04,-5.62
1783717548.738569,3544.4894,ask,THESIS,63862.0,,,False,,,,63837.55,,,,,coinbase,,,,,,,,,,0.0,0.0,0.0,0.0,0.0,-3.58
1783717550.808514,3546.5594,ask,APPEAR,63858.5,0.01,False,False,209,,2.0699,63837.55,20.95,0.032818,,63857.705,coinbase,-20.155,0.795,True,,0.795,0.0,0.0,,,,,,,,
1783717558.786131,3554.537,ask,CANCEL?,63858.5,0.0,,False,,7.9776,,63837.55,20.95,0.032818,,,coinbase,,,,,,,,-4.81,-4.81,,,,,,
1783717560.799714,3556.5506,ask,APPEAR,63854.0,0.01,False,False,164,,2.0136,63837.55,16.45,0.025769,,63853.695,coinbase,-16.145,0.305,True,,0.305,0.8,0.8,,,,,,,,
1783717563.81192,3559.5628,ask,CANCEL?,63854.0,0.0,,False,,3.0122,,63837.55,16.45,0.025769,,,coinbase,,,,,,,,-1.98,-1.98,,,,,,
1783717565.737343,3561.4882,ask,APPEAR,63852.5,0.01,False,False,149,,1.9254,63837.55,14.95,0.023419,,63851.715,coinbase,-14.165,0.785,True,,0.785,0.0,0.0,,,,,,,,
1783717589.738625,3585.4895,bid,APPEAR,63830.0,0.01,True,False,75,,94.9463,63837.55,-7.55,-0.011827,,63830.525,coinbase,7.025,-0.525,True,,0.525,-21.19,21.19,,,,,,,,
1783717589.738625,3585.4895,ask,CANCEL?,63852.5,0.0,,False,,24.0013,,63837.55,14.95,0.023419,,,coinbase,,,,,,,,-21.19,-21.19,,,,,,
1783717589.738625,3585.4895,ask,THESIS,63858.5,,,False,,,,63837.55,,,,,coinbase,,,,,,,,,,0.0,0.0,0.0,-4.81,-4.81,-27.18
1783717589.738625,3585.4895,ask,THESIS,63854.0,,,False,,,,63837.55,,,,,coinbase,,,,,,,,,,0.0,0.0,0.0,-1.98,-23.17,-23.17
1783717589.738625,3585.4895,ask,THESIS,63852.5,,,False,,,,63837.55,,,,,coinbase,,,,,,,,,,0.0,0.0,0.0,-21.19,-21.19,-21.19
1783717592.7911198,3588.542,bid,CANCEL?,63830.0,0.0,,False,,3.0525,,63837.55,-7.55,-0.011827,,,coinbase,,,,,,,,-2.83,2.83,,,,,,
1783717592.7911198,3588.542,bid,APPEAR,63816.5,0.01,True,False,210,,0.0,63837.55,-21.05,-0.032974,,63827.695,coinbase,9.855,-11.195,True,,11.195,9.6,-9.6,,,,,,,,
1783717595.7375932,3591.4884,bid,APPEAR,63828.0,0.01,True,False,95,,2.9465,63837.55,-9.55,-0.01496,,63827.995,coinbase,9.555,0.005,True,,-0.005,0.0,-0.0,,,,,,,,
1783717595.7375932,3591.4884,bid,CANCEL?,63816.5,0.0,,False,,2.9465,,63837.55,-21.05,-0.032974,,,coinbase,,,,,,,,0.3,-0.3,,,,,,
1783717605.795351,3601.5462,bid,THESIS,63830.0,,,False,,,,63837.55,,,,,coinbase,,,,,,,,,,0.0,0.0,0.0,-2.83,-2.53,-2.53
1783717607.841467,3603.5923,bid,THESIS,63816.5,,,False,,,,63837.55,,,,,coinbase,,,,,,,,,,0.0,0.0,0.0,0.3,0.3,0.3
1783717621.7676501,3617.5185,bid,THESIS,63828.0,,,False,,,,63837.55,,,,,coinbase,,,,,,,,,,0.0,0.0,0.0,0.0,0.0,11.47
1783717622.7355142,3618.4864,bid,CANCEL?,63828.0,0.0,,False,,26.9979,,63837.55,-9.55,-0.01496,,,coinbase,,,,,,,,13.96,-13.96,,,,,,
1783717622.7355142,3618.4864,ask,APPEAR,63843.0,0.01,True,False,54,,32.9969,63837.55,5.45,0.008537,,63841.955,coinbase,-4.405,1.045,True,,1.045,2.49,2.49,,,,,,,,
1783717626.735511,3622.4864,ask,CANCEL?,63843.0,0.0,,False,,4.0,,63837.55,5.45,0.008537,,,coinbase,,,,,,,,10.92,10.92,,,,,,
1783717628.734988,3624.4858,ask,APPEAR,63850.5,0.01,True,False,129,,1.9995,63837.55,12.95,0.020286,,63849.705,coinbase,-12.155,0.795,True,,0.795,0.0,0.0,,,,,,,,
1783717638.7725801,3634.5234,ask,THESIS,63843.0,,,False,,,,63837.55,,,,,coinbase,,,,,,,,,,0.0,0.0,0.0,0.0,7.75,7.75
1783717643.736041,3639.4869,ask,CANCEL?,63850.5,0.0,,False,,15.0011,,63837.55,12.95,0.020286,,,coinbase,,,,,,,,-6.08,-6.08,,,,,,
1783717643.736041,3639.4869,ask,THESIS,63850.5,,,False,,,,63837.55,,,,,coinbase,,,,,,,,,,0.0,0.0,0.0,0.0,0.0,-6.08
1783717645.745398,3641.4963,ask,APPEAR,63844.5,0.01,False,False,69,,2.0094,63837.55,6.95,0.010887,,63843.625,coinbase,-6.075,0.875,True,,0.875,0.0,0.0,,,,,,,,
1783717651.772438,3647.5233,ask,CANCEL?,63844.5,0.0,,False,,6.027,,63837.55,6.95,0.010887,,,coinbase,,,,,,,,15.79,15.79,,,,,,
1783717653.737398,3649.4883,ask,APPEAR,63861.0,0.01,True,False,234,,1.965,63837.55,23.45,0.036734,,63860.155,coinbase,-22.605,0.845,True,,0.845,0.74,0.74,,,,,,,,
1783717654.7353249,3650.4862,ask,CANCEL?,63861.0,0.0,,False,,0.9979,,63837.55,23.45,0.036734,,,coinbase,,,,,,,,3.56,3.56,,,,,,
1783717656.736707,3652.4876,ask,APPEAR,63864.5,0.01,False,False,269,,2.0014,63837.55,26.95,0.042217,,63863.715,coinbase,-26.165,0.785,True,,0.785,0.0,0.0,,,,,,,,
1783717665.733981,3661.4848,bid,CANCEL?,63802.0,0.0,,False,,285.9917,,63837.55,-35.55,-0.055688,,,coinbase,,,,,,,,64.98,-64.98,,,,,,
1783717665.733981,3661.4848,ask,THESIS,63844.5,,,False,,,,63837.55,,,,,coinbase,,,,,,,,,,0.0,0.0,0.0,15.79,15.79,20.09
1783717680.7351549,3676.486,ask,CANCEL?,63864.5,0.0,,False,,23.9984,,63837.55,26.95,0.042217,,,coinbase,,,,,,,,-2.65,-2.65,,,,,,
1783717680.7351549,3676.486,ask,THESIS,63861.0,,,False,,,,63837.55,,,,,coinbase,,,,,,,,,,0.0,0.0,0.0,3.56,3.56,0.91
1783717680.7351549,3676.486,ask,THESIS,63864.5,,,False,,,,63837.55,,,,,coinbase,,,,,,,,,,0.0,0.0,0.0,0.0,0.0,-2.65
1783717682.733632,3678.4845,ask,APPEAR,63862.0,0.01,False,False,244,,1.9985,63837.55,24.45,0.0383,,63861.065,coinbase,-23.515,0.935,True,,0.935,0.0,0.0,,,,,,,,
1783717722.732219,3718.4831,ask,CANCEL?,63862.0,0.0,,False,,39.9986,,63837.55,24.45,0.0383,,,coinbase,,,,,,,,-2.07,-2.07,,,,,,
1783717722.732219,3718.4831,ask,THESIS,63862.0,,,False,,,,63837.55,,,,,coinbase,,,,,,,,,,0.0,0.0,0.0,-2.07,-2.07,-2.07
1783717724.73409,3720.4849,ask,APPEAR,63860.0,0.01,False,False,224,,2.0019,63837.55,22.45,0.035167,,63858.995,coinbase,-21.445,1.005,True,,1.005,0.0,0.0,,,,,,,,
1783717728.773576,3724.5244,ask,CANCEL?,63860.0,0.0,,False,,4.0395,,63837.55,22.45,0.035167,,,coinbase,,,,,,,,6.95,6.95,,,,,,
1783717729.7330089,3725.4839,ask,APPEAR,63867.0,0.01,False,False,294,,0.9594,63837.55,29.45,0.046133,,63865.945,coinbase,-28.395,1.055,True,,1.055,0.0,0.0,,,,,,,,
1783717731.7319412,3727.4828,ask,CANCEL?,63867.0,0.0,,False,,1.9989,,63837.55,29.45,0.046133,,,coinbase,,,,,,,,4.05,4.05,,,,,,
1783717733.7318552,3729.4827,ask,APPEAR,63871.0,0.01,False,False,334,,1.9999,63837.55,33.45,0.052399,,63869.995,coinbase,-32.445,1.005,True,,1.005,0.0,0.0,,,,,,,,
1783717740.734424,3736.4853,ask,CANCEL?,63871.0,0.0,,False,,7.0026,,63837.55,33.45,0.052399,,,coinbase,,,,,,,,-9.74,-9.74,,,,,,
1783717740.734424,3736.4853,ask,THESIS,63860.0,,,False,,,,63837.55,,,,,coinbase,,,,,,,,,,0.0,0.0,0.0,6.95,11.0,1.26
1783717742.731519,3738.4824,ask,APPEAR,63861.0,0.01,False,False,234,,1.9971,63837.55,23.45,0.036734,,63860.21,coinbase,-22.66,0.79,True,,0.79,-0.045,-0.045,,,,,,,,
1783717747.821664,3743.5725,ask,CANCEL?,63861.0,0.0,,False,,5.0901,,63837.55,23.45,0.036734,,,coinbase,,,,,,,,-2.205,-2.205,,,,,,
1783717747.821664,3743.5725,ask,THESIS,63867.0,,,False,,,,63837.55,,,,,coinbase,,,,,,,,,,0.0,0.0,0.0,4.05,-5.69,-7.94
1783717749.731394,3745.4822,ask,APPEAR,63859.0,0.01,False,False,214,,1.9097,63837.55,21.45,0.033601,,63856.525,coinbase,-18.975,2.475,True,,2.475,-1.48,-1.48,,,,,,,,
1783717749.731394,3745.4822,ask,THESIS,63871.0,,,False,,,,63837.55,,,,,coinbase,,,,,,,,,,0.0,0.0,0.0,-9.74,-9.74,-13.47
1783717751.7321332,3747.483,ask,CANCEL?,63859.0,0.0,,False,,2.0007,,63837.55,21.45,0.033601,,,coinbase,,,,,,,,0.0,0.0,,,,,,
1783717753.7311108,3749.482,ask,APPEAR,63857.5,0.01,False,False,199,,1.999,63837.55,19.95,0.031251,,63856.525,coinbase,-18.975,0.975,True,,0.975,0.0,0.0,,,,,,,,
1783717771.744116,3767.495,ask,THESIS,63861.0,,,False,,,,63837.55,,,,,coinbase,,,,,,,,,,0.0,0.0,0.0,-2.205,-2.205,-3.685
1783717771.744116,3767.495,ask,THESIS,63859.0,,,False,,,,63837.55,,,,,coinbase,,,,,,,,,,0.0,0.0,0.0,0.0,0.0,0.0
1783717771.744116,3767.495,ask,THESIS,63857.5,,,False,,,,63837.55,,,,,coinbase,,,,,,,,,,0.0,0.0,0.0,0.0,0.0,0.0
1783717786.78537,3782.5362,ask,CANCEL?,63857.5,0.0,,False,,33.0543,,63837.55,19.95,0.031251,,,coinbase,,,,,,,,9.46,9.46,,,,,,
1783717788.729585,3784.4804,ask,APPEAR,63867.0,0.01,False,False,294,,1.9442,63837.55,29.45,0.046133,,63865.985,coinbase,-28.435,1.015,True,,1.015,0.0,0.0,,,,,,,,
1783717803.730675,3799.4815,ask,THESIS,63867.0,,,False,,,,63837.55,,,,,coinbase,,,,,,,,,,0.0,0.0,0.0,0.0,0.0,0.0
1783717833.836548,3829.5874,ask,CANCEL?,63867.0,0.0,,False,,45.107,,63837.55,29.45,0.046133,,,coinbase,,,,,,,,6.07,6.07,,,,,,
1783717834.781573,3830.5324,ask,APPEAR,63873.0,0.01,False,False,354,,0.945,63837.55,35.45,0.055532,,63872.055,coinbase,-34.505,0.945,True,,0.945,0.0,0.0,,,,,,,,
1783717846.729079,3842.4799,ask,CANCEL?,63873.0,0.0,,False,,11.9475,,63837.55,35.45,0.055532,,,coinbase,,,,,,,,9.71,9.71,,,,,,
1783717848.8297422,3844.5806,ask,APPEAR,63876.5,0.01,True,False,389,,2.1007,63837.55,38.95,0.061014,,63874.345,coinbase,-36.795,2.155,True,,2.155,-2.6,-2.6,,,,,,,,
1783717849.7359629,3845.4868,ask,CANCEL?,63876.5,0.0,,False,,0.9062,,63837.55,38.95,0.061014,,,coinbase,,,,,,,,-1.54,-1.54,,,,,,
1783717850.7473578,3846.4982,ask,THESIS,63873.0,,,False,,,,63837.55,,,,,coinbase,,,,,,,,,,0.0,0.0,0.0,9.71,9.71,0.75
1783717851.754675,3847.5055,ask,APPEAR,63873.5,0.01,False,False,359,,2.0187,63837.55,35.95,0.056315,,63872.805,coinbase,-35.255,0.695,True,,0.695,0.0,0.0,,,,,,,,
1783717898.728245,3894.4791,ask,CANCEL?,63873.5,0.0,,False,,46.9736,,63837.55,35.95,0.056315,,,coinbase,,,,,,,,0.13,0.13,,,,,,
1783717898.728245,3894.4791,ask,THESIS,63876.5,,,False,,,,63837.55,,,,,coinbase,,,,,,,,,,0.0,0.0,0.0,-1.54,-1.54,-1.41
1783717898.728245,3894.4791,ask,THESIS,63873.5,,,False,,,,63837.55,,,,,coinbase,,,,,,,,,,0.0,0.0,0.0,0.0,0.0,0.13
1783717900.7280571,3896.4789,ask,APPEAR,63874.0,0.01,True,False,364,,1.9998,63837.55,36.45,0.057098,,63872.935,coinbase,-35.385,1.065,True,,1.065,0.0,0.0,,,,,,,,
1783717906.72715,3902.478,ask,CANCEL?,63874.0,0.0,,False,,5.9991,,63837.55,36.45,0.057098,,,coinbase,,,,,,,,12.7,12.7,,,,,,
1783717908.118554,3903.8694,ask,APPEAR,63886.5,0.01,False,False,489,,1.3914,63837.55,48.95,0.076679,,63885.635,coinbase,-48.085,0.865,True,,0.865,0.0,0.0,,,,,,,,
1783717914.728297,3910.4792,ask,CANCEL?,63886.5,0.0,,False,,6.6097,,63837.55,48.95,0.076679,,,coinbase,,,,,,,,6.38,6.38,,,,,,
1783717916.725926,3912.4768,ask,APPEAR,63893.0,0.01,False,False,554,,1.9976,63837.55,55.45,0.086861,,63892.015,coinbase,-54.465,0.985,True,,0.985,0.0,0.0,,,,,,,,
1783717916.725926,3912.4768,ask,THESIS,63874.0,,,False,,,,63837.55,,,,,coinbase,,,,,,,,,,0.0,0.0,0.0,12.7,12.7,19.08
1783717923.7268732,3919.4777,ask,CANCEL?,63893.0,0.0,,False,,7.0009,,63837.55,55.45,0.086861,,,coinbase,,,,,,,,-2.54,-2.54,,,,,,
1783717923.7268732,3919.4777,ask,THESIS,63886.5,,,False,,,,63837.55,,,,,coinbase,,,,,,,,,,0.0,0.0,0.0,6.38,6.38,3.84
1783717925.726732,3921.4776,ask,APPEAR,63890.5,0.01,False,False,529,,1.9999,63837.55,52.95,0.082945,,63889.475,coinbase,-51.925,1.025,True,,1.025,0.0,0.0,,,,,,,,
1783717976.796117,3972.547,ask,CANCEL?,63890.5,0.0,,False,,51.0694,,63837.55,52.95,0.082945,,,coinbase,,,,,,,,5.36,5.36,,,,,,
1783717976.796117,3972.547,ask,THESIS,63893.0,,,False,,,,63837.55,,,,,coinbase,,,,,,,,,,0.0,0.0,0.0,0.0,-2.54,2.82
1783717976.796117,3972.547,ask,THESIS,63890.5,,,False,,,,63837.55,,,,,coinbase,,,,,,,,,,0.0,0.0,0.0,5.36,5.36,5.36
1783717978.799538,3974.5504,ask,APPEAR,63895.5,0.01,True,False,579,,2.0034,63837.55,57.95,0.090777,,63894.835,coinbase,-57.285,0.665,True,,0.665,0.0,0.0,,,,,,,,
1783717981.79634,3977.5472,ask,CANCEL?,63895.5,0.0,,False,,2.9968,,63837.55,57.95,0.090777,,,coinbase,,,,,,,,17.88,17.88,,,,,,
1783717982.898477,3978.6493,ask,APPEAR,63915.0,0.01,True,False,774,,1.1021,63837.55,77.45,0.121324,,63914.315,coinbase,-76.765,0.685,True,,0.685,0.0,0.0,,,,,,,,
1783717984.7998662,3980.5507,ask,CANCEL?,63915.0,0.0,,False,,1.9014,,63837.55,77.45,0.121324,,,coinbase,,,,,,,,2.96,2.96,,,,,,
1783717986.892344,3982.6432,ask,APPEAR,63918.0,0.01,True,False,804,,2.0925,63837.55,80.45,0.126023,,63924.315,coinbase,-86.765,-6.315,True,,-6.315,3.2,3.2,,,,,,,,
1783717987.814067,3983.5649,ask,CANCEL?,63918.0,0.0,,False,,0.9217,,63837.55,80.45,0.126023,,,coinbase,,,,,,,,-1.62,-1.62,,,,,,
1783717989.795537,3985.5464,ask,APPEAR,63920.0,0.01,True,False,824,,1.9815,63837.55,82.45,0.129156,,63917.575,coinbase,-80.025,2.425,True,,2.425,0.0,0.0,,,,,,,,
1783717990.802696,3986.5536,ask,CANCEL?,63920.0,0.0,,False,,1.0072,,63837.55,82.45,0.129156,,,coinbase,,,,,,,,3.04,3.04,,,,,,
1783717992.806766,3988.5576,ask,APPEAR,63927.0,0.01,True,False,894,,2.0041,63837.55,89.45,0.140121,,63925.445,coinbase,-87.895,1.555,True,,1.555,-0.055,-0.055,,,,,,,,
1783717994.878769,3990.6296,ask,CANCEL?,63927.0,0.0,,False,,2.072,,63837.55,89.45,0.140121,,,coinbase,,,,,,,,2.625,2.625,,,,,,
1783717994.878769,3990.6296,ask,THESIS,63895.5,,,False,,,,63837.55,,,,,coinbase,,,,,,,,,,0.0,0.0,0.0,17.88,22.44,33.235
1783717996.818721,3992.5696,ask,APPEAR,63929.0,0.01,True,False,914,,1.94,63837.55,91.45,0.143254,,63928.085,coinbase,-90.535,0.915,True,,0.915,0.0,0.0,,,,,,,,
1783718000.81552,3996.5664,ask,THESIS,63915.0,,,False,,,,63837.55,,,,,coinbase,,,,,,,,,,0.0,0.0,0.0,2.96,3.26,13.77
1783718002.796739,3998.5476,ask,CANCEL?,63929.0,0.0,,False,,5.978,,63837.55,91.45,0.143254,,,coinbase,,,,,,,,-9.67,-9.67,,,,,,
1783718002.796739,3998.5476,ask,THESIS,63918.0,,,False,,,,63837.55,,,,,coinbase,,,,,,,,,,0.0,0.0,0.0,-6.74,1.13,-5.9
1783718004.796479,4000.5473,ask,APPEAR,63919.5,0.01,True,False,819,,1.9997,63837.55,81.95,0.128373,,63918.415,coinbase,-80.865,1.085,True,,1.085,0.0,0.0,,,,,,,,
1783718004.796479,4000.5473,ask,THESIS,63920.0,,,False,,,,63837.55,,,,,coinbase,,,,,,,,,,0.0,0.0,0.0,3.04,10.495,0.84
1783718007.796641,4003.5475,ask,CANCEL?,63919.5,0.0,,False,,3.0002,,63837.55,81.95,0.128373,,,coinbase,,,,,,,,-2.89,-2.89,,,,,,
1783718009.800273,4005.5511,ask,APPEAR,63916.5,0.01,False,False,789,,2.0036,63837.55,78.95,0.123673,,63915.525,coinbase,-77.975,0.975,True,,0.975,0.0,0.0,,,,,,,,
1783718009.800273,4005.5511,ask,THESIS,63927.0,,,False,,,,63837.55,,,,,coinbase,,,,,,,,,,0.0,0.0,0.0,2.625,2.64,-9.92
1783718012.796395,4008.5473,ask,CANCEL?,63916.5,0.0,,False,,2.9961,,63837.55,78.95,0.123673,,,coinbase,,,,,,,,9.13,9.13,,,,,,
1783718012.796395,4008.5473,ask,THESIS,63929.0,,,False,,,,63837.55,,,,,coinbase,,,,,,,,,,0.0,0.0,0.0,0.0,-9.67,-3.43
1783718014.846656,4010.5975,ask,APPEAR,63925.5,0.01,True,False,879,,2.0503,63837.55,87.95,0.137772,,63922.915,coinbase,-85.365,2.585,True,,2.585,-1.04,-1.04,,,,,,,,
1783718016.894298,4012.6452,ask,CANCEL?,63925.5,0.0,,False,,2.0476,,63837.55,87.95,0.137772,,,coinbase,,,,,,,,0.0,0.0,,,,,,
1783718018.7973099,4014.5482,ask,APPEAR,63924.0,0.01,False,False,864,,1.903,63837.55,86.45,0.135422,,63926.015,coinbase,-88.465,-2.015,True,,-2.015,3.1,3.1,,,,,,,,
1783718020.835432,4016.5863,ask,CANCEL?,63924.0,0.0,,False,,2.0381,,63837.55,86.45,0.135422,,,coinbase,,,,,,,,1.99,1.99,,,,,,
1783718020.835432,4016.5863,ask,THESIS,63919.5,,,False,,,,63837.55,,,,,coinbase,,,,,,,,,,0.0,0.0,0.0,-2.675,-2.89,9.59
1783718022.7978392,4018.5487,ask,APPEAR,63929.0,0.01,True,False,914,,1.9624,63837.55,91.45,0.143254,,63928.005,coinbase,-90.455,0.995,True,,0.995,0.0,0.0,,,,,,,,
1783718027.7961621,4023.547,ask,CANCEL?,63929.0,0.0,,False,,4.9983,,63837.55,91.45,0.143254,,,coinbase,,,,,,,,-6.38,-6.38,,,,,,
1783718027.7961621,4023.547,ask,THESIS,63916.5,,,False,,,,63837.55,,,,,coinbase,,,,,,,,,,0.0,0.0,0.0,9.13,7.39,6.1
1783718028.806166,4024.557,ask,APPEAR,63922.5,0.01,False,False,849,,1.01,63837.55,84.95,0.133072,,63921.625,coinbase,-84.075,0.875,True,,0.875,0.0,0.0,,,,,,,,
1783718043.795548,4039.5464,ask,CANCEL?,63922.5,0.0,,False,,14.9894,,63837.55,84.95,0.133072,,,coinbase,,,,,,,,-6.1,-6.1,,,,,,
1783718043.795548,4039.5464,ask,THESIS,63925.5,,,False,,,,63837.55,,,,,coinbase,,,,,,,,,,0.0,0.0,0.0,0.0,5.09,-7.39
1783718043.795548,4039.5464,ask,THESIS,63924.0,,,False,,,,63837.55,,,,,coinbase,,,,,,,,,,0.0,0.0,0.0,1.99,-4.39,-10.49
1783718043.795548,4039.5464,ask,THESIS,63929.0,,,False,,,,63837.55,,,,,coinbase,,,,,,,,,,0.0,0.0,0.0,-6.38,-6.38,-12.48
1783718045.803404,4041.5543,ask,APPEAR,63916.5,0.01,False,False,789,,2.0079,63837.55,78.95,0.123673,,63912.325,coinbase,-74.775,4.175,True,,4.175,-3.2,-3.2,,,,,,,,
1783718045.803404,4041.5543,ask,THESIS,63922.5,,,False,,,,63837.55,,,,,coinbase,,,,,,,,,,0.0,0.0,0.0,-6.1,-6.1,-9.3
1783718047.806046,4043.5569,ask,CANCEL?,63916.5,0.0,,False,,2.0026,,63837.55,78.95,0.123673,,,coinbase,,,,,,,,-1.2,-1.2,,,,,,
1783718048.845134,4044.596,ask,APPEAR,63909.0,0.01,True,False,714,,1.0391,63837.55,71.45,0.111925,,63906.335,coinbase,-68.785,2.665,True,,2.665,-4.79,-4.79,,,,,,,,
1783718050.889017,4046.6399,ask,CANCEL?,63909.0,0.0,,False,,2.0439,,63837.55,71.45,0.111925,,,coinbase,,,,,,,,-0.07,-0.07,,,,,,
1783718052.796274,4048.5471,ask,APPEAR,63907.0,0.01,False,False,694,,1.9073,63837.55,69.45,0.108792,,63896.825,coinbase,-59.275,10.175,True,,10.175,-8.45,-8.45,,,,,,,,
1783718054.798626,4050.5495,ask,CANCEL?,63907.0,0.0,,False,,2.0024,,63837.55,69.45,0.108792,,,coinbase,,,,,,,,0.0,0.0,,,,,,
1783718056.8329139,4052.5838,ask,APPEAR,63897.5,0.01,False,False,599,,2.0343,63837.55,59.95,0.09391,,63896.025,coinbase,-58.475,1.475,True,,1.475,0.795,0.795,,,,,,,,
1783718058.8006778,4054.5515,ask,CANCEL?,63897.5,0.0,,False,,1.9678,,63837.55,59.95,0.09391,,,coinbase,,,,,,,,0.0,0.0,,,,,,
1783718060.797599,4056.5485,ask,APPEAR,63897.0,0.01,False,False,594,,1.9969,63837.55,59.45,0.093127,,63896.025,coinbase,-58.475,0.975,True,,0.975,0.0,0.0,,,,,,,,
1783718062.7999501,4058.5508,ask,THESIS,63916.5,,,False,,,,63837.55,,,,,coinbase,,,,,,,,,,0.0,0.0,0.0,-1.2,-6.06,-24.385
1783718064.845043,4060.5959,ask,CANCEL?,63897.0,0.0,,False,,4.0474,,63837.55,59.45,0.093127,,,coinbase,,,,,,,,-10.38,-10.38,,,,,,
1783718064.845043,4060.5959,ask,THESIS,63909.0,,,False,,,,63837.55,,,,,coinbase,,,,,,,,,,0.0,0.0,0.0,-0.07,-9.51,-20.69
1783718065.79568,4061.5465,ask,APPEAR,63886.5,0.01,False,False,489,,0.9506,63837.55,48.95,0.076679,,63885.645,coinbase,-48.095,0.855,True,,0.855,0.0,0.0,,,,,,,,
1783718067.798432,4063.5493,ask,THESIS,63907.0,,,False,,,,63837.55,,,,,coinbase,,,,,,,,,,0.0,0.0,0.0,0.0,-0.8,-11.18
1783718073.801517,4069.5524,ask,CANCEL?,63886.5,0.0,,False,,8.0058,,63837.55,48.95,0.076679,,,coinbase,,,,,,,,-3.91,-3.91,,,,,,
1783718073.801517,4069.5524,ask,THESIS,63897.5,,,False,,,,63837.55,,,,,coinbase,,,,,,,,,,0.0,0.0,0.0,0.0,-8.085,-14.29
1783718075.7973251,4071.5482,ask,APPEAR,63882.5,0.01,True,False,449,,1.9958,63837.55,44.95,0.070413,,63881.735,coinbase,-44.185,0.765,True,,0.765,0.0,0.0,,,,,,,,
1783718076.913762,4072.6646,ask,THESIS,63897.0,,,False,,,,63837.55,,,,,coinbase,,,,,,,,,,0.0,0.0,0.0,-8.085,-10.38,-14.29
1783718080.7957828,4076.5466,ask,THESIS,63886.5,,,False,,,,63837.55,,,,,coinbase,,,,,,,,,,0.0,0.0,0.0,0.0,0.0,-3.91
1783718091.851922,4087.6028,ask,CANCEL?,63882.5,0.0,,False,,16.0546,,63837.55,44.95,0.070413,,,coinbase,,,,,,,,13.09,13.09,,,,,,
1783718091.851922,4087.6028,ask,THESIS,63882.5,,,False,,,,63837.55,,,,,coinbase,,,,,,,,,,0.0,0.0,0.0,0.0,13.09,13.09
1783718093.811351,4089.5622,ask,APPEAR,63898.0,0.01,True,False,604,,1.9594,63837.55,60.45,0.094693,,63899.095,coinbase,-61.545,-1.095,True,,-1.095,4.27,4.27,,,,,,,,
1783718094.801537,4090.5524,ask,CANCEL?,63898.0,0.0,,False,,0.9902,,63837.55,60.45,0.094693,,,coinbase,,,,,,,,0.0,0.0,,,,,,
1783718096.799385,4092.5502,ask,APPEAR,63900.0,0.01,False,False,624,,1.9978,63837.55,62.45,0.097826,,63899.095,coinbase,-61.545,0.905,True,,0.905,0.0,0.0,,,,,,,,
1783718108.848746,4104.5996,ask,CANCEL?,63900.0,0.0,,False,,12.0494,,63837.55,62.45,0.097826,,,coinbase,,,,,,,,0.91,0.91,,,,,,
1783718108.848746,4104.5996,ask,THESIS,63898.0,,,False,,,,63837.55,,,,,coinbase,,,,,,,,,,0.0,0.0,0.0,0.0,0.05,0.91
1783718110.865338,4106.6162,ask,APPEAR,63901.0,0.01,True,False,634,,2.0166,63837.55,63.45,0.099393,,63900.005,coinbase,-62.455,0.995,True,,0.995,0.0,0.0,,,,,,,,
1783718120.816461,4116.5673,ask,CANCEL?,63901.0,0.0,,False,,9.9511,,63837.55,63.45,0.099393,,,coinbase,,,,,,,,1.02,1.02,,,,,,
1783718120.816461,4116.5673,ask,THESIS,63900.0,,,False,,,,63837.55,,,,,coinbase,,,,,,,,,,0.0,0.0,0.0,0.05,0.05,1.93
1783718121.919627,4117.6705,ask,APPEAR,63902.0,0.01,False,False,644,,1.1032,63837.55,64.45,0.100959,,63901.025,coinbase,-63.475,0.975,True,,0.975,0.0,0.0,,,,,,,,
1783718139.7955909,4135.5464,ask,CANCEL?,63902.0,0.0,,False,,17.876,,63837.55,64.45,0.100959,,,coinbase,,,,,,,,1.4,1.4,,,,,,
1783718139.7955909,4135.5464,ask,THESIS,63901.0,,,False,,,,63837.55,,,,,coinbase,,,,,,,,,,0.0,0.0,0.0,1.02,1.02,2.42
1783718139.7955909,4135.5464,ask,THESIS,63902.0,,,False,,,,63837.55,,,,,coinbase,,,,,,,,,,0.0,0.0,0.0,1.4,1.4,1.4
1783718141.822954,4137.5738,ask,APPEAR,63903.5,0.01,False,False,659,,2.0274,63837.55,65.95,0.103309,,63902.425,coinbase,-64.875,1.075,True,,1.075,0.0,0.0,,,,,,,,
1783718146.805964,4142.5568,ask,CANCEL?,63903.5,0.0,,False,,4.983,,63837.55,65.95,0.103309,,,coinbase,,,,,,,,1.04,1.04,,,,,,
1783718148.807521,4144.5584,ask,APPEAR,63904.5,0.01,False,False,669,,2.0016,63837.55,66.95,0.104876,,63903.465,coinbase,-65.915,1.035,True,,1.035,0.0,0.0,,,,,,,,
1783718152.808434,4148.5593,ask,CANCEL?,63904.5,0.0,,False,,4.0009,,63837.55,66.95,0.104876,,,coinbase,,,,,,,,0.0,0.0,,,,,,
1783718154.8154812,4150.5663,ask,APPEAR,63904.5,0.01,True,False,669,,2.007,63837.55,66.95,0.104876,,63903.465,coinbase,-65.915,1.035,True,,1.035,0.0,0.0,,,,,,,,
1783718157.7967901,4153.5476,ask,CANCEL?,63904.5,0.0,,False,,2.9813,,63837.55,66.95,0.104876,,,coinbase,,,,,,,,2.56,2.56,,,,,,
1783718157.7967901,4153.5476,ask,THESIS,63903.5,,,False,,,,63837.55,,,,,coinbase,,,,,,,,,,0.0,0.0,0.0,1.04,1.04,3.6
1783718159.82898,4155.5798,ask,APPEAR,63907.0,0.01,False,False,694,,2.0322,63837.55,69.45,0.108792,,63906.025,coinbase,-68.475,0.975,True,,0.975,0.0,0.0,,,,,,,,
1783718162.812484,4158.5633,ask,CANCEL?,63907.0,0.0,,False,,2.9835,,63837.55,69.45,0.108792,,,coinbase,,,,,,,,-4.99,-4.99,,,,,,
1783718164.810349,4160.5612,ask,APPEAR,63902.0,0.01,True,False,644,,1.9979,63837.55,64.45,0.100959,,63901.035,coinbase,-63.485,0.965,True,,0.965,0.0,0.0,,,,,,,,
1783718164.810349,4160.5612,ask,THESIS,63904.5,,,False,,,,63837.55,,,,,coinbase,,,,,,,,,,0.0,0.0,0.0,0.0,0.0,-2.43
1783718176.847785,4172.5986,ask,CANCEL?,63902.0,0.0,,False,,12.0374,,63837.55,64.45,0.100959,,,coinbase,,,,,,,,-0.83,-0.83,,,,,,
1783718176.847785,4172.5986,ask,THESIS,63904.5,,,False,,,,63837.55,,,,,coinbase,,,,,,,,,,0.0,0.0,0.0,2.56,2.56,-3.26
1783718176.847785,4172.5986,ask,THESIS,63907.0,,,False,,,,63837.55,,,,,coinbase,,,,,,,,,,0.0,0.0,0.0,-4.99,-4.99,-5.82
1783718178.840723,4174.5916,ask,APPEAR,63901.0,0.01,False,False,634,,1.9929,63837.55,63.45,0.099393,,63907.415,coinbase,-69.865,-6.415,True,,-6.415,7.21,7.21,,,,,,,,
1783718180.9468942,4176.6977,ask,CANCEL?,63901.0,0.0,,False,,2.1062,,63837.55,63.45,0.099393,,,coinbase,,,,,,,,4.7,4.7,,,,,,
1783718180.9468942,4176.6977,ask,THESIS,63902.0,,,False,,,,63837.55,,,,,coinbase,,,,,,,,,,0.0,0.0,0.0,0.0,-0.83,11.08
1783718182.816192,4178.567,ask,APPEAR,63913.5,0.01,True,False,759,,1.8693,63837.55,75.95,0.118974,,63912.555,coinbase,-75.005,0.945,True,,0.945,0.0,0.0,,,,,,,,
1783718185.9589188,4181.7098,ask,CANCEL?,63913.5,0.0,,False,,3.1427,,63837.55,75.95,0.118974,,,coinbase,,,,,,,,-1.07,-1.07,,,,,,
1783718187.796278,4183.5471,ask,APPEAR,63912.5,0.01,False,False,749,,1.8374,63837.55,74.95,0.117407,,63911.485,coinbase,-73.935,1.015,True,,1.015,0.0,0.0,,,,,,,,
1783718200.821907,4196.5728,ask,CANCEL?,63912.5,0.0,,False,,13.0256,,63837.55,74.95,0.117407,,,coinbase,,,,,,,,-2.935,-2.935,,,,,,
1783718200.821907,4196.5728,ask,THESIS,63901.0,,,False,,,,63837.55,,,,,coinbase,,,,,,,,,,0.0,0.0,0.0,4.7,4.07,1.135
1783718200.821907,4196.5728,ask,THESIS,63913.5,,,False,,,,63837.55,,,,,coinbase,,,,,,,,,,0.0,0.0,0.0,-1.07,-4.005,-4.005
1783718202.843997,4198.5949,ask,APPEAR,63910.0,0.01,True,False,724,,2.0221,63837.55,72.45,0.113491,,63909.225,coinbase,-71.675,0.775,True,,0.775,-0.01,-0.01,,,,,,,,
1783718202.843997,4198.5949,ask,THESIS,63912.5,,,False,,,,63837.55,,,,,coinbase,,,,,,,,,,0.0,0.0,0.0,-2.935,-2.935,-2.26
1783718207.797504,4203.5484,ask,CANCEL?,63910.0,0.0,,False,,4.9535,,63837.55,72.45,0.113491,,,coinbase,,,,,,,,3.33,3.33,,,,,,
1783718209.0531,4204.804,ask,APPEAR,63913.5,0.01,False,False,759,,1.2556,63837.55,75.95,0.118974,,63914.755,coinbase,-77.205,-1.255,True,,-1.255,2.2,2.2,,,,,,,,
1783718210.847917,4206.5988,ask,CANCEL?,63913.5,0.0,,False,,1.7948,,63837.55,75.95,0.118974,,,coinbase,,,,,,,,1.525,1.525,,,,,,
1783718212.836404,4208.5873,ask,APPEAR,63911.5,0.01,True,False,739,,1.9885,63837.55,73.95,0.115841,,63910.395,coinbase,-72.845,1.105,True,,1.105,0.0,0.0,,,,,,,,
1783718218.010184,4213.761,ask,CANCEL?,63911.5,0.0,,False,,5.1738,,63837.55,73.95,0.115841,,,coinbase,,,,,,,,0.74,0.74,,,,,,
1783718218.010184,4213.761,ask,THESIS,63910.0,,,False,,,,63837.55,,,,,coinbase,,,,,,,,,,0.0,0.0,0.0,3.33,5.53,1.91
1783718222.687992,4218.4388,ask,APPEAR,63912.0,0.01,False,False,744,,4.6778,63837.55,74.45,0.116624,,63911.135,coinbase,-73.585,0.865,True,,0.865,0.0,0.0,,,,,,,,
1783718224.819571,4220.5704,ask,CANCEL?,63912.0,0.0,,False,,2.1316,,63837.55,74.45,0.116624,,,coinbase,,,,,,,,2.55,2.55,,,,,,
1783718224.819571,4220.5704,ask,THESIS,63913.5,,,False,,,,63837.55,,,,,coinbase,,,,,,,,,,0.0,0.0,0.0,1.525,-3.62,-1.07
1783718226.815812,4222.5667,ask,APPEAR,63917.0,0.01,True,False,794,,1.9962,63837.55,79.45,0.124457,,63912.175,coinbase,-74.625,4.825,True,,4.825,-1.51,-1.51,,,,,,,,
1783718228.819108,4224.57,ask,CANCEL?,63917.0,0.0,,False,,2.0033,,63837.55,79.45,0.124457,,,coinbase,,,,,,,,1.68,1.68,,,,,,
1783718228.819108,4224.57,ask,THESIS,63911.5,,,False,,,,63837.55,,,,,coinbase,,,,,,,,,,0.0,0.0,0.0,0.74,0.74,3.46
1783718230.8229032,4226.5738,ask,APPEAR,63914.5,0.01,True,False,769,,2.0038,63837.55,76.95,0.12054,,63913.855,coinbase,-76.305,0.645,True,,0.645,0.0,0.0,,,,,,,,
1783718235.79625,4231.5471,ask,CANCEL?,63914.5,0.0,,False,,4.9733,,63837.55,76.95,0.12054,,,coinbase,,,,,,,,-13.84,-13.84,,,,,,
1783718237.875356,4233.6262,ask,APPEAR,63901.0,0.01,False,False,634,,2.0791,63837.55,63.45,0.099393,,63900.015,coinbase,-62.465,0.985,True,,0.985,0.0,0.0,,,,,,,,
1783718237.875356,4233.6262,ask,THESIS,63912.0,,,False,,,,63837.55,,,,,coinbase,,,,,,,,,,0.0,0.0,0.0,2.55,2.72,-11.12
1783718243.814094,4239.5649,ask,THESIS,63917.0,,,False,,,,63837.55,,,,,coinbase,,,,,,,,,,0.0,0.0,0.0,1.68,-12.16,-12.16
1783718245.862329,4241.6132,ask,THESIS,63914.5,,,False,,,,63837.55,,,,,coinbase,,,,,,,,,,0.0,0.0,0.0,-13.84,-13.84,-13.84
1783718248.841364,4244.5922,ask,CANCEL?,63901.0,0.0,,False,,10.966,,63837.55,63.45,0.099393,,,coinbase,,,,,,,,7.46,7.46,,,,,,
1783718250.8394282,4246.5903,ask,APPEAR,63908.5,0.01,False,False,709,,1.9981,63837.55,70.95,0.111141,,63907.475,coinbase,-69.925,1.025,True,,1.025,0.0,0.0,,,,,,,,
1783718253.7969542,4249.5478,ask,CANCEL?,63908.5,0.0,,False,,2.9575,,63837.55,70.95,0.111141,,,coinbase,,,,,,,,4.51,4.51,,,,,,
1783718253.7969542,4249.5478,ask,THESIS,63901.0,,,False,,,,63837.55,,,,,coinbase,,,,,,,,,,0.0,0.0,0.0,0.0,0.0,11.97
1783718255.8983738,4251.6492,ask,APPEAR,63913.0,0.01,False,False,754,,2.1014,63837.55,75.45,0.118191,,63914.245,coinbase,-76.695,-1.245,True,,-1.245,0.42,0.42,,,,,,,,
1783718257.222388,4252.9732,ask,CANCEL?,63913.0,0.0,,False,,1.324,,63837.55,75.45,0.118191,,,coinbase,,,,,,,,0.0,0.0,,,,,,
1783718258.818841,4254.5697,ask,APPEAR,63908.0,0.01,True,False,704,,1.5965,63837.55,70.45,0.110358,,63906.525,coinbase,-68.975,1.475,True,,1.475,-7.72,-7.72,,,,,,,,
1783718260.82043,4256.5713,ask,CANCEL?,63908.0,0.0,,False,,2.0016,,63837.55,70.45,0.110358,,,coinbase,,,,,,,,0.0,0.0,,,,,,
1783718261.797657,4257.5485,ask,APPEAR,63907.5,0.01,False,False,699,,0.9772,63837.55,69.95,0.109575,,63906.525,coinbase,-68.975,0.975,True,,0.975,0.0,0.0,,,,,,,,
1783718263.7960389,4259.5469,ask,CANCEL?,63907.5,0.0,,False,,1.9984,,63837.55,69.95,0.109575,,,coinbase,,,,,,,,0.92,0.92,,,,,,
1783718265.831477,4261.5823,ask,APPEAR,63908.5,0.01,True,False,709,,2.0354,63837.55,70.95,0.111141,,63907.415,coinbase,-69.865,1.085,True,,1.085,-0.005,-0.005,,,,,,,,
1783718267.798843,4263.5497,ask,THESIS,63908.5,,,False,,,,63837.55,,,,,coinbase,,,,,,,,,,0.0,0.0,0.0,4.51,6.77,-0.06
1783718272.897672,4268.6485,ask,THESIS,63913.0,,,False,,,,63837.55,,,,,coinbase,,,,,,,,,,0.0,0.0,0.0,0.0,-7.72,-17.68
1783718275.865772,4271.6166,ask,THESIS,63908.0,,,False,,,,63837.55,,,,,coinbase,,,,,,,,,,0.0,0.0,0.0,0.0,0.89,-15.86
1783718277.7970822,4273.5479,ask,THESIS,63907.5,,,False,,,,63837.55,,,,,coinbase,,,,,,,,,,0.0,0.0,0.0,0.51,0.89,-20.88
1783718283.796253,4279.5471,ask,THESIS,63908.5,,,False,,,,63837.55,,,,,coinbase,,,,,,,,,,0.0,0.0,0.0,0.0,-10.85,-21.77
