timestamp,elapsed_s,side,event,price,total_qty,sole,duration_s,mid,dist_mid_abs,dist_mid_pct
1783539849.39228,0.64,bid,APPEAR,62186.2,0.00024,True,,,,
1783539849.39228,0.64,bid,APPEAR,62182.4,0.00024,True,,,,
1783539852.7066371,3.9543,bid,APPEAR,62188.1,0.00024,True,,62189.0,-0.9,-0.001447
1783539852.7066371,3.9543,bid,APPEAR,62186.4,0.00024,True,,62189.0,-2.6,-0.004181
1783539852.7066371,3.9543,bid,CANCEL?,62186.2,0,,3.3144,62189.0,-2.8,-0.004502
1783539852.7066371,3.9543,bid,CANCEL?,62182.4,0,,3.3144,62189.0,-6.6,-0.010613
1783539855.707223,6.9549,bid,APPEAR,62188.0,0.00024,True,,62189.0,-1.0,-0.001608
1783539855.707223,6.9549,bid,CANCEL?,62186.4,0,,3.0006,62189.0,-2.6,-0.004181
1783539860.705647,11.9533,bid,CANCEL?,62188.0,0,,4.9984,62189.0,-1.0,-0.001608
1783539860.705647,11.9533,bid,APPEAR,62050.5,0.00024,True,,62189.0,-138.5,-0.222708
1783539861.706156,12.9539,bid,APPEAR,62188.0,0.00024,True,,62189.0,-1.0,-0.001608
1783539861.706156,12.9539,bid,CANCEL?,62050.5,0,,1.0005,62189.0,-138.5,-0.222708
1783539866.715192,17.9629,bid,CANCEL?,62188.0,0,,5.009,62189.0,-1.0,-0.001608
1783539866.715192,17.9629,bid,APPEAR,62050.5,0.00024,True,,62189.0,-138.5,-0.222708
1783539867.707541,18.9552,bid,APPEAR,62188.0,0.00024,True,,62189.0,-1.0,-0.001608
1783539867.707541,18.9552,bid,CANCEL?,62050.5,0,,0.9923,62189.0,-138.5,-0.222708
1783539872.7073522,23.9551,bid,CANCEL?,62188.0,0,,4.9998,62189.0,-1.0,-0.001608
1783539872.7073522,23.9551,bid,APPEAR,62050.5,0.00024,True,,62189.0,-138.5,-0.222708
1783539873.706399,24.9541,bid,APPEAR,62188.0,0.00024,True,,62189.0,-1.0,-0.001608
1783539873.706399,24.9541,bid,CANCEL?,62050.5,0,,0.999,62189.0,-138.5,-0.222708
1783539875.706527,26.9542,bid,CANCEL?,62188.0,0,,2.0001,62189.0,-1.0,-0.001608
1783539875.706527,26.9542,bid,APPEAR,62050.5,0.00024,True,,62189.0,-138.5,-0.222708
1783539876.706133,27.9538,bid,APPEAR,62188.0,0.00024,True,,62189.0,-1.0,-0.001608
1783539876.706133,27.9538,bid,CANCEL?,62050.5,0,,0.9996,62189.0,-138.5,-0.222708
1783539898.707944,49.9556,bid,CANCEL?,62188.0,0,,22.0018,62189.0,-1.0,-0.001608
1783539898.707944,49.9556,bid,APPEAR,62050.5,0.00024,True,,62189.0,-138.5,-0.222708
1783539899.7051132,50.9528,bid,APPEAR,62188.0,0.00024,True,,62189.05,-1.05,-0.001688
1783539899.7051132,50.9528,bid,CANCEL?,62050.5,0,,0.9972,62189.05,-138.55,-0.222788
1783539930.706945,81.9546,bid,CANCEL?,62188.0,0,,31.0018,62189.0,-1.0,-0.001608
1783539930.706945,81.9546,bid,APPEAR,62186.1,0.00024,True,,62189.0,-2.9,-0.004663
1783539931.704969,82.9527,bid,APPEAR,62188.0,0.00024,True,,62189.0,-1.0,-0.001608
1783539931.704969,82.9527,bid,CANCEL?,62186.1,0,,0.998,62189.0,-2.9,-0.004663
1783539933.7044091,84.9521,bid,CANCEL?,62188.0,0,,1.9994,62189.2,-1.2,-0.00193
1783539933.7044091,84.9521,bid,APPEAR,62185.6,0.00024,True,,62189.2,-3.6,-0.005789
1783539934.706033,85.9537,bid,APPEAR,62189.0,0.00024,True,,62189.25,-0.25,-0.000402
1783539934.706033,85.9537,bid,APPEAR,62188.6,0.00024,True,,62189.25,-0.65,-0.001045
1783539934.706033,85.9537,bid,CANCEL?,62188.1,0.0004,,81.9994,62189.25,-1.15,-0.001849
1783539934.706033,85.9537,bid,CANCEL?,62185.6,0,,1.0016,62189.25,-3.65,-0.005869
1783539938.712748,89.9605,bid,APPEAR,62189.2,0.00024,True,,62189.3,-0.1,-0.000161
1783539938.712748,89.9605,bid,APPEAR,62189.1,0.00064,False,,62189.3,-0.2,-0.000322
1783539938.712748,89.9605,bid,CANCEL?,62189.0,0,,4.0067,62189.3,-0.3,-0.000482
1783539938.712748,89.9605,bid,CANCEL?,62188.6,0,,4.0067,62189.3,-0.7,-0.001126
1783539943.707076,94.9548,bid,CANCEL?,62189.1,0,,4.9943,62189.55,-0.45,-0.000724
1783539943.707076,94.9548,bid,APPEAR,62187.6,0.00024,True,,62189.55,-1.95,-0.003136
1783539944.705747,95.9534,bid,APPEAR,62189.1,0.00024,True,,62189.55,-0.45,-0.000724
1783539944.705747,95.9534,bid,CANCEL?,62187.6,0,,0.9987,62189.55,-1.95,-0.003136
1783539945.716851,96.9646,bid,CANCEL?,62189.1,0,,1.0111,62189.55,-0.45,-0.000724
1783539946.703845,97.9515,bid,APPEAR,62189.1,0.00024,True,,62189.55,-0.45,-0.000724
1783539948.7076821,99.9554,bid,CANCEL?,62189.1,0,,2.0038,62189.55,-0.45,-0.000724
1783539948.7076821,99.9554,bid,APPEAR,62162.1,0.00024,True,,62189.55,-27.45,-0.044139
1783539949.704353,100.9521,bid,APPEAR,62189.1,0.00024,True,,62189.55,-0.45,-0.000724
1783539949.704353,100.9521,bid,CANCEL?,62162.1,0,,0.9967,62189.55,-27.45,-0.044139
1783539955.7050009,106.9527,bid,CANCEL?,62189.1,0,,6.0006,62189.55,-0.45,-0.000724
1783539956.726242,107.9739,bid,APPEAR,62189.1,0.00024,True,,62189.6,-0.5,-0.000804
1783539960.7036648,111.9514,bid,CANCEL?,62189.1,0,,3.9774,62189.6,-0.5,-0.000804
1783539960.7036648,111.9514,bid,APPEAR,62186.1,0.00024,True,,62189.6,-3.5,-0.005628
1783539961.703372,112.9511,bid,APPEAR,62189.1,0.00024,True,,62189.55,-0.45,-0.000724
1783539961.703372,112.9511,bid,CANCEL?,62186.1,0,,0.9997,62189.55,-3.45,-0.005548
1783539975.703202,126.9509,bid,APPEAR,62189.3,0.00024,True,,62201.95,-12.65,-0.020337
1783539975.703202,126.9509,bid,CANCEL?,62189.2,0.0004,,36.9905,62201.95,-12.75,-0.020498
1783539975.703202,126.9509,bid,CANCEL?,62189.1,0,,13.9998,62201.95,-12.85,-0.020659
1783539976.704372,127.9521,bid,APPEAR,62195.0,0.00024,True,,62204.45,-9.45,-0.015192
1783539976.704372,127.9521,bid,CANCEL?,62189.3,0,,1.0012,62204.45,-15.15,-0.024355
1783539977.705962,128.9537,bid,APPEAR,62199.9,0.00024,True,,62204.75,-4.85,-0.007797
1783539977.705962,128.9537,bid,APPEAR,62199.8,0.00024,True,,62204.75,-4.95,-0.007958
1783539977.705962,128.9537,bid,CANCEL?,62195.0,0,,1.0016,62204.75,-9.75,-0.015674
1783539978.705775,129.9535,bid,APPEAR,62204.8,0.00024,True,,62205.15,-0.35,-0.000563
1783539978.705775,129.9535,bid,APPEAR,62204.1,0.00024,True,,62205.15,-1.05,-0.001688
1783539978.705775,129.9535,bid,CANCEL?,62199.9,0,,0.9998,62205.15,-5.25,-0.00844
1783539978.705775,129.9535,bid,CANCEL?,62199.8,0,,0.9998,62205.15,-5.35,-0.008601
1783539980.703051,131.9508,bid,APPEAR,62205.2,0.00024,True,,62205.3,-0.1,-0.000161
1783539980.703051,131.9508,bid,APPEAR,62205.0,0.00024,True,,62205.3,-0.3,-0.000482
1783539980.703051,131.9508,bid,CANCEL?,62204.8,0,,1.9973,62205.3,-0.5,-0.000804
1783539980.703051,131.9508,bid,CANCEL?,62204.1,0,,1.9973,62205.3,-1.2,-0.001929
1783539982.7049541,133.9527,bid,CANCEL?,62205.0,0,,2.0019,62205.3,-0.3,-0.000482
1783539983.702949,134.9507,bid,APPEAR,62205.1,0.00024,True,,62207.3,-2.2,-0.003537
1783539987.704927,138.9526,bid,APPEAR,62205.7,0.00024,True,,62208.9,-3.2,-0.005144
1783539987.704927,138.9526,bid,CANCEL?,62205.2,0,,7.0019,62208.9,-3.7,-0.005948
1783539987.704927,138.9526,bid,CANCEL?,62205.1,0,,4.002,62208.9,-3.8,-0.006108
1783539988.7030241,139.9507,bid,APPEAR,62208.8,0.00024,True,,62209.05,-0.25,-0.000402
1783539988.7030241,139.9507,bid,CANCEL?,62205.7,0,,0.9981,62209.05,-3.35,-0.005385
1783539991.014004,142.2617,bid,APPEAR,62208.7,0.00024,True,,62209.1,-0.4,-0.000643
1783539991.710488,142.9582,bid,CANCEL?,62208.7,0,,0.6965,62209.15,-0.45,-0.000723
1783539991.710488,142.9582,bid,APPEAR,62200.6,0.00024,True,,62209.15,-8.55,-0.013744
1783539992.704156,143.9519,bid,APPEAR,62209.2,0.00024,True,,62209.3,-0.1,-0.000161
1783539992.704156,143.9519,bid,APPEAR,62209.0,0.00024,True,,62209.3,-0.3,-0.000482
1783539992.704156,143.9519,bid,CANCEL?,62208.8,0,,4.0011,62209.3,-0.5,-0.000804
1783539992.704156,143.9519,bid,CANCEL?,62200.6,0,,0.9937,62209.3,-8.7,-0.013985
1783539996.702654,147.9504,bid,APPEAR,62209.1,0.00024,True,,62209.3,-0.2,-0.000321
1783539996.702654,147.9504,bid,CANCEL?,62209.0,0,,3.9985,62209.3,-0.3,-0.000482
1783540001.718406,152.9661,bid,CANCEL?,62209.1,0,,5.0158,62209.3,-0.2,-0.000321
1783540001.718406,152.9661,bid,APPEAR,62191.1,0.00024,True,,62209.3,-18.2,-0.029256
1783540002.702825,153.9505,bid,APPEAR,62209.1,0.00024,True,,62209.3,-0.2,-0.000321
1783540002.702825,153.9505,bid,CANCEL?,62191.1,0,,0.9844,62209.3,-18.2,-0.029256
1783540007.702267,158.95,bid,CANCEL?,62209.1,0,,4.9994,62209.35,-0.25,-0.000402
1783540007.702267,158.95,bid,APPEAR,62186.1,0.00024,True,,62209.35,-23.25,-0.037374
1783540008.703727,159.9514,bid,APPEAR,62209.1,0.00024,True,,62209.3,-0.2,-0.000321
1783540008.703727,159.9514,bid,CANCEL?,62186.1,0,,1.0015,62209.3,-23.2,-0.037293
1783540017.702167,168.9499,bid,CANCEL?,62209.1,0,,8.9984,62209.3,-0.2,-0.000321
1783540017.702167,168.9499,bid,APPEAR,62189.1,0.00024,True,,62209.3,-20.2,-0.032471
1783540018.7069561,169.9547,bid,APPEAR,62209.1,0.00024,True,,62209.35,-0.25,-0.000402
1783540018.7069561,169.9547,bid,CANCEL?,62189.1,0,,1.0048,62209.35,-20.25,-0.032551
1783540021.704096,172.9518,bid,CANCEL?,62209.1,0,,2.9971,62209.3,-0.2,-0.000321
1783540021.704096,172.9518,bid,APPEAR,62191.1,0.00024,True,,62209.3,-18.2,-0.029256
1783540022.704724,173.9524,bid,APPEAR,62209.1,0.00024,True,,62209.3,-0.2,-0.000321
1783540022.704724,173.9524,bid,CANCEL?,62191.1,0,,1.0006,62209.3,-18.2,-0.029256
1783540044.7047381,195.9524,bid,CANCEL?,62209.1,0,,22.0,62209.3,-0.2,-0.000321
1783540044.7047381,195.9524,bid,APPEAR,62180.6,0.00024,True,,62209.3,-28.7,-0.046135
1783540045.702816,196.9505,bid,APPEAR,62209.1,0.00024,True,,62209.3,-0.2,-0.000321
1783540045.702816,196.9505,bid,CANCEL?,62180.6,0,,0.9981,62209.3,-28.7,-0.046135
1783540050.701797,201.9495,bid,CANCEL?,62209.1,0,,4.999,62209.3,-0.2,-0.000321
1783540051.701196,202.9489,bid,APPEAR,62209.1,0.00024,True,,62209.3,-0.2,-0.000321
1783540053.701639,204.9493,bid,CANCEL?,62209.1,0,,2.0004,62209.3,-0.2,-0.000321
1783540053.701639,204.9493,bid,APPEAR,62187.6,0.00024,True,,62209.3,-21.7,-0.034882
1783540054.701022,205.9487,bid,APPEAR,62209.1,0.00024,True,,62209.3,-0.2,-0.000321
1783540054.701022,205.9487,bid,CANCEL?,62187.6,0,,0.9994,62209.3,-21.7,-0.034882
1783540056.702441,207.9501,bid,CANCEL?,62209.1,0,,2.0014,62209.3,-0.2,-0.000321
1783540056.702441,207.9501,bid,APPEAR,62187.6,0.00024,True,,62209.3,-21.7,-0.034882
1783540057.700727,208.9484,bid,APPEAR,62209.1,0.00024,True,,62209.3,-0.2,-0.000321
1783540057.700727,208.9484,bid,CANCEL?,62187.6,0,,0.9983,62209.3,-21.7,-0.034882
1783540071.700908,222.9486,bid,CANCEL?,62209.1,0,,14.0002,62209.3,-0.2,-0.000321
1783540072.701071,223.9488,bid,APPEAR,62209.1,0.00024,True,,62209.3,-0.2,-0.000321
1783540076.701576,227.9493,bid,CANCEL?,62209.1,0,,4.0005,62209.35,-0.25,-0.000402
1783540076.701576,227.9493,bid,APPEAR,62165.1,0.00024,True,,62209.35,-44.25,-0.071131
1783540077.7354062,228.9831,bid,APPEAR,62188.2,0.00024,True,,62209.35,-21.15,-0.033998
1783540077.7354062,228.9831,bid,CANCEL?,62165.1,0,,1.0338,62209.35,-44.25,-0.071131
1783540078.7008052,229.9485,bid,APPEAR,62209.3,0.00024,True,,62209.4,-0.1,-0.000161
1783540078.7008052,229.9485,bid,CANCEL?,62188.2,0,,0.9654,62209.4,-21.2,-0.034078
1783540080.73298,231.9807,bid,CANCEL?,62209.2,0.0004,,88.0288,62209.35,-0.15,-0.000241
1783540080.73298,231.9807,bid,APPEAR,62177.1,0.00024,True,,62209.35,-32.25,-0.051841
1783540081.701801,232.9495,bid,APPEAR,62209.2,0.00064,False,,62209.35,-0.15,-0.000241
1783540081.701801,232.9495,bid,CANCEL?,62177.1,0,,0.9688,62209.35,-32.25,-0.051841
1783540082.70057,233.9483,bid,CANCEL?,62209.2,0,,0.9988,62209.35,-0.15,-0.000241
1783540082.70057,233.9483,bid,APPEAR,62177.1,0.00024,True,,62209.35,-32.25,-0.051841
1783540083.701576,234.9493,bid,CANCEL?,62209.3,0,,5.0008,62193.3,16.0,0.025726
1783540083.701576,234.9493,bid,APPEAR,62193.3,0.00024,True,,62201.4,-8.1,-0.013022
1783540083.701576,234.9493,bid,APPEAR,62181.1,0.00024,True,,62201.4,-20.3,-0.032636
1783540083.701576,234.9493,bid,CANCEL?,62177.1,0,,1.001,62201.4,-24.3,-0.039067
1783540084.701344,235.949,bid,APPEAR,62201.4,0.00024,True,,62205.45,-4.05,-0.006511
1783540084.701344,235.949,bid,APPEAR,62193.4,0.00024,True,,62205.45,-12.05,-0.019371
1783540084.701344,235.949,bid,CANCEL?,62193.3,0,,0.9998,62205.45,-12.15,-0.019532
1783540084.701344,235.949,bid,CANCEL?,62181.1,0,,0.9998,62205.45,-24.35,-0.039144
1783540085.700624,236.9483,bid,APPEAR,62194.2,0.00024,True,,62205.45,-11.25,-0.018085
1783540085.700624,236.9483,bid,CANCEL?,62193.4,0,,0.9993,62205.45,-12.05,-0.019371
1783540088.704268,239.952,bid,APPEAR,62205.4,0.00024,True,,62207.05,-1.65,-0.002652
1783540088.704268,239.952,bid,APPEAR,62201.8,0.00024,True,,62207.05,-5.25,-0.00844
1783540088.704268,239.952,bid,CANCEL?,62201.4,0,,4.0029,62207.05,-5.65,-0.009083
1783540088.704268,239.952,bid,CANCEL?,62194.2,0,,3.0036,62207.05,-12.85,-0.020657
1783540092.7010188,243.9487,bid,APPEAR,62207.4,0.00024,True,,62208.4,-1.0,-0.001607
1783540092.7010188,243.9487,bid,APPEAR,62205.6,0.00024,True,,62208.4,-2.8,-0.004501
1783540092.7010188,243.9487,bid,CANCEL?,62205.4,0,,3.9968,62208.4,-3.0,-0.004822
1783540092.7010188,243.9487,bid,CANCEL?,62201.8,0,,3.9968,62208.4,-6.6,-0.010609
1783540094.702237,245.9499,bid,CANCEL?,62205.6,0,,2.0012,62208.45,-2.85,-0.004581
1783540094.702237,245.9499,bid,APPEAR,62188.1,0.00024,True,,62208.45,-20.35,-0.032713
1783540095.704014,246.9517,bid,APPEAR,62208.4,0.00024,True,,62208.9,-0.5,-0.000804
1783540095.704014,246.9517,bid,APPEAR,62207.6,0.00024,True,,62208.9,-1.3,-0.00209
1783540095.704014,246.9517,bid,CANCEL?,62207.4,0,,3.003,62208.9,-1.5,-0.002411
1783540095.704014,246.9517,bid,CANCEL?,62188.1,0,,1.0018,62208.9,-20.8,-0.033436
1783540097.701854,248.9496,bid,CANCEL?,62207.6,0,,1.9978,62208.95,-1.35,-0.00217
1783540097.701854,248.9496,bid,APPEAR,62183.1,0.00024,True,,62208.95,-25.85,-0.041554
1783540098.7000792,249.9478,bid,APPEAR,62209.0,0.00024,True,,62209.2,-0.2,-0.000321
1783540098.7000792,249.9478,bid,APPEAR,62208.6,0.00024,True,,62209.2,-0.6,-0.000964
1783540098.7000792,249.9478,bid,CANCEL?,62208.4,0,,2.9961,62209.2,-0.8,-0.001286
1783540098.7000792,249.9478,bid,CANCEL?,62183.1,0,,0.9982,62209.2,-26.1,-0.041955
1783540100.700036,251.9477,bid,CANCEL?,62209.0,0,,2.0,62209.25,-0.25,-0.000402
1783540101.7002518,252.948,bid,APPEAR,62209.2,0.00024,True,,62209.3,-0.1,-0.000161
1783540101.7002518,252.948,bid,APPEAR,62209.1,0.00064,False,,62209.3,-0.2,-0.000321
1783540101.7002518,252.948,bid,CANCEL?,62208.6,0,,3.0002,62209.3,-0.7,-0.001125
1783540103.700696,254.9484,bid,CANCEL?,62209.1,0,,2.0004,62209.3,-0.2,-0.000321
1783540103.700696,254.9484,bid,APPEAR,62182.1,0.00024,True,,62209.3,-27.2,-0.043723
1783540104.699832,255.9475,bid,APPEAR,62209.1,0.00024,True,,62209.3,-0.2,-0.000321
1783540104.699832,255.9475,bid,CANCEL?,62182.1,0,,0.9991,62209.3,-27.2,-0.043723
1783540106.701283,257.949,bid,CANCEL?,62209.1,0,,2.0015,62209.3,-0.2,-0.000321
1783540106.701283,257.949,bid,APPEAR,62161.6,0.00024,True,,62209.3,-47.7,-0.076677
1783540107.701469,258.9492,bid,APPEAR,62209.1,0.00024,True,,62209.3,-0.2,-0.000321
1783540107.701469,258.9492,bid,CANCEL?,62161.6,0,,1.0002,62209.3,-47.7,-0.076677
1783540117.7010481,268.9488,bid,CANCEL?,62209.2,0,,16.0008,62209.25,-0.05,-8e-05
1783540118.704142,269.9518,bid,CANCEL?,62209.1,0,,11.0027,62209.3,-0.2,-0.000321
1783540118.704142,269.9518,bid,APPEAR,62152.7,0.00024,True,,62209.3,-56.6,-0.090983
1783540118.704142,269.9518,bid,APPEAR,62086.1,0.00024,True,,62209.3,-123.2,-0.198041
1783540119.703288,270.951,bid,APPEAR,62209.3,0.00024,True,,62209.35,-0.05,-8e-05
1783540119.703288,270.951,bid,APPEAR,62209.2,0.00064,False,,62209.35,-0.15,-0.000241
1783540119.703288,270.951,bid,CANCEL?,62152.7,0,,0.9991,62209.35,-56.65,-0.091063
1783540119.703288,270.951,bid,CANCEL?,62086.1,0,,0.9991,62209.35,-123.25,-0.198121
1783540121.699771,272.9475,bid,CANCEL?,62209.3,0,,1.9965,62209.3,,0.0
1783540122.703804,273.9515,bid,CANCEL?,62209.2,0,,3.0005,62157.0,52.2,0.083981
1783540122.703804,273.9515,bid,APPEAR,62104.6,0.00024,True,,62158.75,-54.15,-0.087116
1783540122.703804,273.9515,ask,APPEAR,62209.4,0.00024,True,,62111.0,98.4,0.158426
1783540122.703804,273.9515,ask,APPEAR,62209.5,0.00044,False,,62111.0,98.5,0.158587
1783540124.7008262,275.9485,bid,APPEAR,62111.0,0.00024,True,,62112.5,-1.5,-0.002415
1783540124.7008262,275.9485,ask,CANCEL?,62209.4,0,,1.997,62112.35,97.05,0.156249
1783540125.700966,276.9487,bid,APPEAR,62108.4,0.00024,True,,62112.35,-3.95,-0.006359
1783540125.700966,276.9487,bid,CANCEL?,62104.6,0,,2.9972,62112.35,-7.75,-0.012477
1783540125.700966,276.9487,ask,APPEAR,62111.1,0.00024,True,,62111.05,0.05,8.1e-05
1783540125.700966,276.9487,ask,APPEAR,62113.6,0.00024,True,,62111.05,2.55,0.004106
1783540125.700966,276.9487,ask,CANCEL?,62209.5,0.0002,,2.9972,62111.05,98.45,0.158506
1783540127.69954,278.9472,ask,CANCEL?,62111.1,0,,1.9986,62112.3,-1.2,-0.001932
1783540127.69954,278.9472,ask,CANCEL?,62113.6,0,,1.9986,62111.5,2.1,0.003381
1783540128.699014,279.9467,bid,APPEAR,62110.1,0.00024,True,,62111.5,-1.4,-0.002254
1783540128.699014,279.9467,bid,CANCEL?,62108.4,0,,2.998,62111.5,-3.1,-0.004991
1783540131.703541,282.9512,bid,APPEAR,62111.5,0.00024,True,,62111.7,-0.2,-0.000322
1783540131.703541,282.9512,bid,APPEAR,62111.2,0.00024,True,,62111.7,-0.5,-0.000805
1783540131.703541,282.9512,bid,CANCEL?,62111.0,0,,7.0027,62111.7,-0.7,-0.001127
1783540131.703541,282.9512,bid,CANCEL?,62110.1,0,,3.0045,62111.7,-1.6,-0.002576
1783540133.6994848,284.9472,ask,APPEAR,62116.7,0.00024,True,,62114.15,2.55,0.004105
1783540133.6994848,284.9472,ask,APPEAR,62116.8,0.00024,True,,62114.15,2.65,0.004266
1783540134.700941,285.9486,bid,APPEAR,62111.6,0.00064,False,,62114.15,-2.55,-0.004105
1783540134.700941,285.9486,bid,CANCEL?,62111.5,0,,2.9974,62114.15,-2.65,-0.004266
1783540135.6996338,286.9473,bid,APPEAR,62111.5,0.00024,True,,62114.15,-2.65,-0.004266
1783540135.6996338,286.9473,bid,CANCEL?,62111.2,0,,3.9961,62114.15,-2.95,-0.004749
1783540136.700487,287.9482,bid,CANCEL?,62111.5,0,,1.0009,62112.65,-1.15,-0.001851
1783540136.700487,287.9482,bid,APPEAR,62110.3,0.00024,True,,62112.65,-2.35,-0.003783
1783540136.700487,287.9482,ask,APPEAR,62114.8,0.00024,True,,62113.3,1.5,0.002415
1783540136.700487,287.9482,ask,CANCEL?,62116.7,0,,3.001,62113.3,3.4,0.005474
1783540140.70141,291.9491,ask,APPEAR,62114.9,0.00024,True,,62113.2,1.7,0.002737
1783540140.70141,291.9491,ask,CANCEL?,62116.8,0,,7.0019,62113.2,3.6,0.005796
1783540141.700144,292.9478,bid,APPEAR,62113.2,0.00024,True,,62113.95,-0.75,-0.001207
1783540141.700144,292.9478,bid,APPEAR,62111.8,0.00024,True,,62113.95,-2.15,-0.003461
1783540141.700144,292.9478,bid,CANCEL?,62111.6,0,,6.9992,62113.95,-2.35,-0.003783
1783540141.700144,292.9478,bid,CANCEL?,62110.3,0,,4.9997,62113.95,-3.65,-0.005876
1783540141.700144,292.9478,ask,CANCEL?,62114.8,0,,4.9997,62113.95,0.85,0.001368
1783540141.700144,292.9478,ask,CANCEL?,62114.9,0,,0.9987,62113.95,0.95,0.001529
1783540143.702697,294.9504,bid,APPEAR,62111.9,0.00024,True,,62116.05,-4.15,-0.006681
1783540143.702697,294.9504,bid,CANCEL?,62111.8,0.0004,,2.0026,62116.05,-4.25,-0.006842
1783540145.699182,296.9469,bid,CANCEL?,62111.9,0,,1.9965,62116.15,-4.25,-0.006842
1783540145.699182,296.9469,bid,APPEAR,61791.3,0.00024,True,,62116.15,-324.85,-0.522972
1783540146.69925,297.947,bid,APPEAR,62118.7,0.00024,True,,62134.65,-15.95,-0.02567
1783540146.69925,297.947,bid,APPEAR,62113.5,0.00024,True,,62134.65,-21.15,-0.034039
1783540146.69925,297.947,bid,CANCEL?,62113.2,0,,4.9991,62134.65,-21.45,-0.034522
1783540146.69925,297.947,bid,CANCEL?,61791.3,0,,1.0001,62134.65,-343.35,-0.55259
1783540148.69948,299.9472,bid,APPEAR,62134.6,0.00024,True,,62134.95,-0.35,-0.000563
1783540148.69948,299.9472,bid,CANCEL?,62118.7,0,,2.0002,62134.95,-16.25,-0.026153
1783540148.69948,299.9472,ask,APPEAR,62134.7,0.00024,True,,62134.65,0.05,8e-05
1783540148.69948,299.9472,ask,APPEAR,62135.2,0.00024,True,,62134.65,0.55,0.000885
1783540149.698727,300.9464,bid,APPEAR,62134.2,0.00024,True,,62134.65,-0.45,-0.000724
1783540149.698727,300.9464,bid,CANCEL?,62113.5,0,,2.9995,62134.65,-21.15,-0.034039
1783540149.698727,300.9464,ask,CANCEL?,62134.7,0,,0.9992,62134.9,-0.2,-0.000322
1783540149.698727,300.9464,ask,CANCEL?,62135.2,0,,0.9992,62140.25,-5.05,-0.008127
1783540149.698727,300.9464,ask,APPEAR,62145.8,0.00024,True,,62140.2,5.6,0.009012
1783540150.6986282,301.9463,ask,APPEAR,62140.0,0.00024,True,,62137.3,2.7,0.004345
1783540150.6986282,301.9463,ask,APPEAR,62140.1,0.00024,True,,62137.3,2.8,0.004506
1783540150.6986282,301.9463,ask,CANCEL?,62145.8,0,,0.9999,62137.3,8.5,0.013679
1783540152.701076,303.9488,ask,CANCEL?,62140.1,0,,2.0024,62137.55,2.55,0.004104
1783540152.701076,303.9488,ask,APPEAR,62145.8,0.00024,True,,62137.55,8.25,0.013277
1783540153.701793,304.9495,bid,APPEAR,62139.5,0.00024,True,,62139.75,-0.25,-0.000402
1783540153.701793,304.9495,bid,CANCEL?,62134.6,0,,5.0023,62139.75,-5.15,-0.008288
1783540154.6986618,305.9464,ask,CANCEL?,62140.0,0,,4.0,62139.65,0.35,0.000563
1783540155.7866838,307.0344,bid,APPEAR,62135.2,0.00024,True,,62139.65,-4.45,-0.007161
1783540155.7866838,307.0344,bid,CANCEL?,62134.2,0,,6.088,62139.65,-5.45,-0.008771
1783540155.7866838,307.0344,ask,CANCEL?,62145.8,0,,3.0856,62139.65,6.15,0.009897
1783540157.703721,308.9514,bid,CANCEL?,62139.5,0,,4.0019,62139.7,-0.2,-0.000322
1783540157.703721,308.9514,bid,APPEAR,62137.6,0.00024,True,,62139.7,-2.1,-0.003379
1783540158.7003038,309.948,bid,APPEAR,62137.5,0.00024,True,,62142.45,-4.95,-0.007966
1783540158.7003038,309.948,bid,CANCEL?,62135.2,0,,2.9136,62142.45,-7.25,-0.011667
1783540159.6988108,310.9465,bid,APPEAR,62140.5,0.00024,True,,62141.95,-1.45,-0.002333
1783540159.6988108,310.9465,bid,CANCEL?,62137.6,0,,1.9951,62141.95,-4.35,-0.007
1783540161.698638,312.9463,bid,APPEAR,62140.4,0.00024,True,,62142.3,-1.9,-0.003057
1783540161.698638,312.9463,bid,CANCEL?,62137.5,0,,2.9983,62142.3,-4.8,-0.007724
1783540161.698638,312.9463,ask,APPEAR,62144.4,0.00024,True,,62142.3,2.1,0.003379
1783540164.7016141,315.9493,ask,CANCEL?,62144.4,0,,3.003,62141.5,2.9,0.004667
1783540164.7016141,315.9493,ask,APPEAR,62144.5,0.00024,True,,62141.5,3.0,0.004828
1783540167.69949,318.9472,bid,CANCEL?,62140.4,0,,6.0009,62141.5,-1.1,-0.00177
1783540167.69949,318.9472,bid,APPEAR,62137.6,0.00024,True,,62141.5,-3.9,-0.006276
1783540167.69949,318.9472,ask,CANCEL?,62144.5,0,,2.9979,62142.5,2.0,0.003218
1783540170.698178,321.9459,bid,APPEAR,62141.3,0.00024,True,,62143.35,-2.05,-0.003299
1783540170.698178,321.9459,bid,APPEAR,62140.7,0.00024,True,,62143.35,-2.65,-0.004264
1783540170.698178,321.9459,bid,CANCEL?,62140.5,0,,10.9994,62143.35,-2.85,-0.004586
1783540170.698178,321.9459,bid,CANCEL?,62137.6,0,,2.9987,62143.35,-5.75,-0.009253
1783540178.698373,329.9461,ask,APPEAR,62144.7,0.00024,True,,62144.5,0.2,0.000322
1783540178.698373,329.9461,ask,APPEAR,62145.3,0.00024,True,,62144.5,0.8,0.001287
1783540180.69838,331.9461,bid,APPEAR,62144.6,0.00024,True,,62144.65,-0.05,-8e-05
1783540180.69838,331.9461,bid,APPEAR,62144.4,0.00024,True,,62144.65,-0.25,-0.000402
1783540180.69838,331.9461,bid,CANCEL?,62141.3,0,,10.0002,62144.65,-3.35,-0.005391
1783540180.69838,331.9461,bid,CANCEL?,62140.7,0,,10.0002,62144.65,-3.95,-0.006356
1783540180.69838,331.9461,ask,CANCEL?,62144.7,0,,2.0,62144.95,-0.25,-0.000402
1783540180.69838,331.9461,ask,CANCEL?,62145.3,0,,2.0,62175.55,-30.25,-0.048653
1783540180.69838,331.9461,ask,APPEAR,62175.4,0.00024,True,,62160.0,15.4,0.024775
1783540180.69838,331.9461,ask,APPEAR,62175.5,0.00024,True,,62160.0,15.5,0.024936
1783540182.698314,333.946,bid,APPEAR,62160.0,0.00024,True,,62167.7,-7.7,-0.012386
1783540182.698314,333.946,bid,APPEAR,62144.7,0.00024,True,,62167.7,-23.0,-0.036997
1783540182.698314,333.946,bid,CANCEL?,62144.6,0,,1.9999,62167.7,-23.1,-0.037158
1783540182.698314,333.946,bid,CANCEL?,62144.4,0.0004,,1.9999,62167.7,-23.3,-0.037479
1783540182.698314,333.946,ask,CANCEL?,62175.4,0,,1.9999,62167.75,7.65,0.012305
1783540182.698314,333.946,ask,CANCEL?,62175.5,0,,1.9999,62184.75,-9.25,-0.014875
1783540185.7186828,336.9664,bid,APPEAR,62184.8,0.00024,True,,62195.95,-11.15,-0.017927
1783540185.7186828,336.9664,bid,APPEAR,62162.5,0.00024,True,,62195.95,-33.45,-0.053782
1783540185.7186828,336.9664,bid,CANCEL?,62160.0,0,,3.0204,62195.95,-35.95,-0.057801
1783540185.7186828,336.9664,bid,CANCEL?,62144.7,0,,3.0204,62195.95,-51.25,-0.082401
1783540188.700354,339.9481,ask,APPEAR,62184.9,0.00024,True,,62184.85,0.05,8e-05
1783540188.700354,339.9481,ask,APPEAR,62207.0,0.00024,True,,62184.85,22.15,0.03562
1783540191.698317,342.946,bid,CANCEL?,62162.5,0,,5.9796,62184.85,-22.35,-0.035941
1783540191.698317,342.946,bid,APPEAR,62105.1,0.00024,True,,62184.85,-79.75,-0.128247
1783540191.698317,342.946,ask,CANCEL?,62207.0,0,,2.998,62184.85,22.15,0.03562
1783540191.698317,342.946,ask,APPEAR,62209.4,0.00024,True,,62184.85,24.55,0.039479
1783540192.702645,343.9503,bid,CANCEL?,62184.8,0,,6.984,62145.0,39.8,0.064044
1783540192.702645,343.9503,bid,APPEAR,62157.2,0.00024,True,,62171.05,-13.85,-0.022277
1783540192.702645,343.9503,bid,APPEAR,62157.1,0.00024,True,,62171.05,-13.95,-0.022438
1783540192.702645,343.9503,bid,CANCEL?,62105.1,0,,1.0043,62171.05,-65.95,-0.106078
1783540194.698719,345.9464,bid,APPEAR,62183.2,0.00024,True,,62183.4,-0.2,-0.000322
1783540194.698719,345.9464,bid,APPEAR,62157.3,0.00024,True,,62183.4,-26.1,-0.041973
1783540194.698719,345.9464,bid,CANCEL?,62157.2,0,,1.9961,62183.4,-26.2,-0.042133
1783540194.698719,345.9464,bid,CANCEL?,62157.1,0,,1.9961,62183.4,-26.3,-0.042294
1783540194.698719,345.9464,ask,CANCEL?,62184.9,0,,5.9984,62183.4,1.5,0.002412
1783540194.698719,345.9464,ask,CANCEL?,62209.4,0,,3.0004,62183.4,26.0,0.041812
1783540195.6983979,346.9461,bid,CANCEL?,62183.2,0,,0.9997,62171.05,12.15,0.019543
1783540196.812286,348.06,bid,APPEAR,62171.0,0.00024,True,,62177.3,-6.3,-0.010132
1783540196.812286,348.06,bid,APPEAR,62158.9,0.00024,True,,62177.3,-18.4,-0.029593
1783540196.812286,348.06,bid,CANCEL?,62157.3,0,,2.1136,62177.3,-20.0,-0.032166
1783540197.698879,348.9466,bid,CANCEL?,62158.9,0,,0.8866,62177.3,-18.4,-0.029593
1783540197.698879,348.9466,bid,APPEAR,62100.6,0.00024,True,,62177.3,-76.7,-0.123357
1783540200.217345,351.465,ask,APPEAR,62184.0,0.00024,True,,62177.5,6.5,0.010454
1783540200.7019851,351.9497,bid,APPEAR,62158.6,0.00024,True,,62177.5,-18.9,-0.030397
1783540200.7019851,351.9497,bid,CANCEL?,62100.6,0,,3.0031,62177.5,-76.9,-0.123678
1783540200.7019851,351.9497,ask,APPEAR,62209.4,0.00024,True,,62177.5,31.9,0.051305
1783540201.699508,352.9472,bid,APPEAR,62183.4,0.00024,True,,62183.7,-0.3,-0.000482
1783540201.699508,352.9472,bid,APPEAR,62171.1,0.00024,True,,62183.7,-12.6,-0.020263
1783540201.699508,352.9472,bid,CANCEL?,62171.0,0,,4.8872,62183.7,-12.7,-0.020423
1783540201.699508,352.9472,bid,CANCEL?,62158.6,0,,0.9975,62183.7,-25.1,-0.040364
1783540201.699508,352.9472,ask,APPEAR,62208.2,0.00024,True,,62183.7,24.5,0.039399
1783540201.699508,352.9472,ask,CANCEL?,62209.4,0,,0.9975,62183.7,25.7,0.041329
1783540202.703027,353.9507,bid,APPEAR,62171.5,0.00024,True,,62183.7,-12.2,-0.019619
1783540202.703027,353.9507,bid,CANCEL?,62171.1,0,,1.0035,62183.7,-12.6,-0.020263
1783540202.703027,353.9507,ask,CANCEL?,62184.0,0,,2.4857,62195.8,-11.8,-0.018972
1783540202.703027,353.9507,ask,APPEAR,62185.3,0.00024,True,,62184.35,0.95,0.001528
1783540202.703027,353.9507,ask,APPEAR,62195.9,0.00024,True,,62184.35,11.55,0.018574
1783540202.703027,353.9507,ask,CANCEL?,62208.2,0,,1.0035,62184.35,23.85,0.038354
1783540203.697079,354.9448,bid,APPEAR,62173.0,0.00024,True,,62184.35,-11.35,-0.018252
1783540203.697079,354.9448,bid,CANCEL?,62171.5,0,,0.9941,62184.35,-12.85,-0.020664
1783540205.931138,357.1788,ask,APPEAR,62195.7,0.00024,True,,62184.35,11.35,0.018252
1783540205.931138,357.1788,ask,CANCEL?,62195.9,0,,3.2281,62184.35,11.55,0.018574
1783540206.698129,357.9458,bid,APPEAR,62184.4,0.00024,True,,62184.8,-0.4,-0.000643
1783540206.698129,357.9458,bid,CANCEL?,62183.4,0,,4.9986,62184.8,-1.4,-0.002251
1783540206.698129,357.9458,ask,CANCEL?,62185.3,0,,3.9951,62184.8,0.5,0.000804
1783540208.698863,359.9466,bid,APPEAR,62185.0,0.00024,True,,62190.3,-5.3,-0.008522
1783540208.698863,359.9466,bid,APPEAR,62184.6,0.00024,True,,62190.3,-5.7,-0.009165
1783540208.698863,359.9466,bid,CANCEL?,62184.4,0,,2.0007,62190.3,-5.9,-0.009487
1783540208.698863,359.9466,bid,CANCEL?,62173.0,0,,5.0018,62190.3,-17.3,-0.027818
1783540208.698863,359.9466,ask,CANCEL?,62195.7,0,,2.7677,62190.3,5.4,0.008683
1783540212.242713,363.4904,bid,APPEAR,62195.1,0.00024,True,,62202.05,-6.95,-0.011173
1783540212.242713,363.4904,bid,APPEAR,62185.6,0.00024,True,,62202.05,-16.45,-0.026446
1783540212.242713,363.4904,bid,CANCEL?,62185.0,0,,3.5438,62202.05,-17.05,-0.027411
1783540212.242713,363.4904,bid,CANCEL?,62184.6,0,,3.5438,62202.05,-17.45,-0.028054
1783540212.697194,363.9449,ask,APPEAR,62197.3,0.00024,True,,62196.2,1.1,0.001769
1783540212.697194,363.9449,ask,APPEAR,62208.9,0.00024,True,,62196.2,12.7,0.020419
1783540213.7001128,364.9478,bid,CANCEL?,62195.1,0,,1.4574,62196.25,-1.15,-0.001849
1783540213.7001128,364.9478,bid,APPEAR,62185.5,0.00024,True,,62196.25,-10.75,-0.017284
1783540213.7001128,364.9478,ask,CANCEL?,62197.3,0,,1.0029,62196.2,1.1,0.001769
1783540213.7001128,364.9478,ask,APPEAR,62206.9,0.00024,True,,62196.2,10.7,0.017204
1783540214.697255,365.945,bid,CANCEL?,62185.5,0,,0.9971,62196.2,-10.7,-0.017204
1783540214.697255,365.945,bid,APPEAR,62103.1,0.00024,True,,62196.2,-93.1,-0.149688
1783540215.794334,367.042,bid,APPEAR,62196.2,0.00024,True,,62196.7,-0.5,-0.000804
1783540215.794334,367.042,bid,CANCEL?,62185.6,0,,3.5516,62196.7,-11.1,-0.017847
1783540215.794334,367.042,ask,APPEAR,62207.0,0.00024,True,,62196.7,10.3,0.01656
1783540215.794334,367.042,ask,CANCEL?,62208.9,0,,3.0971,62196.7,12.2,0.019615
1783540217.697502,368.9452,ask,APPEAR,62196.3,0.00024,True,,62196.25,0.05,8e-05
1783540217.697502,368.9452,ask,CANCEL?,62206.9,0,,3.9974,62196.25,10.65,0.017123
1783540218.6971588,369.9449,bid,APPEAR,62195.3,0.00024,True,,62196.25,-0.95,-0.001527
1783540218.6971588,369.9449,bid,CANCEL?,62103.1,0,,3.9999,62196.25,-93.15,-0.149768
1783540218.6971588,369.9449,ask,APPEAR,62206.7,0.00024,True,,62196.25,10.45,0.016802
1783540218.6971588,369.9449,ask,CANCEL?,62207.0,0,,2.9028,62196.25,10.75,0.017284
1783540221.697902,372.9456,ask,CANCEL?,62196.3,0,,4.0004,62201.45,-5.15,-0.00828
1783540221.697902,372.9456,ask,CANCEL?,62206.7,0,,3.0007,62202.85,3.85,0.006189
1783540224.7015302,375.9492,bid,APPEAR,62202.8,0.00024,True,,62205.85,-3.05,-0.004903
1783540224.7015302,375.9492,bid,APPEAR,62196.9,0.00024,True,,62205.85,-8.95,-0.014388
1783540224.7015302,375.9492,bid,CANCEL?,62196.2,0,,8.9072,62205.85,-9.65,-0.015513
1783540224.7015302,375.9492,bid,CANCEL?,62195.3,0,,6.0044,62205.85,-10.55,-0.01696
1783540228.696964,379.9447,ask,APPEAR,62204.0,0.00024,True,,62203.55,0.45,0.000723
1783540230.6973581,381.9451,bid,APPEAR,62203.9,0.00024,True,,62203.95,-0.05,-8e-05
1783540230.6973581,381.9451,bid,CANCEL?,62202.8,0,,5.9958,62203.95,-1.15,-0.001849
1783540230.6973581,381.9451,ask,APPEAR,62208.8,0.00024,True,,62203.95,4.85,0.007797
1783540235.696857,386.9446,ask,CANCEL?,62204.0,0,,6.9999,62206.35,-2.35,-0.003778
1783540236.697653,387.9454,bid,APPEAR,62203.2,0.00024,True,,62206.35,-3.15,-0.005064
1783540236.697653,387.9454,bid,CANCEL?,62196.9,0,,11.9961,62206.35,-9.45,-0.015191
1783540236.697653,387.9454,ask,APPEAR,62206.0,0.00024,True,,62204.95,1.05,0.001688
1783540238.7005508,389.9483,ask,APPEAR,62208.7,0.00024,True,,62204.95,3.75,0.006028
1783540238.7005508,389.9483,ask,CANCEL?,62208.8,0,,8.0032,62204.95,3.85,0.006189
1783540240.776166,392.0239,bid,APPEAR,62205.0,0.00024,True,,62205.45,-0.45,-0.000723
1783540240.776166,392.0239,bid,APPEAR,62204.1,0.00024,True,,62205.45,-1.35,-0.00217
1783540240.776166,392.0239,bid,CANCEL?,62203.9,0,,10.0788,62205.45,-1.55,-0.002492
1783540240.776166,392.0239,bid,CANCEL?,62203.2,0,,4.0785,62205.45,-2.25,-0.003617
1783540240.776166,392.0239,ask,CANCEL?,62206.0,0,,4.0785,62205.45,0.55,0.000884
1783540240.776166,392.0239,ask,CANCEL?,62208.7,0,,2.0756,62205.45,3.25,0.005225
1783540243.6967208,394.9444,bid,CANCEL?,62204.1,0,,2.9206,62205.5,-1.4,-0.002251
1783540243.6967208,394.9444,bid,APPEAR,62083.6,0.00024,True,,62205.5,-121.9,-0.195963
1783540244.696287,395.944,bid,APPEAR,62205.8,0.00024,True,,62207.6,-1.8,-0.002894
1783540244.696287,395.944,bid,APPEAR,62205.2,0.00024,True,,62207.6,-2.4,-0.003858
1783540244.696287,395.944,bid,CANCEL?,62205.0,0,,3.9201,62207.6,-2.6,-0.00418
1783540244.696287,395.944,bid,CANCEL?,62083.6,0,,0.9996,62207.6,-124.0,-0.199333
1783540246.696667,397.9444,bid,CANCEL?,62205.8,0,,2.0004,62207.65,-1.85,-0.002974
1783540246.696667,397.9444,ask,APPEAR,62207.3,0.00024,True,,62206.6,0.7,0.001125
1783540246.696667,397.9444,ask,APPEAR,62209.3,0.00024,True,,62206.6,2.7,0.00434
1783540247.696495,398.9442,bid,APPEAR,62205.3,0.00024,True,,62206.6,-1.3,-0.00209
1783540248.696446,399.9441,bid,APPEAR,62207.2,0.00024,True,,62207.25,-0.05,-8e-05
1783540248.696446,399.9441,bid,APPEAR,62206.0,0.00024,True,,62207.25,-1.25,-0.002009
1783540248.696446,399.9441,bid,CANCEL?,62205.3,0,,1.0,62207.25,-1.95,-0.003135
1783540248.696446,399.9441,bid,CANCEL?,62205.2,0,,4.0002,62207.25,-2.05,-0.003295
1783540249.753105,401.0008,ask,CANCEL?,62207.3,0,,3.0564,62208.25,-0.95,-0.001527
1783540249.753105,401.0008,ask,APPEAR,62208.5,0.00024,True,,62207.85,0.65,0.001045
1783540249.753105,401.0008,ask,APPEAR,62208.6,0.00024,True,,62207.85,0.75,0.001206
1783540249.753105,401.0008,ask,CANCEL?,62209.3,0,,3.0564,62207.85,1.45,0.002331
1783540251.696327,402.944,bid,CANCEL?,62206.0,0,,2.9999,62207.85,-1.85,-0.002974
1783540251.696327,402.944,bid,APPEAR,62083.6,0.00024,True,,62207.85,-124.25,-0.199734
1783540251.696327,402.944,ask,CANCEL?,62208.6,0,,1.9432,62207.85,0.75,0.001206
1783540251.696327,402.944,ask,APPEAR,62209.4,0.00024,True,,62207.85,1.55,0.002492
1783540253.734518,404.9822,bid,CANCEL?,62207.2,0.0004,,5.0381,62207.8,-0.6,-0.000965
1783540253.734518,404.9822,bid,APPEAR,62146.1,0.00024,True,,62207.8,-61.7,-0.099184
1783540253.734518,404.9822,ask,CANCEL?,62208.5,0,,3.9814,62207.8,0.7,0.001125
1783540254.69716,405.9449,bid,APPEAR,62207.8,0.00024,True,,62208.1,-0.3,-0.000482
1783540254.69716,405.9449,bid,APPEAR,62207.3,0.00024,True,,62208.1,-0.8,-0.001286
1783540254.69716,405.9449,bid,CANCEL?,62146.1,0,,0.9626,62208.1,-62.0,-0.099665
1783540254.69716,405.9449,bid,CANCEL?,62083.6,0,,3.0008,62208.1,-124.5,-0.200135
1783540254.69716,405.9449,ask,CANCEL?,62209.4,0,,3.0008,62208.1,1.3,0.00209
1783540256.6964202,407.9441,bid,APPEAR,62208.3,0.00024,True,,62208.85,-0.55,-0.000884
1783540256.6964202,407.9441,bid,APPEAR,62208.0,0.00024,True,,62208.85,-0.85,-0.001366
1783540256.6964202,407.9441,bid,CANCEL?,62207.8,0,,1.9993,62208.85,-1.05,-0.001688
1783540256.6964202,407.9441,bid,CANCEL?,62207.3,0,,1.9993,62208.85,-1.55,-0.002492
1783540261.696272,412.944,bid,CANCEL?,62208.3,0,,4.9999,62208.9,-0.6,-0.000964
1783540261.696272,412.944,bid,APPEAR,62207.9,0.00024,True,,62208.9,-1.0,-0.001607
1783540261.696272,412.944,ask,APPEAR,62208.7,0.00024,True,,62208.55,0.15,0.000241
1783540261.696272,412.944,ask,APPEAR,62209.3,0.00024,True,,62208.55,0.75,0.001206
1783540262.7028532,413.9506,bid,APPEAR,62208.6,0.00024,True,,62208.65,-0.05,-8e-05
1783540262.7028532,413.9506,bid,CANCEL?,62208.0,0,,6.0064,62208.65,-0.65,-0.001045
1783540262.7028532,413.9506,bid,CANCEL?,62207.9,0,,1.0066,62208.65,-0.75,-0.001206
1783540263.6967309,414.9444,bid,APPEAR,62208.5,0.00024,True,,62208.65,-0.15,-0.000241
1783540265.69938,416.9471,bid,CANCEL?,62208.6,0,,2.9965,62208.6,,0.0
1783540265.69938,416.9471,bid,CANCEL?,62208.5,0,,2.0026,62147.35,61.15,0.098395
1783540265.69938,416.9471,bid,APPEAR,62147.7,0.00024,True,,62178.2,-30.5,-0.049053
1783540265.69938,416.9471,bid,APPEAR,62147.6,0.00024,True,,62178.2,-30.6,-0.049213
1783540267.6985312,418.9462,bid,APPEAR,62178.4,0.00024,True,,62193.55,-15.15,-0.024359
1783540267.6985312,418.9462,bid,APPEAR,62147.8,0.00024,True,,62193.55,-45.75,-0.073561
1783540267.6985312,418.9462,bid,CANCEL?,62147.7,0,,1.9992,62193.55,-45.85,-0.073721
1783540267.6985312,418.9462,bid,CANCEL?,62147.6,0,,1.9992,62193.55,-45.95,-0.073882
1783540267.6985312,418.9462,ask,CANCEL?,62208.7,0,,6.0023,62192.05,16.65,0.026772
1783540267.6985312,418.9462,ask,CANCEL?,62209.3,0,,6.0023,62192.05,17.25,0.027737
1783540270.6959958,421.9437,bid,APPEAR,62150.8,0.00024,True,,62192.7,-41.9,-0.067371
1783540270.6959958,421.9437,bid,CANCEL?,62147.8,0,,2.9975,62192.7,-44.9,-0.072195
1783540272.785496,424.0332,bid,CANCEL?,62178.4,0,,5.087,62193.95,-15.55,-0.025002
1783540273.696859,424.9446,bid,APPEAR,62194.0,0.00024,True,,62201.1,-7.1,-0.011415
1783540273.696859,424.9446,bid,APPEAR,62179.8,0.00024,True,,62201.1,-21.3,-0.034244
1783540273.696859,424.9446,bid,CANCEL?,62150.8,0,,3.0009,62201.1,-50.3,-0.080867
1783540273.696859,424.9446,ask,APPEAR,62194.1,0.00024,True,,62194.05,0.05,8e-05
1783540273.696859,424.9446,ask,APPEAR,62208.1,0.00024,True,,62194.05,14.05,0.022591
1783540274.6965911,425.9443,bid,CANCEL?,62179.8,0,,0.9997,62194.05,-14.25,-0.022912
1783540274.6965911,425.9443,bid,APPEAR,62152.3,0.00024,True,,62194.05,-41.75,-0.067129
1783540274.6965911,425.9443,ask,CANCEL?,62194.1,0,,0.9997,62201.05,-6.95,-0.011173
1783540274.6965911,425.9443,ask,CANCEL?,62208.1,0,,0.9997,62288.95,-80.85,-0.129798
1783540274.6965911,425.9443,ask,APPEAR,62268.1,0.00024,True,,62231.05,37.05,0.059536
1783540274.6965911,425.9443,ask,APPEAR,62268.2,0.00024,True,,62231.05,37.15,0.059697
1783540276.6966588,427.9444,bid,APPEAR,62210.2,0.00024,True,,62239.15,-28.95,-0.046514
1783540276.6966588,427.9444,bid,APPEAR,62194.1,0.00024,True,,62239.15,-45.05,-0.072382
1783540276.6966588,427.9444,bid,CANCEL?,62194.0,0,,2.9998,62239.15,-45.15,-0.072543
1783540276.6966588,427.9444,bid,CANCEL?,62152.3,0,,2.0001,62239.15,-86.85,-0.139542
1783540276.6966588,427.9444,ask,APPEAR,62210.3,0.00024,True,,62210.25,0.05,8e-05
1783540276.6966588,427.9444,ask,APPEAR,62268.0,0.00024,True,,62210.25,57.75,0.09283
1783540276.6966588,427.9444,ask,CANCEL?,62268.1,0,,2.0001,62210.25,57.85,0.092991
1783540276.6966588,427.9444,ask,CANCEL?,62268.2,0,,2.0001,62210.25,57.95,0.093152
1783540278.695671,429.9434,bid,APPEAR,62197.8,0.00024,True,,62210.25,-12.45,-0.020013
1783540278.695671,429.9434,bid,CANCEL?,62194.1,0,,1.999,62210.25,-16.15,-0.02596
1783540278.695671,429.9434,ask,CANCEL?,62210.3,0,,1.999,62237.3,-27.0,-0.043382
1783540278.695671,429.9434,ask,CANCEL?,62268.0,0,,1.999,62237.3,30.7,0.049327
1783540281.697094,432.9448,bid,APPEAR,62213.0,0.00024,True,,62303.4,-90.4,-0.145096
1783540281.697094,432.9448,bid,CANCEL?,62210.2,0,,5.0004,62303.4,-93.2,-0.149591
1783540281.697094,432.9448,bid,CANCEL?,62197.8,0,,3.0014,62303.4,-105.6,-0.169493
1783540284.6984692,435.9462,bid,APPEAR,62222.1,0.00024,True,,62382.35,-160.25,-0.256884
1783540284.6984692,435.9462,bid,CANCEL?,62213.0,0,,3.0014,62382.35,-169.35,-0.271471
1783540284.6984692,435.9462,ask,APPEAR,62382.4,0.00024,True,,62302.25,80.15,0.128647
1783540284.6984692,435.9462,ask,APPEAR,62542.5,0.00024,True,,62302.25,240.25,0.38562
1783540287.69855,438.9463,bid,APPEAR,62222.2,0.00024,True,,62298.3,-76.1,-0.122154
1783540288.6957738,439.9435,bid,CANCEL?,62222.2,0,,0.9972,62298.25,-76.05,-0.122074
1783540290.6951392,441.9428,bid,APPEAR,62222.3,0.00024,True,,62302.35,-80.05,-0.128486
1783540290.6951392,441.9428,bid,CANCEL?,62222.1,0,,5.9967,62302.35,-80.25,-0.128807
1783540290.6951392,441.9428,ask,APPEAR,62298.3,0.00024,True,,62260.3,38.0,0.061034
1783540290.6951392,441.9428,ask,CANCEL?,62382.4,0,,5.9967,62260.3,122.1,0.196112
1783540291.6955378,442.9432,bid,CANCEL?,62222.3,0,,1.0004,62193.15,29.15,0.04687
1783540296.695023,447.9427,ask,APPEAR,62374.3,0.00024,True,,62193.15,181.15,0.29127
1783540296.695023,447.9427,ask,CANCEL?,62542.5,0,,11.9966,62193.15,349.35,0.561718
1783540299.7627141,451.0104,bid,APPEAR,62231.2,0.00024,True,,62264.75,-33.55,-0.053883
1783540300.6971688,451.9449,bid,CANCEL?,62231.2,0,,0.9345,62193.2,38.0,0.0611
1783540300.6971688,451.9449,bid,APPEAR,62088.1,0.00064,False,,62193.2,-105.1,-0.16899
1783540300.6971688,451.9449,ask,APPEAR,62231.3,0.00024,True,,62159.7,71.6,0.115187
1783540300.6971688,451.9449,ask,APPEAR,62298.2,0.00024,True,,62159.7,138.5,0.222813
1783540300.6971688,451.9449,ask,CANCEL?,62298.3,0,,10.002,62159.7,138.6,0.222974
1783540300.6971688,451.9449,ask,CANCEL?,62374.3,0,,4.0021,62159.7,214.6,0.34524
1783540305.696466,456.9442,ask,APPEAR,62193.2,0.00024,True,,62089.3,103.9,0.16734
1783540305.696466,456.9442,ask,CANCEL?,62231.3,0,,4.9993,62089.3,142.0,0.228703
1783540306.6956658,457.9434,bid,APPEAR,62088.2,0.00024,True,,62089.35,-1.15,-0.001852
1783540306.6956658,457.9434,bid,CANCEL?,62088.1,0.0004,,5.9985,62089.35,-1.25,-0.002013
1783540306.6956658,457.9434,ask,APPEAR,62231.2,0.00024,True,,62089.35,141.85,0.228461
1783540306.6956658,457.9434,ask,CANCEL?,62298.2,0,,5.9985,62089.35,208.85,0.33637
1783540309.696022,460.9437,ask,APPEAR,62089.4,0.00024,True,,62088.8,0.6,0.000966
1783540309.696022,460.9437,ask,APPEAR,62090.4,0.00024,True,,62088.8,1.6,0.002577
1783540309.696022,460.9437,ask,CANCEL?,62193.2,0,,3.9996,62088.8,104.4,0.168146
1783540309.696022,460.9437,ask,CANCEL?,62231.2,0,,3.0004,62088.8,142.4,0.229349
1783540314.6955829,465.9433,ask,CANCEL?,62090.4,0,,4.9996,62088.85,1.55,0.002496
1783540314.6955829,465.9433,ask,APPEAR,62105.4,0.00024,True,,62088.85,16.55,0.026655
1783540320.695423,471.9431,bid,APPEAR,62088.4,0.00064,False,,62088.9,-0.5,-0.000805
1783540320.695423,471.9431,bid,CANCEL?,62088.2,0,,13.9998,62088.9,-0.7,-0.001127
1783540320.695423,471.9431,ask,CANCEL?,62089.4,0,,10.9994,62096.45,-7.05,-0.011353
1783540320.695423,471.9431,ask,APPEAR,62096.8,0.00024,True,,62092.6,4.2,0.006764
1783540320.695423,471.9431,ask,APPEAR,62096.9,0.00024,True,,62092.6,4.3,0.006925
1783540320.695423,471.9431,ask,CANCEL?,62105.4,0,,5.9998,62092.6,12.8,0.020614
1783540322.69581,473.9435,bid,APPEAR,62088.5,0.00024,True,,62096.4,-7.9,-0.012722
1783540322.69581,473.9435,bid,CANCEL?,62088.4,0.0004,,2.0004,62096.4,-8.0,-0.012883
1783540322.69581,473.9435,ask,CANCEL?,62096.8,0,,2.0004,62096.45,0.35,0.000564
1783540322.69581,473.9435,ask,CANCEL?,62096.9,0,,2.0004,62100.25,-3.35,-0.005395
1783540322.69581,473.9435,ask,APPEAR,62104.6,0.00024,True,,62100.0,4.6,0.007407
1783540322.69581,473.9435,ask,APPEAR,62104.7,0.00024,True,,62100.0,4.7,0.007568
1783540325.69591,476.9436,bid,APPEAR,62096.1,0.00024,True,,62101.5,-5.4,-0.008695
1783540325.69591,476.9436,bid,CANCEL?,62088.5,0,,3.0001,62101.5,-13.0,-0.020933
1783540325.69591,476.9436,ask,APPEAR,62104.0,0.00024,True,,62101.5,2.5,0.004026
1783540325.69591,476.9436,ask,CANCEL?,62104.6,0,,3.0001,62101.5,3.1,0.004992
1783540326.697757,477.9455,ask,APPEAR,62104.5,0.00024,True,,62101.5,3.0,0.004831
1783540326.697757,477.9455,ask,CANCEL?,62104.7,0,,4.0019,62101.5,3.2,0.005153
1783540327.695575,478.9433,bid,APPEAR,62101.1,0.00024,True,,62101.55,-0.45,-0.000725
1783540327.695575,478.9433,bid,CANCEL?,62096.1,0,,1.9997,62101.55,-5.45,-0.008776
1783540327.695575,478.9433,ask,APPEAR,62101.5,0.00024,True,,62101.3,0.2,0.000322
1783540327.695575,478.9433,ask,APPEAR,62101.9,0.00024,True,,62101.3,0.6,0.000966
1783540327.695575,478.9433,ask,CANCEL?,62104.0,0,,1.9997,62101.3,2.7,0.004348
1783540327.695575,478.9433,ask,CANCEL?,62104.5,0,,0.9978,62101.3,3.2,0.005153
1783540333.696121,484.9438,bid,CANCEL?,62101.1,0,,6.0005,62095.15,5.95,0.009582
1783540333.696121,484.9438,bid,APPEAR,62094.1,0.00024,True,,62097.8,-3.7,-0.005958
1783540333.696121,484.9438,ask,CANCEL?,62101.9,0,,6.0005,62097.8,4.1,0.006602
1783540333.696121,484.9438,ask,APPEAR,62459.9,0.00024,True,,62097.8,362.1,0.583112
1783540334.695082,485.9428,bid,CANCEL?,62094.1,0,,0.999,62101.3,-7.2,-0.011594
1783540334.695082,485.9428,bid,APPEAR,62088.9,0.00024,True,,62101.3,-12.4,-0.019967
1783540334.695082,485.9428,ask,CANCEL?,62101.5,0,,6.9995,62280.5,-179.0,-0.287409
1783540334.695082,485.9428,ask,APPEAR,62277.0,0.00024,True,,62189.05,87.95,0.141424
1783540334.695082,485.9428,ask,CANCEL?,62459.9,0,,0.999,62189.05,270.85,0.435527
1783540335.69398,486.9417,ask,APPEAR,62277.1,0.00024,True,,62189.05,88.05,0.141584
1783540336.694856,487.9426,bid,CANCEL?,62088.9,0,,1.9998,62189.05,-100.15,-0.161041
1783540336.694856,487.9426,ask,APPEAR,62189.1,0.00024,True,,62145.1,44.0,0.070802
1783540336.694856,487.9426,ask,CANCEL?,62277.0,0,,1.9998,62145.1,131.9,0.212245
1783540337.752473,489.0002,bid,APPEAR,62101.2,0.00024,True,,62145.15,-43.95,-0.070722
1783540337.752473,489.0002,ask,APPEAR,62276.9,0.00024,True,,62145.15,131.75,0.212004
1783540337.752473,489.0002,ask,CANCEL?,62277.1,0,,2.0585,62145.15,131.95,0.212325
1783540341.694484,492.9422,ask,CANCEL?,62276.9,0,,3.942,62149.45,127.45,0.20507
1783540341.694484,492.9422,ask,APPEAR,62459.9,0.00024,True,,62149.45,310.45,0.499522
1783540343.6945221,494.9422,ask,CANCEL?,62189.1,0,,6.9997,62284.85,-95.75,-0.153729
1783540343.6945221,494.9422,ask,APPEAR,62248.5,0.00024,True,,62179.15,69.35,0.111533
1783540344.6938822,495.9416,bid,APPEAR,62109.9,0.00024,True,,62179.2,-69.3,-0.111452
1783540344.6938822,495.9416,bid,CANCEL?,62101.2,0,,6.9414,62179.2,-78.0,-0.125444
1783540344.6938822,495.9416,ask,APPEAR,62248.6,0.00024,True,,62179.2,69.4,0.111613
1783540344.6938822,495.9416,ask,CANCEL?,62459.9,0,,2.9994,62179.2,280.7,0.451437
1783540346.694623,497.9423,ask,APPEAR,62179.2,0.00024,True,,62144.55,34.65,0.055757
1783540346.694623,497.9423,ask,CANCEL?,62248.5,0,,3.0001,62144.55,103.95,0.167271
1783540347.6954072,498.9431,ask,APPEAR,62248.4,0.00024,True,,62144.55,103.85,0.16711
1783540347.6954072,498.9431,ask,CANCEL?,62248.6,0,,3.0015,62144.55,104.05,0.167432
1783540350.69419,501.9419,ask,CANCEL?,62248.4,0,,2.9988,62144.55,103.85,0.16711
1783540350.69419,501.9419,ask,APPEAR,62387.1,0.00024,True,,62144.55,242.55,0.3903
1783540360.693902,511.9416,ask,CANCEL?,62179.2,0,,13.9993,62249.15,-69.95,-0.112371
1783540360.693902,511.9416,ask,APPEAR,62247.4,0.00024,True,,62180.35,67.05,0.107831
1783540360.693902,511.9416,ask,APPEAR,62247.5,0.00024,True,,62180.35,67.15,0.107992
1783540360.693902,511.9416,ask,CANCEL?,62387.1,0,,9.9997,62180.35,206.75,0.332501
1783540364.693546,515.9412,bid,APPEAR,62113.4,0.00024,True,,62181.95,-68.55,-0.110241
1783540364.693546,515.9412,bid,CANCEL?,62109.9,0,,19.9997,62181.95,-72.05,-0.11587
1783540364.693546,515.9412,ask,APPEAR,62180.4,0.00024,True,,62148.45,31.95,0.051409
1783540364.693546,515.9412,ask,CANCEL?,62247.4,0,,3.9996,62148.45,98.95,0.159216
1783540365.693902,516.9416,ask,APPEAR,62247.3,0.00024,True,,62148.45,98.85,0.159055
1783540365.693902,516.9416,ask,CANCEL?,62247.5,0,,5.0,62148.45,99.05,0.159376
1783540366.694526,517.9422,bid,APPEAR,62116.6,0.00024,True,,62148.5,-31.9,-0.051329
1783540366.694526,517.9422,bid,CANCEL?,62113.4,0,,2.001,62148.5,-35.1,-0.056478
1783540367.693799,518.9415,ask,CANCEL?,62247.3,0,,1.9999,62150.2,97.1,0.156234
1783540367.693799,518.9415,ask,APPEAR,62395.1,0.00024,True,,62150.2,244.9,0.394045
1783540371.693275,522.941,ask,CANCEL?,62180.4,0,,6.9997,62257.55,-77.15,-0.123921
1783540371.693275,522.941,ask,APPEAR,62250.0,0.00024,True,,62185.0,65.0,0.104527
1783540372.696267,523.944,ask,APPEAR,62250.1,0.00024,True,,62185.0,65.1,0.104688
1783540372.696267,523.944,ask,CANCEL?,62395.1,0,,5.0025,62185.0,210.1,0.337863
1783540381.784137,533.0318,bid,APPEAR,62120.1,0.00024,True,,62188.25,-68.15,-0.109587
1783540381.784137,533.0318,bid,CANCEL?,62116.6,0,,15.0896,62188.25,-71.65,-0.115215
1783540381.784137,533.0318,ask,APPEAR,62185.0,0.00024,True,,62155.75,29.25,0.047059
1783540381.784137,533.0318,ask,APPEAR,62249.9,0.00024,True,,62155.75,94.15,0.151474
1783540381.784137,533.0318,ask,CANCEL?,62250.0,0,,10.0909,62155.75,94.25,0.151635
1783540381.784137,533.0318,ask,CANCEL?,62250.1,0,,9.0879,62155.75,94.35,0.151796
1783540383.7019038,534.9496,bid,APPEAR,62126.6,0.00024,True,,62155.8,-29.2,-0.046979
1783540383.7019038,534.9496,bid,CANCEL?,62120.1,0,,1.9178,62155.8,-35.7,-0.057436
1783540383.7019038,534.9496,ask,CANCEL?,62249.9,0,,1.9178,62155.8,94.1,0.151394
1783540383.7019038,534.9496,ask,APPEAR,62398.8,0.00024,True,,62155.8,243.0,0.390953
1783540384.7550468,536.0027,ask,APPEAR,62249.8,0.00024,True,,62155.8,94.0,0.151233
1783540384.7550468,536.0027,ask,CANCEL?,62398.8,0,,1.0531,62155.8,243.0,0.390953
1783540385.70822,536.9559,ask,CANCEL?,62185.0,0,,3.9241,62188.2,-3.2,-0.005146
1783540385.70822,536.9559,ask,CANCEL?,62249.8,0,,0.9532,62262.75,-12.95,-0.020799
1783540385.70822,536.9559,ask,APPEAR,62262.8,0.00024,True,,62194.7,68.1,0.109495
1783540385.70822,536.9559,ask,APPEAR,62262.9,0.00024,True,,62194.7,68.2,0.109656
1783540387.6930728,538.9408,ask,APPEAR,62194.8,0.00024,True,,62163.7,31.1,0.050029
1783540387.6930728,538.9408,ask,APPEAR,62262.7,0.00024,True,,62163.7,99.0,0.159257
1783540387.6930728,538.9408,ask,CANCEL?,62262.8,0,,1.9849,62163.7,99.1,0.159418
1783540387.6930728,538.9408,ask,CANCEL?,62262.9,0,,1.9849,62163.7,99.2,0.159579
1783540389.694106,540.9418,bid,CANCEL?,62126.6,0,,5.9922,62149.15,-22.55,-0.036284
1783540389.694106,540.9418,bid,APPEAR,62103.6,0.00024,True,,62149.2,-45.6,-0.073372
1783540389.694106,540.9418,ask,CANCEL?,62262.7,0,,2.001,62149.2,113.5,0.182625
1783540389.694106,540.9418,ask,APPEAR,62398.8,0.00024,True,,62149.2,249.6,0.401614
1783540393.6932611,544.941,bid,APPEAR,62105.6,0.00024,True,,62106.3,-0.7,-0.001127
1783540393.6932611,544.941,bid,CANCEL?,62103.6,0,,3.9992,62106.3,-2.7,-0.004347
1783540393.6932611,544.941,ask,APPEAR,62106.2,0.00024,True,,62105.9,0.3,0.000483
1783540393.6932611,544.941,ask,CANCEL?,62194.8,0,,6.0002,62105.9,88.9,0.143143
1783540394.6969862,545.9447,ask,APPEAR,62106.9,0.00024,True,,62105.9,1.0,0.00161
1783540394.6969862,545.9447,ask,CANCEL?,62398.8,0,,5.0029,62105.9,292.9,0.471614
1783540395.6930182,546.9407,ask,CANCEL?,62106.2,0,,1.9998,62106.25,-0.05,-8.1e-05
1783540395.6930182,546.9407,ask,APPEAR,62107.0,0.00024,True,,62106.25,0.75,0.001208
1783540396.736775,547.9845,bid,CANCEL?,62105.6,0,,3.0435,62103.45,2.15,0.003462
1783540396.736775,547.9845,bid,APPEAR,62100.1,0.00024,True,,62103.5,-3.4,-0.005475
1783540396.736775,547.9845,ask,CANCEL?,62106.9,0,,2.0398,62102.3,4.6,0.007407
1783540396.736775,547.9845,ask,APPEAR,62107.1,0.00024,True,,62102.3,4.8,0.007729
1783540397.717483,548.9652,ask,CANCEL?,62107.0,0,,2.0245,62104.0,3.0,0.004831
1783540397.717483,548.9652,ask,APPEAR,62109.0,0.00024,True,,62104.0,5.0,0.008051
1783540398.811713,550.0594,bid,CANCEL?,62100.1,0,,2.0749,62104.0,-3.9,-0.00628
1783540398.811713,550.0594,bid,APPEAR,62099.0,0.00024,True,,62104.0,-5.0,-0.008051
1783540398.811713,550.0594,ask,CANCEL?,62107.1,0,,2.0749,62104.0,3.1,0.004992
1783540398.811713,550.0594,ask,APPEAR,62109.1,0.00024,True,,62104.0,5.1,0.008212
1783540403.799953,555.0477,bid,APPEAR,62103.6,0.00024,True,,62106.25,-2.65,-0.004267
1783540403.799953,555.0477,bid,CANCEL?,62099.0,0,,4.9882,62106.25,-7.25,-0.011674
1783540403.799953,555.0477,ask,CANCEL?,62109.0,0,,6.0825,62107.3,1.7,0.002737
1783540403.799953,555.0477,ask,APPEAR,62113.0,0.00024,True,,62107.3,5.7,0.009178
1783540404.7215219,555.9692,bid,APPEAR,62105.6,0.00024,True,,62107.35,-1.75,-0.002818
1783540404.7215219,555.9692,bid,CANCEL?,62103.6,0,,0.9216,62107.35,-3.75,-0.006038
1783540404.7215219,555.9692,ask,CANCEL?,62109.1,0,,5.9098,62109.3,-0.2,-0.000322
1783540404.7215219,555.9692,ask,APPEAR,62113.1,0.00024,True,,62109.3,3.8,0.006118
1783540405.692529,556.9402,ask,CANCEL?,62113.1,0,,0.971,62110.5,2.6,0.004186
1783540405.692529,556.9402,ask,APPEAR,62113.4,0.00024,True,,62110.5,2.9,0.004669
1783540410.692333,561.94,bid,APPEAR,62108.1,0.00024,True,,62111.5,-3.4,-0.005474
1783540410.692333,561.94,bid,CANCEL?,62105.6,0,,5.9708,62111.5,-5.9,-0.009499
1783540416.6921248,567.9398,ask,APPEAR,62111.5,0.00024,True,,62109.8,1.7,0.002737
1783540416.6921248,567.9398,ask,CANCEL?,62113.0,0,,12.8922,62109.8,3.2,0.005152
1783540418.692291,569.94,bid,APPEAR,62109.1,0.00024,True,,62110.3,-1.2,-0.001932
1783540418.692291,569.94,bid,CANCEL?,62108.1,0,,8.0,62110.3,-2.2,-0.003542
1783540419.699739,570.9474,ask,APPEAR,62111.9,0.00024,True,,62110.3,1.6,0.002576
1783540419.699739,570.9474,ask,CANCEL?,62113.4,0,,14.0072,62110.3,3.1,0.004991
1783540422.74392,573.9916,bid,CANCEL?,62109.1,0,,4.0516,62108.75,0.35,0.000564
1783540422.74392,573.9916,bid,APPEAR,62106.1,0.00024,True,,62108.8,-2.7,-0.004347
1783540424.6937249,575.9414,ask,CANCEL?,62111.9,0,,4.994,62107.05,4.85,0.007809
1783540424.6937249,575.9414,ask,APPEAR,62114.4,0.00024,True,,62107.05,7.35,0.011834
1783540426.6971872,577.9449,bid,CANCEL?,62106.1,0,,3.9533,62103.75,2.35,0.003784
1783540426.6971872,577.9449,bid,APPEAR,62099.6,0.00024,True,,62103.8,-4.2,-0.006763
1783540426.6971872,577.9449,ask,APPEAR,62109.6,0.00024,True,,62100.05,9.55,0.015378
1783540426.6971872,577.9449,ask,APPEAR,62109.7,0.00024,True,,62100.05,9.65,0.015539
1783540426.6971872,577.9449,ask,CANCEL?,62111.5,0,,10.0051,62100.05,11.45,0.018438
1783540426.6971872,577.9449,ask,CANCEL?,62114.4,0,,2.0035,62100.05,14.35,0.023108
1783540429.69363,580.9413,ask,APPEAR,62100.0,0.00024,True,,62099.8,0.2,0.000322
1783540429.69363,580.9413,ask,APPEAR,62100.4,0.00024,True,,62099.8,0.6,0.000966
1783540429.69363,580.9413,ask,CANCEL?,62109.6,0,,2.9964,62099.8,9.8,0.015781
1783540429.69363,580.9413,ask,CANCEL?,62109.7,0,,2.9964,62099.8,9.9,0.015942
1783540442.691869,593.9396,bid,CANCEL?,62099.6,0,,15.9947,62098.75,0.85,0.001369
1783540442.691869,593.9396,bid,APPEAR,62097.6,0.00024,True,,62098.8,-1.2,-0.001932
1783540442.691869,593.9396,ask,CANCEL?,62100.4,0,,12.9982,62098.8,1.6,0.002577
1783540442.691869,593.9396,ask,APPEAR,62105.4,0.00024,True,,62098.8,6.6,0.010628
1783540443.6923058,594.94,ask,CANCEL?,62100.0,0,,13.9987,62100.3,-0.3,-0.000483
1783540443.6923058,594.94,ask,APPEAR,62101.5,0.00024,True,,62099.55,1.95,0.00314
1783540443.6923058,594.94,ask,APPEAR,62101.6,0.00024,True,,62099.55,2.05,0.003301
1783540443.6923058,594.94,ask,CANCEL?,62105.4,0,,1.0004,62099.55,5.85,0.00942
1783540444.695596,595.9433,bid,CANCEL?,62097.6,0,,2.0037,62095.75,1.85,0.002979
1783540444.695596,595.9433,bid,APPEAR,62090.1,0.00024,True,,62098.25,-8.15,-0.013124
1783540444.695596,595.9433,ask,CANCEL?,62101.6,0,,1.0033,62098.25,3.35,0.005395
1783540444.695596,595.9433,ask,APPEAR,62102.9,0.00024,True,,62098.25,4.65,0.007488
1783540445.6919181,596.9396,bid,APPEAR,62095.1,0.00024,True,,62098.3,-3.2,-0.005153
1783540445.6919181,596.9396,bid,CANCEL?,62090.1,0,,0.9963,62098.3,-8.2,-0.013205
1783540449.694867,600.9426,bid,CANCEL?,62095.1,0,,4.0029,62094.75,0.35,0.000564
1783540449.694867,600.9426,bid,APPEAR,62088.1,0.00024,True,,62094.8,-6.7,-0.01079
1783540452.692721,603.9404,ask,CANCEL?,62102.9,0,,7.9971,62099.25,3.65,0.005878
1783540452.692721,603.9404,ask,APPEAR,62115.4,0.00024,True,,62099.25,16.15,0.026007
1783540453.6939368,604.9416,bid,APPEAR,62092.6,0.00024,True,,62099.25,-6.65,-0.010709
1783540453.6939368,604.9416,bid,CANCEL?,62088.1,0,,3.9991,62099.25,-11.15,-0.017955
1783540453.6939368,604.9416,ask,APPEAR,62105.9,0.00024,True,,62099.25,6.65,0.010709
1783540453.6939368,604.9416,ask,CANCEL?,62115.4,0,,1.0012,62099.25,16.15,0.026007
1783540455.691736,606.9394,bid,APPEAR,62097.1,0.00024,True,,62100.0,-2.9,-0.00467
1783540455.691736,606.9394,bid,CANCEL?,62092.6,0,,1.9978,62100.0,-7.4,-0.011916
1783540457.691482,608.9392,bid,APPEAR,62099.5,0.00024,True,,62101.0,-1.5,-0.002415
1783540457.691482,608.9392,bid,CANCEL?,62097.1,0,,1.9997,62101.0,-3.9,-0.00628
1783540457.691482,608.9392,ask,CANCEL?,62101.5,0,,13.9992,62101.5,,0.0
1783540457.691482,608.9392,ask,APPEAR,62103.2,0.00024,True,,62101.5,1.7,0.002737
1783540457.691482,608.9392,ask,APPEAR,62103.3,0.00024,True,,62101.5,1.8,0.002898
1783540457.691482,608.9392,ask,CANCEL?,62105.9,0,,3.9975,62101.5,4.4,0.007085
1783540459.6935859,610.9413,bid,CANCEL?,62099.5,0,,2.0021,62101.5,-2.0,-0.003221
1783540459.6935859,610.9413,bid,APPEAR,62099.1,0.00024,True,,62101.5,-2.4,-0.003865
1783540459.6935859,610.9413,ask,CANCEL?,62103.2,0,,2.0021,62101.9,1.3,0.002093
1783540459.6935859,610.9413,ask,APPEAR,62103.9,0.00024,True,,62101.9,2.0,0.003221
1783540461.6919339,612.9396,ask,CANCEL?,62103.3,0,,4.0005,62101.5,1.8,0.002898
1783540461.6919339,612.9396,ask,APPEAR,62104.0,0.00024,True,,62101.5,2.5,0.004026
1783540464.691408,615.9391,bid,CANCEL?,62099.1,0,,4.9978,62101.2,-2.1,-0.003382
1783540464.691408,615.9391,bid,APPEAR,62095.1,0.00024,True,,62101.2,-6.1,-0.009823
1783540464.691408,615.9391,ask,CANCEL?,62104.0,0,,2.9995,62101.2,2.8,0.004509
1783540464.691408,615.9391,ask,APPEAR,62104.4,0.00024,True,,62101.2,3.2,0.005153
1783540466.691218,617.9389,bid,APPEAR,62098.6,0.00024,True,,62103.45,-4.85,-0.00781
1783540466.691218,617.9389,bid,CANCEL?,62095.1,0,,1.9998,62103.45,-8.35,-0.013445
1783540466.691218,617.9389,ask,CANCEL?,62104.4,0,,1.9998,62103.45,0.95,0.00153
1783540466.691218,617.9389,ask,APPEAR,62107.5,0.00024,True,,62103.45,4.05,0.006521
1783540470.7304478,621.9781,bid,APPEAR,62103.1,0.00024,True,,62103.5,-0.4,-0.000644
1783540470.7304478,621.9781,bid,CANCEL?,62098.6,0,,4.0392,62103.5,-4.9,-0.00789
1783540471.7340102,622.9817,ask,APPEAR,62104.0,0.00024,True,,62103.5,0.5,0.000805
1783540471.7340102,622.9817,ask,CANCEL?,62107.5,0,,5.0428,62103.5,4.0,0.006441
1783540480.692178,631.9399,bid,CANCEL?,62103.1,0,,9.9617,62100.95,2.15,0.003462
1783540480.692178,631.9399,bid,APPEAR,62100.1,0.00024,True,,62102.0,-1.9,-0.003059
1783540482.6922822,633.94,bid,CANCEL?,62100.1,0,,2.0001,62102.2,-2.1,-0.003382
1783540482.6922822,633.94,bid,APPEAR,62098.1,0.00024,True,,62102.2,-4.1,-0.006602
1783540482.6922822,633.94,ask,CANCEL?,62104.0,0,,10.9583,62102.2,1.8,0.002898
1783540482.6922822,633.94,ask,APPEAR,62105.9,0.00024,True,,62102.2,3.7,0.005958
1783540486.691381,637.9391,bid,APPEAR,62100.6,0.00024,True,,62102.7,-2.1,-0.003381
1783540486.691381,637.9391,bid,CANCEL?,62098.1,0,,3.9991,62102.7,-4.6,-0.007407
1783540487.6913762,638.9391,bid,APPEAR,62101.6,0.00024,True,,62102.75,-1.15,-0.001852
1783540487.6913762,638.9391,bid,CANCEL?,62100.6,0,,1.0,62102.75,-2.15,-0.003462
1783540500.694008,651.9417,ask,CANCEL?,62105.9,0,,18.0017,62102.75,3.15,0.005072
1783540500.694008,651.9417,ask,APPEAR,62109.4,0.00024,True,,62102.75,6.65,0.010708
1783540502.690418,653.9381,bid,CANCEL?,62101.6,0,,14.999,62095.95,5.65,0.009099
1783540502.690418,653.9381,bid,APPEAR,62088.1,0.00024,True,,62096.0,-7.9,-0.012722
1783540502.690418,653.9381,ask,CANCEL?,62103.9,0,,42.9968,62098.75,5.15,0.008293
1783540502.690418,653.9381,ask,APPEAR,62105.5,0.00024,True,,62096.8,8.7,0.01401
1783540502.690418,653.9381,ask,APPEAR,62105.6,0.00024,True,,62096.8,8.8,0.014171
1783540502.690418,653.9381,ask,CANCEL?,62109.4,0,,1.9964,62096.8,12.6,0.020291
1783540503.694531,654.9422,ask,APPEAR,62096.8,0.00024,True,,62092.45,4.35,0.007006
1783540503.694531,654.9422,ask,APPEAR,62105.4,0.00024,True,,62092.45,12.95,0.020856
1783540503.694531,654.9422,ask,CANCEL?,62105.5,0,,1.0041,62092.45,13.05,0.021017
1783540503.694531,654.9422,ask,CANCEL?,62105.6,0,,1.0041,62092.45,13.15,0.021178
1783540504.6930602,655.9408,ask,CANCEL?,62105.4,0,,0.9985,62092.45,12.95,0.020856
1783540504.6930602,655.9408,ask,APPEAR,62170.9,0.00024,True,,62092.45,78.45,0.126344
1783540505.690881,656.9386,ask,CANCEL?,62096.8,0,,1.9964,62129.5,-32.7,-0.052632
1783540505.690881,656.9386,ask,APPEAR,62129.5,0.00024,True,,62108.8,20.7,0.033329
1783540505.690881,656.9386,ask,APPEAR,62129.6,0.00024,True,,62108.8,20.8,0.03349
1783540505.690881,656.9386,ask,CANCEL?,62170.9,0,,0.9978,62108.8,62.1,0.099986
1783540507.6907961,658.9385,ask,CANCEL?,62129.5,0,,1.9999,62108.85,20.65,0.033248
1783540508.690572,659.9383,ask,APPEAR,62108.8,0.00024,True,,62098.45,10.35,0.016667
1783540508.690572,659.9383,ask,APPEAR,62129.4,0.00024,True,,62098.45,30.95,0.04984
1783540508.690572,659.9383,ask,CANCEL?,62129.6,0,,2.9997,62098.45,31.15,0.050162
1783540510.691905,661.9396,ask,CANCEL?,62129.4,0,,2.0013,62098.45,30.95,0.04984
1783540510.691905,661.9396,ask,APPEAR,62167.4,0.00024,True,,62098.45,68.95,0.111033
1783540511.690061,662.9378,ask,CANCEL?,62108.8,0,,2.9995,62122.55,-13.75,-0.022134
1783540511.690061,662.9378,ask,APPEAR,62122.6,0.00024,True,,62105.35,17.25,0.027775
1783540512.7526321,664.0003,ask,APPEAR,62122.7,0.00024,True,,62105.35,17.35,0.027936
1783540512.7526321,664.0003,ask,CANCEL?,62167.4,0,,2.0607,62105.35,62.05,0.099911
1783540513.690022,664.9377,ask,CANCEL?,62122.7,0,,0.9374,62105.35,17.35,0.027936
1783540513.690022,664.9377,ask,APPEAR,62156.9,0.00024,True,,62105.35,51.55,0.083004
1783540515.690345,666.938,ask,APPEAR,62144.9,0.00024,True,,62105.35,39.55,0.063682
1783540515.690345,666.938,ask,CANCEL?,62156.9,0,,2.0003,62105.35,51.55,0.083004
1783540517.691676,668.9394,ask,CANCEL?,62144.9,0,,2.0013,62105.35,39.55,0.063682
1783540517.691676,668.9394,ask,APPEAR,62149.9,0.00024,True,,62105.35,44.55,0.071733
1783540523.690291,674.938,ask,CANCEL?,62149.9,0,,5.9986,62105.35,44.55,0.071733
1783540524.73391,675.9816,ask,APPEAR,62157.9,0.00024,True,,62105.35,52.55,0.084614
1783540530.692411,681.9401,ask,CANCEL?,62157.9,0,,5.9585,62105.35,52.55,0.084614
1783540530.692411,681.9401,ask,APPEAR,62160.4,0.00024,True,,62105.35,55.05,0.08864
1783540541.689589,692.9373,ask,CANCEL?,62160.4,0,,10.9972,62105.35,55.05,0.08864
1783540541.689589,692.9373,ask,APPEAR,62161.4,0.00024,True,,62105.35,56.05,0.09025
1783540547.6898181,698.9375,ask,APPEAR,62159.4,0.00024,True,,62105.35,54.05,0.08703
1783540547.6898181,698.9375,ask,CANCEL?,62161.4,0,,6.0002,62105.35,56.05,0.09025
1783540562.6889899,713.9367,ask,CANCEL?,62159.4,0,,14.9992,62105.35,54.05,0.08703
1783540562.6889899,713.9367,ask,APPEAR,62167.9,0.00024,True,,62105.35,62.55,0.100716
1783540563.690006,714.9377,ask,APPEAR,62160.9,0.00024,True,,62105.35,55.55,0.089445
1783540563.690006,714.9377,ask,CANCEL?,62167.9,0,,1.001,62105.35,62.55,0.100716
1783540565.690298,716.938,ask,APPEAR,62151.9,0.00024,True,,62105.35,46.55,0.074953
1783540565.690298,716.938,ask,CANCEL?,62160.9,0,,2.0003,62105.35,55.55,0.089445
1783540576.688681,727.9364,ask,CANCEL?,62151.9,0,,10.9984,62105.35,46.55,0.074953
1783540577.6884851,728.9362,ask,APPEAR,62153.4,0.00024,True,,62105.35,48.05,0.077369
1783540584.689034,735.9367,ask,APPEAR,62149.4,0.00024,True,,62105.35,44.05,0.070928
1783540584.689034,735.9367,ask,CANCEL?,62153.4,0,,7.0005,62105.35,48.05,0.077369
1783540590.7323132,741.98,ask,CANCEL?,62149.4,0,,6.0433,62105.35,44.05,0.070928
1783540590.7323132,741.98,ask,APPEAR,62156.9,0.00024,True,,62105.35,51.55,0.083004
1783540596.6883142,747.936,ask,APPEAR,62154.9,0.00024,True,,62105.35,49.55,0.079784
1783540596.6883142,747.936,ask,CANCEL?,62156.9,0,,5.956,62105.35,51.55,0.083004
1783540602.687847,753.9355,ask,APPEAR,62149.9,0.00024,True,,62105.35,44.55,0.071733
1783540602.687847,753.9355,ask,CANCEL?,62154.9,0,,5.9995,62105.35,49.55,0.079784
1783540604.69398,755.9417,ask,APPEAR,62113.3,0.00024,True,,62100.7,12.6,0.02029
1783540604.69398,755.9417,ask,APPEAR,62122.5,0.00024,True,,62100.7,21.8,0.035104
1783540604.69398,755.9417,ask,CANCEL?,62122.6,0,,93.0039,62100.7,21.9,0.035265
1783540604.69398,755.9417,ask,CANCEL?,62149.9,0,,2.0061,62100.7,49.2,0.079226
1783540607.6876721,758.9354,ask,CANCEL?,62122.5,0,,2.9937,62100.7,21.8,0.035104
1783540607.6876721,758.9354,ask,APPEAR,62138.4,0.00024,True,,62100.7,37.7,0.060708
1783540622.687637,773.9353,ask,APPEAR,62133.9,0.00024,True,,62100.7,33.2,0.053462
1783540622.687637,773.9353,ask,CANCEL?,62138.4,0,,15.0,62100.7,37.7,0.060708
1783540623.688361,774.9361,ask,APPEAR,62132.4,0.00024,True,,62100.7,31.7,0.051046
1783540623.688361,774.9361,ask,CANCEL?,62133.9,0,,1.0007,62100.7,33.2,0.053462
1783540632.686603,783.9343,ask,CANCEL?,62132.4,0,,8.9982,62100.7,31.7,0.051046
1783540632.686603,783.9343,ask,APPEAR,62153.4,0.00024,True,,62100.7,52.7,0.084862
1783540633.689996,784.9377,ask,CANCEL?,62113.3,0,,28.996,62120.75,-7.45,-0.011993
1783540633.689996,784.9377,ask,APPEAR,62120.8,0.00024,True,,62104.45,16.35,0.026327
1783540633.689996,784.9377,ask,APPEAR,62128.2,0.00024,True,,62104.45,23.75,0.038242
1783540633.689996,784.9377,ask,CANCEL?,62153.4,0,,1.0034,62104.45,48.95,0.078819
1783540635.687129,786.9348,ask,APPEAR,62108.2,0.00024,True,,62098.15,10.05,0.016184
1783540635.687129,786.9348,ask,APPEAR,62120.7,0.00024,True,,62098.15,22.55,0.036313
1783540635.687129,786.9348,ask,CANCEL?,62120.8,0,,1.9971,62098.15,22.65,0.036475
1783540635.687129,786.9348,ask,CANCEL?,62128.2,0,,1.9971,62098.15,30.05,0.048391
1783540636.686944,787.9346,ask,CANCEL?,62120.7,0,,0.9998,62098.15,22.55,0.036313
1783540636.686944,787.9346,ask,APPEAR,62153.4,0.00024,True,,62098.15,55.25,0.088972
1783540637.68742,788.9351,ask,APPEAR,62120.6,0.00024,True,,62098.15,22.45,0.036152
1783540637.68742,788.9351,ask,CANCEL?,62153.4,0,,1.0005,62098.15,55.25,0.088972
1783540638.686678,789.9344,ask,CANCEL?,62108.2,0,,2.9995,62104.35,3.85,0.006199
1783540638.686678,789.9344,ask,APPEAR,62120.8,0.00024,True,,62104.35,16.45,0.026488
1783540639.686713,790.9344,ask,CANCEL?,62120.6,0,,1.9993,62104.45,16.15,0.026005
1783540639.686713,790.9344,ask,CANCEL?,62120.8,0,,1.0,62120.8,,0.0
1783540639.686713,790.9344,ask,APPEAR,62120.9,0.00024,True,,62104.5,16.4,0.026407
1783540640.689374,791.9371,ask,APPEAR,62104.4,0.00024,True,,62096.25,8.15,0.013125
1783540641.70097,792.9487,ask,APPEAR,62120.5,0.00024,True,,62096.25,24.25,0.039052
1783540641.70097,792.9487,ask,CANCEL?,62120.9,0,,2.0143,62096.25,24.65,0.039696
1783540645.6859899,796.9337,ask,CANCEL?,62120.5,0,,3.985,62096.25,24.25,0.039052
1783540645.6859899,796.9337,ask,APPEAR,62150.9,0.00024,True,,62096.25,54.65,0.088009
1783540646.686476,797.9342,ask,APPEAR,62120.4,0.00024,True,,62096.25,24.15,0.038891
1783540646.686476,797.9342,ask,CANCEL?,62150.9,0,,1.0005,62096.25,54.65,0.088009
1783540648.685743,799.9334,ask,CANCEL?,62120.4,0,,1.9993,62096.25,24.15,0.038891
1783540648.685743,799.9334,ask,APPEAR,62150.9,0.00024,True,,62096.25,54.65,0.088009
1783540651.686666,802.9344,ask,APPEAR,62120.3,0.00024,True,,62096.25,24.05,0.03873
1783540651.686666,802.9344,ask,CANCEL?,62150.9,0,,3.0009,62096.25,54.65,0.088009
1783540660.694632,811.9423,ask,CANCEL?,62120.3,0,,9.008,62096.25,24.05,0.03873
1783540660.694632,811.9423,ask,APPEAR,62146.9,0.00024,True,,62096.25,50.65,0.081567
1783540662.698373,813.9461,ask,CANCEL?,62104.4,0,,22.009,62117.5,-13.1,-0.021089
1783540662.698373,813.9461,ask,APPEAR,62117.5,0.00024,True,,62102.8,14.7,0.02367
1783540662.698373,813.9461,ask,CANCEL?,62146.9,0,,2.0037,62102.8,44.1,0.071011
1783540663.6995971,814.9473,ask,APPEAR,62117.6,0.00024,True,,62102.8,14.8,0.023831
1783540666.70715,817.9549,ask,CANCEL?,62117.6,0,,3.0076,62102.8,14.8,0.023831
1783540666.70715,817.9549,ask,APPEAR,62146.8,0.00024,True,,62102.8,44.0,0.07085
1783540667.805537,819.0532,ask,APPEAR,62141.9,0.00024,True,,62102.8,39.1,0.06296
1783540667.805537,819.0532,ask,CANCEL?,62146.8,0,,1.0984,62102.8,44.0,0.07085
1783540684.000671,835.2484,ask,CANCEL?,62141.9,0,,16.1951,62102.8,39.1,0.06296
1783540684.000671,835.2484,ask,APPEAR,62158.9,0.00024,True,,62102.8,56.1,0.090334
1783540684.7224882,835.9702,ask,APPEAR,62151.9,0.00024,True,,62102.8,49.1,0.079062
1783540684.7224882,835.9702,ask,CANCEL?,62158.9,0,,0.7218,62102.8,56.1,0.090334
1783540687.73631,838.984,ask,CANCEL?,62151.9,0,,3.0138,62102.8,49.1,0.079062
1783540687.73631,838.984,ask,APPEAR,62164.4,0.00024,True,,62102.8,61.6,0.09919
1783540689.724824,840.9725,ask,CANCEL?,62117.5,0,,27.0265,62126.25,-8.75,-0.014084
1783540689.724824,840.9725,ask,APPEAR,62126.3,0.00024,True,,62107.2,19.1,0.030753
1783540690.724503,841.9722,ask,CANCEL?,62164.4,0,,2.9882,62107.2,57.2,0.092099
1783540691.7249541,842.9727,ask,CANCEL?,62126.3,0,,2.0001,62137.8,-11.5,-0.018507
1783540691.7249541,842.9727,ask,APPEAR,62126.4,0.00024,True,,62107.25,19.15,0.030834
1783540691.7249541,842.9727,ask,APPEAR,62137.8,0.00024,True,,62107.25,30.55,0.049189
1783540692.8110101,844.0587,ask,CANCEL?,62126.4,0,,1.0861,62112.95,13.45,0.021654
1783540692.8110101,844.0587,ask,APPEAR,62137.9,0.00024,True,,62112.95,24.95,0.040169
1783540693.725523,844.9732,ask,APPEAR,62107.2,0.00024,True,,62097.65,9.55,0.015379
1783540693.725523,844.9732,ask,CANCEL?,62137.8,0,,2.0006,62097.65,40.15,0.064656
1783540693.725523,844.9732,ask,CANCEL?,62137.9,0,,0.9145,62097.65,40.25,0.064817
1783540694.726335,845.974,ask,APPEAR,62126.3,0.00024,True,,62097.65,28.65,0.046137
1783540695.728881,846.9766,ask,CANCEL?,62126.3,0,,1.0025,62097.65,28.65,0.046137
1783540695.728881,846.9766,ask,APPEAR,62180.4,0.00024,True,,62097.65,82.75,0.133258
1783540696.7276428,847.9753,ask,CANCEL?,62107.2,0,,3.0021,62134.25,-27.05,-0.043535
1783540696.7276428,847.9753,ask,APPEAR,62134.2,0.00024,True,,62111.15,23.05,0.037111
1783540696.7276428,847.9753,ask,APPEAR,62134.3,0.00024,True,,62111.15,23.15,0.037272
1783540696.7276428,847.9753,ask,CANCEL?,62180.4,0,,0.9988,62111.15,69.25,0.111494
1783540699.727299,850.975,ask,APPEAR,62111.2,0.00024,True,,62099.65,11.55,0.018599
1783540699.727299,850.975,ask,APPEAR,62134.1,0.00024,True,,62099.65,34.45,0.055475
1783540699.727299,850.975,ask,CANCEL?,62134.2,0,,2.9997,62099.65,34.55,0.055636
1783540699.727299,850.975,ask,CANCEL?,62134.3,0,,2.9997,62099.65,34.65,0.055797
1783540701.727666,852.9754,bid,CANCEL?,62088.1,0,,199.0372,61976.35,111.75,0.180311
1783540701.727666,852.9754,bid,APPEAR,61841.6,0.00024,True,,61976.4,-134.8,-0.217502
1783540701.727666,852.9754,ask,CANCEL?,62134.1,0,,2.0004,61976.4,157.7,0.254452
1783540701.727666,852.9754,ask,APPEAR,62171.4,0.00024,True,,61976.4,195.0,0.314636
1783540703.7790568,855.0268,ask,APPEAR,62006.5,0.00024,True,,61924.05,82.45,0.133147
1783540703.7790568,855.0268,ask,CANCEL?,62111.2,0,,4.0518,61924.05,187.15,0.302225
1783540704.758944,856.0066,ask,CANCEL?,62006.5,0,,0.9799,62006.5,,0.0
1783540704.758944,856.0066,ask,APPEAR,62111.1,0.00024,True,,61976.35,134.75,0.217422
1783540704.758944,856.0066,ask,CANCEL?,62171.4,0,,3.0313,61976.35,195.05,0.314717
1783540707.728836,858.9765,bid,APPEAR,61976.4,0.00024,True,,62043.75,-67.35,-0.108552
1783540707.728836,858.9765,bid,CANCEL?,61841.6,0,,6.0012,62043.75,-202.15,-0.325818
1783540707.728836,858.9765,bid,APPEAR,61686.0,0.00024,True,,62043.75,-357.75,-0.576609
1783540707.728836,858.9765,ask,APPEAR,61976.5,0.00024,True,,61976.45,0.05,8.1e-05
1783540707.728836,858.9765,ask,CANCEL?,62111.1,0,,2.9699,61976.45,134.65,0.21726
1783540707.728836,858.9765,ask,APPEAR,62166.4,0.00024,True,,61976.45,189.95,0.306487
1783540708.728804,859.9765,bid,CANCEL?,61976.4,0,,1.0,61831.25,145.15,0.234752
1783540708.728804,859.9765,bid,APPEAR,61926.2,0.00024,True,,61951.35,-25.15,-0.040596
1783540708.728804,859.9765,bid,APPEAR,61926.1,0.00024,True,,61951.35,-25.25,-0.040758
1783540708.728804,859.9765,bid,CANCEL?,61686.0,0,,1.0,61951.35,-265.35,-0.42832
1783540708.728804,859.9765,ask,CANCEL?,61976.5,0,,1.0,62046.3,-69.8,-0.112497
1783540712.780064,864.0278,bid,APPEAR,62163.4,0.00024,True,,62164.9,-1.5,-0.002413
1783540712.780064,864.0278,bid,CANCEL?,61926.2,0,,4.0513,62164.9,-238.7,-0.383979
1783540716.775885,868.0236,bid,CANCEL?,61926.1,0,,8.0471,62166.2,-240.1,-0.386223
1783540717.7287302,868.9764,bid,APPEAR,62160.6,0.00024,True,,62166.2,-5.6,-0.009008
1783540718.7293599,869.9771,ask,CANCEL?,62166.4,0,,11.0005,62165.2,1.2,0.00193
1783540718.7293599,869.9771,ask,APPEAR,62168.9,0.00024,True,,62165.2,3.7,0.005952
1783540721.729202,872.9769,ask,APPEAR,62165.3,0.00024,True,,62164.35,0.95,0.001528
1783540722.7290492,873.9768,bid,CANCEL?,62160.6,0,,5.0003,62164.35,-3.75,-0.006032
1783540722.7290492,873.9768,bid,APPEAR,62159.1,0.00024,True,,62164.35,-5.25,-0.008445
1783540722.7290492,873.9768,ask,APPEAR,62167.0,0.00024,True,,62164.35,2.65,0.004263
1783540722.7290492,873.9768,ask,CANCEL?,62168.9,0,,3.9997,62164.35,4.55,0.007319
1783540723.730623,874.9783,bid,CANCEL?,62159.1,0,,1.0016,62164.35,-5.25,-0.008445
1783540723.730623,874.9783,bid,APPEAR,61738.7,0.00024,True,,62164.35,-425.65,-0.684717
1783540724.729296,875.977,bid,CANCEL?,62163.4,0,,11.9492,61952.0,211.4,0.341232
1783540724.729296,875.977,bid,APPEAR,61952.8,0.00024,True,,62162.65,-209.85,-0.337582
1783540724.729296,875.977,ask,CANCEL?,62167.0,0,,2.0002,62162.65,4.35,0.006998
1783540724.729296,875.977,ask,APPEAR,62174.4,0.00024,True,,62162.65,11.75,0.018902
1783540725.788357,877.0361,bid,APPEAR,61952.7,0.00024,True,,62059.05,-106.35,-0.171369
1783540725.788357,877.0361,bid,CANCEL?,61738.7,0,,2.0577,62059.05,-320.35,-0.516202
1783540726.812842,878.0605,ask,APPEAR,62166.9,0.00024,True,,62163.9,3.0,0.004826
1783540726.812842,878.0605,ask,CANCEL?,62174.4,0,,2.0835,62163.9,10.5,0.016891
1783540727.7295518,878.9773,bid,CANCEL?,61952.8,0,,3.0003,62164.15,-211.35,-0.339987
1783540728.7295098,879.9772,bid,APPEAR,62164.8,0.00024,True,,62165.05,-0.25,-0.000402
1783540728.7295098,879.9772,bid,APPEAR,62163.1,0.00024,True,,62165.05,-1.95,-0.003137
1783540728.7295098,879.9772,bid,CANCEL?,61952.7,0,,2.9412,62165.05,-212.35,-0.341591
1783540741.729285,892.977,ask,CANCEL?,62166.9,0,,14.9164,62165.05,1.85,0.002976
1783540741.729285,892.977,ask,APPEAR,62171.4,0.00024,True,,62165.05,6.35,0.010215
1783540742.7884989,894.0362,bid,CANCEL?,62163.1,0,,14.059,62165.05,-1.95,-0.003137
1783540742.7884989,894.0362,bid,APPEAR,61738.7,0.00024,True,,62165.05,-426.35,-0.685836
1783540742.7884989,894.0362,ask,CANCEL?,62165.3,0,,21.0593,62168.1,-2.8,-0.004504
1783540742.7884989,894.0362,ask,APPEAR,62167.2,0.00024,True,,62166.0,1.2,0.00193
1783540743.780836,895.0285,bid,CANCEL?,62164.8,0,,15.0513,61952.95,211.85,0.341953
1783540743.780836,895.0285,bid,APPEAR,61953.0,0.00024,True,,62060.1,-107.1,-0.172575
1783540743.780836,895.0285,bid,APPEAR,61952.9,0.00024,True,,62060.1,-107.2,-0.172736
1783540743.780836,895.0285,bid,CANCEL?,61738.7,0,,0.9923,62060.1,-321.4,-0.517885
1783540743.780836,895.0285,ask,CANCEL?,62171.4,0,,2.0516,62060.1,111.3,0.179342
1783540743.780836,895.0285,ask,APPEAR,62186.4,0.00024,True,,62060.1,126.3,0.203512
1783540745.729252,896.977,bid,APPEAR,62065.0,0.00024,True,,62116.1,-51.1,-0.082265
1783540745.729252,896.977,bid,APPEAR,61953.1,0.00024,True,,62116.1,-163.0,-0.262412
1783540745.729252,896.977,bid,CANCEL?,61953.0,0,,1.9484,62116.1,-163.1,-0.262573
1783540745.729252,896.977,bid,CANCEL?,61952.9,0,,1.9484,62116.1,-163.2,-0.262734
1783540745.729252,896.977,ask,APPEAR,62065.1,0.00024,True,,62065.05,0.05,8.1e-05
1783540745.729252,896.977,ask,APPEAR,62167.1,0.00024,True,,62065.05,102.05,0.164424
1783540745.729252,896.977,ask,CANCEL?,62167.2,0,,2.9408,62065.05,102.15,0.164585
1783540745.729252,896.977,ask,CANCEL?,62186.4,0,,1.9484,62065.05,121.35,0.195521
1783540746.7808142,898.0285,bid,CANCEL?,62065.0,0,,1.0516,62009.1,55.9,0.090148
1783540746.7808142,898.0285,bid,APPEAR,62055.0,0.00024,True,,62060.05,-5.05,-0.008137
1783540746.7808142,898.0285,bid,CANCEL?,61953.1,0,,1.0516,62060.05,-106.95,-0.172333
1783540746.7808142,898.0285,ask,CANCEL?,62065.1,0,,1.0516,62111.05,-45.95,-0.07398
1783540746.7808142,898.0285,ask,APPEAR,62075.0,0.00024,True,,62065.0,10.0,0.016112
1783540746.7808142,898.0285,ask,APPEAR,62075.1,0.00024,True,,62065.0,10.1,0.016273
1783540746.7808142,898.0285,ask,CANCEL?,62167.1,0,,1.0516,62065.0,102.1,0.164505
1783540747.8039522,899.0517,bid,CANCEL?,62055.0,0,,1.0231,61906.8,148.2,0.239392
1783540747.8039522,899.0517,bid,APPEAR,61952.8,0.00024,True,,62013.9,-61.1,-0.098526
1783540747.8039522,899.0517,bid,APPEAR,61952.7,0.00024,True,,62013.9,-61.2,-0.098688
1783540747.8039522,899.0517,ask,APPEAR,62065.0,0.00024,True,,62008.9,56.1,0.090471
1783540747.8039522,899.0517,ask,CANCEL?,62075.0,0,,1.0231,62008.9,66.1,0.106598
1783540748.729262,899.977,ask,APPEAR,62074.9,0.00024,True,,62008.9,66.0,0.106436
1783540748.729262,899.977,ask,CANCEL?,62075.1,0,,1.9484,62008.9,66.2,0.106759
1783540749.7292988,900.977,bid,APPEAR,62013.8,0.00024,True,,62039.4,-25.6,-0.041264
1783540749.7292988,900.977,bid,CANCEL?,61952.8,0,,1.9253,62039.4,-86.6,-0.139589
1783540749.7292988,900.977,ask,APPEAR,62013.9,0.00024,True,,62013.85,0.05,8.1e-05
1783540749.7292988,900.977,ask,CANCEL?,62065.0,0,,1.9253,62013.85,51.15,0.082482
1783540750.773441,902.0211,ask,CANCEL?,62013.9,0,,1.0441,62044.35,-30.45,-0.049078
1783540751.731084,902.9788,bid,APPEAR,61952.9,0.00024,True,,62044.35,-91.45,-0.147395
1783540751.731084,902.9788,bid,CANCEL?,61952.7,0,,3.9271,62044.35,-91.65,-0.147717
1783540751.731084,902.9788,ask,APPEAR,62074.8,0.00024,True,,62044.3,30.5,0.049158
1783540751.731084,902.9788,ask,CANCEL?,62074.9,0,,3.0018,62044.3,30.6,0.04932
1783540752.729137,903.9768,bid,CANCEL?,61952.9,0,,0.9981,62044.3,-91.4,-0.147314
1783540752.729137,903.9768,bid,APPEAR,61704.5,0.00024,True,,62044.3,-339.8,-0.547673
1783540752.729137,903.9768,ask,CANCEL?,62074.8,0,,0.9981,62111.4,-36.6,-0.058926
1783540752.729137,903.9768,ask,APPEAR,62208.9,0.00024,True,,62111.35,97.55,0.157057
1783540753.72991,904.9776,bid,CANCEL?,62013.8,0,,4.0006,62205.7,-191.9,-0.308493
1783540753.72991,904.9776,bid,APPEAR,61889.6,0.00024,True,,62205.7,-316.1,-0.508153
1783540754.729723,905.9774,bid,APPEAR,61889.5,0.00024,True,,62205.7,-316.2,-0.508314
1783540754.729723,905.9774,bid,CANCEL?,61704.5,0,,2.0006,62205.7,-501.2,-0.805714
1783540754.729723,905.9774,ask,CANCEL?,62208.9,0,,2.0006,62206.75,2.15,0.003456
1783540754.729723,905.9774,ask,APPEAR,62515.4,0.00024,True,,62206.75,308.65,0.496168
1783540755.7294452,906.9771,bid,APPEAR,62203.5,0.00024,True,,62210.5,-7.0,-0.011252
1783540755.7294452,906.9771,bid,CANCEL?,61889.6,0,,1.9995,62210.5,-320.9,-0.515829
1783540756.729934,907.9776,bid,APPEAR,62202.6,0.00024,True,,62207.25,-4.65,-0.007475
1783540756.729934,907.9776,bid,CANCEL?,61889.5,0,,2.0002,62207.25,-317.75,-0.510793
1783540756.729934,907.9776,ask,APPEAR,62217.5,0.00024,True,,62210.5,7.0,0.011252
1783540756.729934,907.9776,ask,APPEAR,62217.6,0.00024,True,,62210.5,7.1,0.011413
1783540756.729934,907.9776,ask,CANCEL?,62515.4,0,,2.0002,62210.5,304.9,0.49011
1783540757.7293901,908.9771,bid,APPEAR,62210.5,0.00024,True,,62214.0,-3.5,-0.005626
1783540757.7293901,908.9771,bid,CANCEL?,62203.5,0,,1.9999,62214.0,-10.5,-0.016877
1783540758.7610948,910.0088,ask,CANCEL?,62217.5,0,,2.0312,62214.05,3.45,0.005545
1783540759.7300842,910.9778,bid,CANCEL?,62202.6,0,,3.0002,62214.05,-11.45,-0.018404
1783540759.7300842,910.9778,bid,APPEAR,61783.4,0.00024,True,,62214.05,-430.65,-0.692207
1783540759.7300842,910.9778,ask,APPEAR,62210.6,0.00024,True,,62210.55,0.05,8e-05
1783540759.7300842,910.9778,ask,APPEAR,62210.9,0.00024,True,,62210.55,0.35,0.000563
1783540759.7300842,910.9778,ask,CANCEL?,62217.6,0,,3.0002,62210.55,7.05,0.011332
1783540760.798382,912.0461,bid,CANCEL?,62210.5,0,,3.069,61997.0,213.5,0.344372
1783540760.798382,912.0461,bid,APPEAR,62010.0,0.00024,True,,62110.3,-100.3,-0.161487
1783540760.798382,912.0461,ask,CANCEL?,62210.9,0,,1.0683,62110.3,100.6,0.16197
1783540760.798382,912.0461,ask,APPEAR,62229.9,0.00024,True,,62110.3,119.6,0.192561
1783540761.729237,912.9769,bid,APPEAR,62009.9,0.00024,True,,62110.3,-100.4,-0.161648
1783540761.729237,912.9769,bid,CANCEL?,61783.4,0,,1.9992,62110.3,-326.9,-0.526322
1783540761.729237,912.9769,ask,CANCEL?,62229.9,0,,0.9309,62110.3,119.6,0.192561
1783540761.729237,912.9769,ask,APPEAR,62437.1,0.00024,True,,62110.3,326.8,0.526161
1783540763.7292092,914.9769,bid,APPEAR,62123.2,0.00024,True,,62221.05,-97.85,-0.157262
1783540763.7292092,914.9769,bid,APPEAR,62010.1,0.00024,True,,62221.05,-210.95,-0.339033
1783540763.7292092,914.9769,bid,CANCEL?,62010.0,0,,2.9308,62221.05,-211.05,-0.339194
1783540763.7292092,914.9769,bid,CANCEL?,62009.9,0,,2.0,62221.05,-211.15,-0.339355
1783540763.7292092,914.9769,ask,FILL?,62210.6,0,,3.9991,62234.0,-23.4,-0.0376
1783540764.731102,915.9788,ask,CANCEL?,62437.1,0,,3.0019,62230.25,206.85,0.332395
1783540765.8098,917.0575,bid,APPEAR,62225.0,0.00024,True,,62230.25,-5.25,-0.008436
1783540765.8098,917.0575,bid,CANCEL?,62123.2,0,,2.0806,62230.25,-107.05,-0.172022
1783540766.747935,917.9956,bid,APPEAR,62230.2,0.00024,True,,62232.0,-1.8,-0.002892
1783540766.747935,917.9956,bid,CANCEL?,62225.0,0,,0.9381,62232.0,-7.0,-0.011248
1783540766.747935,917.9956,bid,APPEAR,62224.9,0.00024,True,,62232.0,-7.1,-0.011409
1783540766.747935,917.9956,bid,CANCEL?,62010.1,0,,3.0187,62232.0,-221.9,-0.356569
1783540767.730124,918.9778,bid,APPEAR,62228.1,0.00024,True,,62232.0,-3.9,-0.006267
1783540767.730124,918.9778,bid,CANCEL?,62224.9,0,,0.9822,62232.0,-7.1,-0.011409
1783540768.796885,920.0446,bid,APPEAR,62232.0,0.00024,True,,62232.25,-0.25,-0.000402
1783540768.796885,920.0446,bid,CANCEL?,62230.2,0,,2.0489,62232.25,-2.05,-0.003294
1783540768.796885,920.0446,ask,APPEAR,62232.1,0.00024,True,,62232.05,0.05,8e-05
1783540771.7675772,923.0153,bid,APPEAR,62231.6,0.00024,True,,62232.05,-0.45,-0.000723
1783540771.7675772,923.0153,bid,CANCEL?,62228.1,0,,4.0375,62232.05,-3.95,-0.006347
1783540771.7675772,923.0153,ask,APPEAR,62232.4,0.00024,True,,62232.05,0.35,0.000562
1783540772.7296069,923.9773,bid,CANCEL?,62231.6,0,,0.962,62232.05,-0.45,-0.000723
1783540772.7296069,923.9773,bid,APPEAR,62226.6,0.00024,True,,62232.05,-5.45,-0.008758
1783540776.729027,927.9767,ask,CANCEL?,62232.4,0,,4.9614,62232.05,0.35,0.000562
1783540776.729027,927.9767,ask,APPEAR,62236.9,0.00024,True,,62232.05,4.85,0.007793
1783540779.730865,930.9786,ask,CANCEL?,62232.1,0,,10.934,62234.45,-2.35,-0.003776
1783540780.728788,931.9765,bid,APPEAR,62229.1,0.00024,True,,62234.45,-5.35,-0.008597
1783540780.728788,931.9765,bid,CANCEL?,62226.6,0,,7.9992,62234.45,-7.85,-0.012614
1783540781.728711,932.9764,ask,CANCEL?,62236.9,0,,4.9997,62389.55,-152.65,-0.244672
1783540782.7284732,933.9762,bid,CANCEL?,62229.1,0,,1.9997,62389.55,-160.45,-0.257174
1783540782.7284732,933.9762,bid,APPEAR,62217.6,0.00024,True,,62389.55,-171.95,-0.275607
1783540783.728673,934.9764,bid,APPEAR,62382.4,0.00024,True,,62464.75,-82.35,-0.131834
1783540783.728673,934.9764,bid,APPEAR,62232.1,0.00024,True,,62464.75,-232.65,-0.37245
1783540783.728673,934.9764,bid,CANCEL?,62232.0,0,,14.9318,62464.75,-232.75,-0.37261
1783540783.728673,934.9764,bid,CANCEL?,62217.6,0,,1.0002,62464.75,-247.15,-0.395663
1783540784.72995,935.9777,bid,CANCEL?,62382.4,0,,1.0013,62389.6,-7.2,-0.01154
1783540784.72995,935.9777,bid,CANCEL?,62232.1,0,,1.0013,62379.55,-147.45,-0.236376
1783540784.72995,935.9777,bid,APPEAR,62217.7,0.00024,True,,62382.4,-164.7,-0.264017
1783540786.728684,937.9764,bid,APPEAR,62219.1,0.00024,True,,62219.8,-0.7,-0.001125
1783540786.728684,937.9764,ask,APPEAR,62219.2,0.00024,True,,62219.15,0.05,8e-05
1783540787.7285728,938.9763,bid,CANCEL?,62217.7,0,,2.9986,62219.15,-1.45,-0.00233
1783540787.7285728,938.9763,bid,APPEAR,62212.1,0.00024,True,,62219.15,-7.05,-0.011331
1783540788.729378,939.9771,bid,CANCEL?,62219.1,0,,2.0007,62215.65,3.45,0.005545
1783540788.729378,939.9771,ask,APPEAR,62697.2,0.00034,False,,62215.65,481.55,0.774001
1783540789.728949,940.9767,bid,APPEAR,62217.3,0.00024,True,,62218.25,-0.95,-0.001527
1783540801.72842,952.9761,bid,APPEAR,62217.2,0.00024,True,,62218.25,-1.05,-0.001688
1783540801.72842,952.9761,bid,CANCEL?,62212.1,0,,13.9998,62218.25,-6.15,-0.009885
1783540801.72842,952.9761,ask,CANCEL?,62697.2,0,,12.999,62218.25,478.95,0.76979
1783540802.7291489,953.9769,ask,APPEAR,62222.4,0.00024,True,,62218.25,4.15,0.00667
1783540803.728713,954.9764,bid,CANCEL?,62217.2,0,,2.0003,62218.25,-1.05,-0.001688
1783540803.728713,954.9764,bid,APPEAR,62212.6,0.00024,True,,62218.25,-5.65,-0.009081
1783540803.728713,954.9764,ask,CANCEL?,62219.2,0,,17.0,62219.85,-0.65,-0.001045
1783540803.728713,954.9764,ask,APPEAR,62220.6,0.00024,True,,62218.95,1.65,0.002652
1783540803.728713,954.9764,ask,APPEAR,62220.7,0.00024,True,,62218.95,1.75,0.002813
1783540803.728713,954.9764,ask,CANCEL?,62222.4,0,,0.9996,62218.95,3.45,0.005545
1783540804.739397,955.9871,bid,CANCEL?,62212.6,0,,1.0107,62218.95,-6.35,-0.010206
1783540804.739397,955.9871,bid,APPEAR,62202.1,0.00024,True,,62218.95,-16.85,-0.027082
1783540804.739397,955.9871,ask,CANCEL?,62220.7,0,,1.0107,62218.95,1.75,0.002813
1783540804.739397,955.9871,ask,APPEAR,62223.9,0.00024,True,,62218.95,4.95,0.007956
1783540805.731607,956.9793,bid,APPEAR,62212.7,0.00024,True,,62218.95,-6.25,-0.010045
1783540805.731607,956.9793,bid,CANCEL?,62202.1,0,,0.9922,62218.95,-16.85,-0.027082
1783540805.731607,956.9793,ask,APPEAR,62220.7,0.00024,True,,62218.95,1.75,0.002813
1783540805.731607,956.9793,ask,CANCEL?,62223.9,0,,0.9922,62218.95,4.95,0.007956
1783540806.728666,957.9764,bid,CANCEL?,62212.7,0,,0.9971,62218.95,-6.25,-0.010045
1783540806.728666,957.9764,bid,APPEAR,62183.6,0.00024,True,,62218.95,-35.35,-0.056815
1783540806.728666,957.9764,ask,CANCEL?,62220.6,0,,3.0,62219.0,1.6,0.002572
1783540806.728666,957.9764,ask,CANCEL?,62220.7,0,,0.9971,62403.65,-182.95,-0.293172
1783540806.728666,957.9764,ask,APPEAR,62392.3,0.00024,True,,62304.8,87.5,0.140439
1783540806.728666,957.9764,ask,APPEAR,62586.6,0.00024,True,,62304.8,281.8,0.452293
1783540808.7465641,959.9943,bid,APPEAR,62385.1,0.00024,True,,62388.7,-3.6,-0.00577
1783540808.7465641,959.9943,bid,APPEAR,62217.4,0.00024,True,,62388.7,-171.3,-0.274569
1783540808.7465641,959.9943,bid,CANCEL?,62217.3,0,,19.0176,62388.7,-171.4,-0.274729
1783540808.7465641,959.9943,bid,CANCEL?,62183.6,0,,2.0179,62388.7,-205.1,-0.328745
1783540808.7465641,959.9943,ask,CANCEL?,62586.6,0,,2.0179,62388.7,197.9,0.317205
1783540808.7465641,959.9943,ask,APPEAR,62589.9,0.00024,True,,62388.7,201.2,0.322494
1783540809.728342,960.976,bid,CANCEL?,62385.1,0,,0.9818,62304.85,80.25,0.128802
1783540811.728462,962.9762,bid,CANCEL?,62217.4,0,,2.9819,62277.65,-60.25,-0.096744
1783540811.728462,962.9762,bid,APPEAR,62163.1,0.00024,True,,62277.7,-114.6,-0.184015
1783540811.728462,962.9762,ask,CANCEL?,62392.3,0,,4.9998,62376.5,15.8,0.02533
1783540811.728462,962.9762,ask,APPEAR,62403.6,0.00024,True,,62283.35,120.25,0.193069
1783540811.728462,962.9762,ask,APPEAR,62403.7,0.00024,True,,62283.35,120.35,0.19323
1783540811.728462,962.9762,ask,CANCEL?,62589.9,0,,2.9819,62283.35,306.55,0.492186
1783540814.730401,965.9781,bid,APPEAR,62163.3,0.00024,True,,62163.4,-0.1,-0.000161
1783540814.730401,965.9781,ask,APPEAR,62163.4,0.00024,True,,62163.35,0.05,8e-05
1783540814.730401,965.9781,ask,APPEAR,62163.5,0.01024,False,,62163.35,0.15,0.000241
1783540814.730401,965.9781,ask,CANCEL?,62403.6,0,,3.0019,62163.35,240.25,0.386482
1783540814.730401,965.9781,ask,CANCEL?,62403.7,0,,3.0019,62163.35,240.35,0.386643
1783540816.728249,967.976,ask,CANCEL?,62163.5,0,,1.9978,62163.35,0.15,0.000241
1783540816.728249,967.976,ask,APPEAR,62163.9,0.00024,True,,62163.35,0.55,0.000885
1783540817.7294521,968.9772,bid,CANCEL?,62163.1,0,,6.001,62163.35,-0.25,-0.000402
1783540817.7294521,968.9772,bid,APPEAR,62159.6,0.00024,True,,62163.35,-3.75,-0.006032
1783540818.730005,969.9777,bid,CANCEL?,62163.3,0,,3.9996,62161.5,1.8,0.002896
1783540818.730005,969.9777,bid,APPEAR,62161.8,0.00024,True,,62162.6,-0.8,-0.001287
1783540818.730005,969.9777,bid,APPEAR,62161.7,0.00024,True,,62162.6,-0.9,-0.001448
1783540818.730005,969.9777,bid,CANCEL?,62159.6,0,,1.0006,62162.6,-3.0,-0.004826
1783540819.7335281,970.9812,bid,CANCEL?,62161.7,0,,1.0035,62162.6,-0.9,-0.001448
1783540819.7335281,970.9812,bid,APPEAR,62159.6,0.00024,True,,62162.6,-3.0,-0.004826
1783540820.7284591,971.9762,ask,CANCEL?,62163.9,0,,4.0002,62162.6,1.3,0.002091
1783540820.7284591,971.9762,ask,APPEAR,62167.4,0.00024,True,,62162.6,4.8,0.007722
1783540826.7867,978.0344,bid,CANCEL?,62159.6,0,,7.0532,62162.6,-3.0,-0.004826
1783540826.7867,978.0344,bid,APPEAR,62152.6,0.00024,True,,62162.6,-10.0,-0.016087
1783540826.7867,978.0344,ask,CANCEL?,62167.4,0,,6.0582,62162.6,4.8,0.007722
1783540826.7867,978.0344,ask,APPEAR,62174.9,0.00024,True,,62162.6,12.3,0.019787
1783540828.72867,979.9764,bid,APPEAR,62152.7,0.00024,True,,62162.6,-9.9,-0.015926
1783540828.72867,979.9764,bid,CANCEL?,62152.6,0,,1.942,62162.6,-10.0,-0.016087
1783540829.730939,980.9786,bid,CANCEL?,62161.8,0,,11.0009,62158.05,3.75,0.006033
1783540829.730939,980.9786,bid,CANCEL?,62152.7,0,,1.0023,62007.85,144.85,0.233599
1783540829.730939,980.9786,bid,APPEAR,62013.6,0.00024,True,,62088.5,-74.9,-0.120634
1783540829.730939,980.9786,bid,APPEAR,62013.5,0.00024,True,,62088.5,-75.0,-0.120795
1783540829.730939,980.9786,ask,CANCEL?,62174.9,0,,2.9442,62088.5,86.4,0.139156
1783540829.730939,980.9786,ask,APPEAR,62176.9,0.00024,True,,62088.5,88.4,0.142377
1783540832.728992,983.9767,bid,APPEAR,62081.8,0.00024,True,,62122.6,-40.8,-0.065677
1783540832.728992,983.9767,bid,APPEAR,62081.7,0.00024,True,,62122.6,-40.9,-0.065838
1783540832.728992,983.9767,bid,CANCEL?,62013.6,0,,2.9981,62122.6,-109.0,-0.175459
1783540832.728992,983.9767,bid,CANCEL?,62013.5,0,,2.9981,62122.6,-109.1,-0.17562
1783540832.728992,983.9767,ask,APPEAR,62095.3,0.00024,True,,62088.55,6.75,0.010872
1783540832.728992,983.9767,ask,CANCEL?,62163.4,0,,17.9986,62088.55,74.85,0.120554
1783540832.728992,983.9767,ask,APPEAR,62173.9,0.00024,True,,62088.55,85.35,0.137465
1783540832.728992,983.9767,ask,CANCEL?,62176.9,0,,2.9981,62088.55,88.35,0.142297
1783540833.7280068,984.9757,bid,CANCEL?,62081.8,0,,0.999,62088.5,-6.7,-0.010791
1783540833.7280068,984.9757,bid,CANCEL?,62081.7,0,,0.999,61973.8,107.9,0.174106
1783540833.7280068,984.9757,bid,APPEAR,62007.8,0.00024,True,,62051.55,-43.75,-0.070506
1783540833.7280068,984.9757,bid,APPEAR,62007.7,0.00024,True,,62051.55,-43.85,-0.070667
1783540833.7280068,984.9757,ask,APPEAR,62163.2,0.00024,True,,62051.55,111.65,0.179931
1783540833.7280068,984.9757,ask,CANCEL?,62173.9,0,,0.999,62051.55,122.35,0.197175
1783540835.728401,986.9761,bid,APPEAR,62085.4,0.00024,True,,62090.35,-4.95,-0.007972
1783540835.728401,986.9761,bid,APPEAR,62007.9,0.00024,True,,62090.35,-82.45,-0.13279
1783540835.728401,986.9761,bid,CANCEL?,62007.8,0,,2.0004,62090.35,-82.55,-0.132951
1783540835.728401,986.9761,bid,CANCEL?,62007.7,0,,2.0004,62090.35,-82.65,-0.133112
1783540835.728401,986.9761,ask,APPEAR,62085.5,0.00024,True,,62085.45,0.05,8.1e-05
1783540835.728401,986.9761,ask,APPEAR,62095.2,0.00024,True,,62085.45,9.75,0.015704
1783540835.728401,986.9761,ask,CANCEL?,62095.3,0,,2.9994,62085.45,9.85,0.015865
1783540835.728401,986.9761,ask,CANCEL?,62163.2,0,,2.0004,62085.45,77.75,0.125231
1783540837.72819,988.9759,bid,CANCEL?,62085.4,0,,1.9998,62046.7,38.7,0.062372
1783540837.72819,988.9759,bid,APPEAR,62051.6,0.00024,True,,62068.55,-16.95,-0.027309
1783540837.72819,988.9759,bid,APPEAR,62051.5,0.00024,True,,62068.55,-17.05,-0.02747
1783540837.72819,988.9759,bid,CANCEL?,62007.9,0,,1.9998,62068.55,-60.65,-0.097715
1783540837.72819,988.9759,ask,CANCEL?,62095.2,0,,1.9998,62068.55,26.65,0.042936
1783540837.72819,988.9759,ask,APPEAR,62160.4,0.00024,True,,62068.55,91.85,0.147982
1783540839.72821,990.9759,bid,APPEAR,62085.4,0.00024,True,,62085.45,-0.05,-8.1e-05
1783540839.72821,990.9759,bid,APPEAR,62051.7,0.00024,True,,62085.45,-33.75,-0.054361
1783540839.72821,990.9759,bid,CANCEL?,62051.6,0,,2.0,62085.45,-33.85,-0.054522
1783540839.72821,990.9759,bid,CANCEL?,62051.5,0,,2.0,62085.45,-33.95,-0.054683
1783540839.72821,990.9759,ask,CANCEL?,62085.5,0,,3.9998,62122.9,-37.4,-0.060203
1783540839.72821,990.9759,ask,APPEAR,62106.0,0.00024,True,,62095.7,10.3,0.016587
1783540839.72821,990.9759,ask,APPEAR,62106.1,0.00024,True,,62095.7,10.4,0.016748
1783540839.72821,990.9759,ask,CANCEL?,62160.4,0,,2.0,62095.7,64.7,0.104194
1783540841.789383,993.0371,bid,CANCEL?,62051.7,0,,2.0612,62095.7,-44.0,-0.070858
1783540841.789383,993.0371,bid,APPEAR,61852.4,0.00024,True,,62095.7,-243.3,-0.391815
1783540841.789383,993.0371,ask,APPEAR,62085.5,0.00024,True,,62085.45,0.05,8.1e-05
1783540841.789383,993.0371,ask,CANCEL?,62106.0,0,,2.0612,62085.45,20.55,0.0331
1783540842.831968,994.0797,ask,APPEAR,62105.9,0.00024,True,,62085.45,20.45,0.032938
1783540842.831968,994.0797,ask,CANCEL?,62106.1,0,,3.1038,62085.45,20.65,0.033261
1783540844.7281651,995.9759,bid,CANCEL?,62085.4,0,,5.0,61968.95,116.45,0.187917
1783540844.7281651,995.9759,bid,APPEAR,62001.4,0.00024,True,,62043.45,-42.05,-0.067775
1783540844.7281651,995.9759,bid,CANCEL?,61852.4,0,,2.9388,62043.45,-191.05,-0.307929
1783540845.7289112,996.9766,bid,APPEAR,62001.3,0.00024,True,,62043.45,-42.15,-0.067936
1783540845.7289112,996.9766,ask,CANCEL?,62105.9,0,,2.8969,62043.45,62.45,0.100655
1783540845.7289112,996.9766,ask,APPEAR,62234.4,0.00024,True,,62043.45,190.95,0.307768
1783540846.727963,997.9757,bid,APPEAR,62078.9,0.00024,True,,62082.2,-3.3,-0.005316
1783540846.727963,997.9757,bid,APPEAR,62001.5,0.00024,True,,62082.2,-80.7,-0.129989
1783540846.727963,997.9757,bid,CANCEL?,62001.4,0,,1.9998,62082.2,-80.8,-0.13015
1783540846.727963,997.9757,bid,CANCEL?,62001.3,0,,0.9991,62082.2,-80.9,-0.130311
1783540847.746877,998.9946,ask,APPEAR,62156.4,0.00024,True,,62082.2,74.2,0.119519
1783540847.746877,998.9946,ask,CANCEL?,62234.4,0,,2.018,62082.2,152.2,0.245159
1783540848.727979,999.9757,bid,CANCEL?,62001.5,0,,2.0,62082.2,-80.7,-0.129989
1783540848.727979,999.9757,bid,APPEAR,61852.4,0.00024,True,,62082.2,-229.8,-0.370154
1783540848.727979,999.9757,ask,CANCEL?,62156.4,0,,0.9811,62082.2,74.2,0.119519
1783540849.73174,1000.9794,ask,APPEAR,62160.9,0.00024,True,,62082.2,78.7,0.126767
1783540862.728987,1013.9767,bid,CANCEL?,62078.9,0,,16.001,61968.95,109.95,0.177428
1783540862.728987,1013.9767,bid,APPEAR,62006.6,0.00024,True,,62046.05,-39.45,-0.063582
1783540862.728987,1013.9767,bid,APPEAR,62006.5,0.00024,True,,62046.05,-39.55,-0.063743
1783540862.728987,1013.9767,bid,CANCEL?,61852.4,0,,14.001,62046.05,-193.65,-0.312107
1783540864.730882,1015.9786,bid,APPEAR,62079.8,0.00024,True,,62082.65,-2.85,-0.004591
1783540864.730882,1015.9786,bid,APPEAR,62006.7,0.00024,True,,62082.65,-75.95,-0.122337
1783540864.730882,1015.9786,bid,CANCEL?,62006.6,0,,2.0019,62082.65,-76.05,-0.122498
1783540864.730882,1015.9786,bid,CANCEL?,62006.5,0,,2.0019,62082.65,-76.15,-0.122659
1783540864.730882,1015.9786,ask,APPEAR,62152.9,0.00024,True,,62082.65,70.25,0.113156
1783540864.730882,1015.9786,ask,CANCEL?,62160.9,0,,14.9991,62082.65,78.25,0.126042
1783540866.7283149,1017.976,bid,APPEAR,62006.8,0.00024,True,,62082.65,-75.85,-0.122176
1783540866.7283149,1017.976,bid,CANCEL?,62006.7,0,,1.9974,62082.65,-75.95,-0.122337
1783540866.7283149,1017.976,ask,CANCEL?,62152.9,0,,1.9974,62082.65,70.25,0.113156
1783540866.7283149,1017.976,ask,APPEAR,62154.4,0.00024,True,,62082.65,71.75,0.115572
1783540867.818361,1019.0661,bid,CANCEL?,62006.8,0,,1.09,62082.65,-75.85,-0.122176
1783540867.818361,1019.0661,bid,APPEAR,61852.4,0.00024,True,,62082.65,-230.25,-0.370877
1783540868.727656,1019.9754,bid,CANCEL?,62079.8,0,,3.9968,61968.95,110.85,0.17888
1783540868.727656,1019.9754,bid,APPEAR,62003.4,0.00024,True,,62044.45,-41.05,-0.066162
1783540868.727656,1019.9754,bid,APPEAR,62003.3,0.00024,True,,62044.45,-41.15,-0.066323
1783540868.727656,1019.9754,bid,CANCEL?,61852.4,0,,0.9093,62044.45,-192.05,-0.309536
1783540871.811591,1023.0593,bid,APPEAR,62078.8,0.00024,True,,62082.15,-3.35,-0.005396
1783540871.811591,1023.0593,bid,APPEAR,62003.5,0.00024,True,,62082.15,-78.65,-0.126687
1783540871.811591,1023.0593,bid,CANCEL?,62003.4,0,,3.0839,62082.15,-78.75,-0.126848
1783540871.811591,1023.0593,bid,CANCEL?,62003.3,0,,3.0839,62082.15,-78.85,-0.127009
1783540873.7281249,1024.9758,bid,CANCEL?,62003.5,0,,1.9165,62082.15,-78.65,-0.126687
1783540873.7281249,1024.9758,bid,APPEAR,61841.7,0.00024,True,,62082.15,-240.45,-0.387309
1783540874.728804,1025.9765,bid,CANCEL?,62078.8,0,,2.9172,61963.6,115.2,0.185916
1783540874.728804,1025.9765,bid,APPEAR,61998.0,0.00024,True,,62041.75,-43.75,-0.070517
1783540874.728804,1025.9765,bid,APPEAR,61997.9,0.00024,True,,62041.75,-43.85,-0.070678
1783540874.728804,1025.9765,bid,CANCEL?,61841.7,0,,1.0007,62041.75,-200.05,-0.322444
1783540875.7375731,1026.9853,bid,APPEAR,62076.2,0.00024,True,,62080.85,-4.65,-0.00749
1783540875.7375731,1026.9853,bid,CANCEL?,61998.0,0,,1.0088,62080.85,-82.85,-0.133455
1783540875.7375731,1026.9853,ask,CANCEL?,62085.5,0,,33.9482,62115.3,-29.8,-0.047975
1783540876.7275321,1027.9752,bid,APPEAR,61998.1,0.00024,True,,62113.6,-115.5,-0.18595
1783540876.7275321,1027.9752,bid,CANCEL?,61997.9,0,,1.9987,62113.6,-115.7,-0.186272
1783540876.7275321,1027.9752,ask,APPEAR,62076.3,0.00024,True,,62076.25,0.05,8.1e-05
1783540876.7275321,1027.9752,ask,APPEAR,62085.4,0.00024,True,,62076.25,9.15,0.01474
1783540876.7275321,1027.9752,ask,CANCEL?,62154.4,0,,9.9992,62076.25,78.15,0.125894
1783540878.774569,1030.0223,bid,CANCEL?,62076.2,0,,3.037,62037.2,39.0,0.062866
1783540878.774569,1030.0223,bid,APPEAR,62041.8,0.00024,True,,62059.05,-17.25,-0.027796
1783540878.774569,1030.0223,bid,APPEAR,62041.7,0.00024,True,,62059.05,-17.35,-0.027957
1783540878.774569,1030.0223,bid,CANCEL?,61998.1,0,,2.047,62059.05,-60.95,-0.098213
1783540878.774569,1030.0223,ask,CANCEL?,62085.4,0,,2.047,62059.05,26.35,0.04246
1783540878.774569,1030.0223,ask,APPEAR,62148.9,0.00024,True,,62059.05,89.85,0.144781
1783540880.72766,1031.9754,bid,APPEAR,62076.2,0.00024,True,,62076.25,-0.05,-8.1e-05
1783540880.72766,1031.9754,bid,APPEAR,62041.9,0.00024,True,,62076.25,-34.35,-0.055335
1783540880.72766,1031.9754,bid,CANCEL?,62041.8,0,,1.9531,62076.25,-34.45,-0.055496
1783540880.72766,1031.9754,bid,CANCEL?,62041.7,0,,1.9531,62076.25,-34.55,-0.055657
1783540880.72766,1031.9754,ask,CANCEL?,62076.3,0,,4.0001,62112.55,-36.25,-0.058362
1783540880.72766,1031.9754,ask,APPEAR,62095.3,0.00024,True,,62085.75,9.55,0.015382
1783540880.72766,1031.9754,ask,APPEAR,62095.4,0.00024,True,,62085.75,9.65,0.015543
1783540880.72766,1031.9754,ask,CANCEL?,62148.9,0,,1.9531,62085.75,63.15,0.101714
1783540881.727235,1032.9749,bid,CANCEL?,62076.2,0,,0.9996,62068.6,7.6,0.012245
1783540882.728466,1033.9762,bid,APPEAR,62068.6,0.00024,True,,62081.95,-13.35,-0.021504
1783540882.728466,1033.9762,ask,APPEAR,62076.3,0.00024,True,,62072.45,3.85,0.006202
1783540882.728466,1033.9762,ask,CANCEL?,62095.3,0,,2.0008,62072.45,22.85,0.036812
1783540885.728127,1036.9758,bid,APPEAR,62068.5,0.00024,True,,62072.45,-3.95,-0.006364
1783540885.728127,1036.9758,bid,CANCEL?,62041.9,0,,5.0005,62072.45,-30.55,-0.049217
1783540885.728127,1036.9758,ask,APPEAR,62095.2,0.00024,True,,62072.45,22.75,0.036651
1783540885.728127,1036.9758,ask,CANCEL?,62095.4,0,,5.0005,62072.45,22.95,0.036973
1783540888.72767,1039.9754,bid,APPEAR,62076.2,0.00024,True,,62076.25,-0.05,-8.1e-05
1783540888.72767,1039.9754,bid,CANCEL?,62068.6,0,,5.9992,62076.25,-7.65,-0.012324
1783540888.72767,1039.9754,ask,CANCEL?,62076.3,0,,5.9992,62085.7,-9.4,-0.01514
1783540888.72767,1039.9754,ask,APPEAR,62082.0,0.00024,True,,62079.1,2.9,0.004671
1783540889.727689,1040.9754,bid,APPEAR,62068.6,0.00024,True,,62079.1,-10.5,-0.016914
1783540889.727689,1040.9754,bid,CANCEL?,62068.5,0,,3.9996,62079.1,-10.6,-0.017075
1783540889.727689,1040.9754,ask,APPEAR,62083.9,0.00024,True,,62079.1,4.8,0.007732
1783540889.727689,1040.9754,ask,CANCEL?,62095.2,0,,3.9996,62079.1,16.1,0.025935
1783540890.729794,1041.9775,bid,CANCEL?,62068.6,0,,1.0021,62079.1,-10.5,-0.016914
1783540890.729794,1041.9775,bid,APPEAR,61841.7,0.00024,True,,62079.1,-237.4,-0.382415
1783540890.729794,1041.9775,ask,CANCEL?,62083.9,0,,1.0021,62079.1,4.8,0.007732
1783540890.729794,1041.9775,ask,APPEAR,62171.9,0.00024,True,,62079.1,92.8,0.149487
1783540891.7291,1042.9768,bid,CANCEL?,62076.2,0,,3.0014,61961.85,114.35,0.184549
1783540891.7291,1042.9768,bid,APPEAR,61962.8,0.00024,True,,62022.4,-59.6,-0.096094
1783540891.7291,1042.9768,bid,APPEAR,61962.7,0.00024,True,,62022.4,-59.7,-0.096256
1783540891.7291,1042.9768,bid,CANCEL?,61841.7,0,,0.9993,62022.4,-180.7,-0.291346
1783540892.7266629,1043.9744,ask,APPEAR,62083.8,0.00024,True,,62022.4,61.4,0.098996
1783540892.7266629,1043.9744,ask,CANCEL?,62171.9,0,,1.9969,62022.4,149.5,0.241042
1783540893.727511,1044.9752,bid,APPEAR,62062.8,0.00024,True,,62072.4,-9.6,-0.015466
1783540893.727511,1044.9752,bid,APPEAR,61962.9,0.00024,True,,62072.4,-109.5,-0.176407
1783540893.727511,1044.9752,bid,CANCEL?,61962.8,0,,1.9984,62072.4,-109.6,-0.176568
1783540893.727511,1044.9752,bid,CANCEL?,61962.7,0,,1.9984,62072.4,-109.7,-0.176729
1783540893.727511,1044.9752,ask,APPEAR,62062.9,0.00024,True,,62062.85,0.05,8.1e-05
1783540893.727511,1044.9752,ask,APPEAR,62081.9,0.00024,True,,62062.85,19.05,0.030695
1783540893.727511,1044.9752,ask,CANCEL?,62082.0,0,,4.9998,62062.85,19.15,0.030856
1783540893.727511,1044.9752,ask,CANCEL?,62083.8,0,,1.0008,62062.85,20.95,0.033756
1783540895.732173,1046.9799,bid,CANCEL?,62062.8,0,,2.0047,62012.9,49.9,0.080467
1783540895.732173,1046.9799,bid,APPEAR,62022.4,0.00024,True,,62042.65,-20.25,-0.032639
1783540895.732173,1046.9799,bid,APPEAR,62022.3,0.00024,True,,62042.65,-20.35,-0.0328
1783540895.732173,1046.9799,bid,CANCEL?,61962.9,0,,2.0047,62042.65,-79.75,-0.128541
1783540895.732173,1046.9799,ask,CANCEL?,62081.9,0,,2.0047,62042.65,39.25,0.063263
1783540895.732173,1046.9799,ask,APPEAR,62169.9,0.00024,True,,62042.65,127.25,0.205101
1783540897.7469661,1048.9947,bid,APPEAR,62062.8,0.00024,True,,62062.85,-0.05,-8.1e-05
1783540897.7469661,1048.9947,bid,APPEAR,62022.5,0.00024,True,,62062.85,-40.35,-0.065015
1783540897.7469661,1048.9947,bid,CANCEL?,62022.4,0,,2.0148,62062.85,-40.45,-0.065176
1783540897.7469661,1048.9947,bid,CANCEL?,62022.3,0,,2.0148,62062.85,-40.55,-0.065337
1783540897.7469661,1048.9947,ask,CANCEL?,62062.9,0,,4.0195,62116.35,-53.45,-0.086048
1783540897.7469661,1048.9947,ask,APPEAR,62096.1,0.00024,True,,62079.45,16.65,0.02682
1783540897.7469661,1048.9947,ask,APPEAR,62096.2,0.00024,True,,62079.45,16.75,0.026982
1783540897.7469661,1048.9947,ask,CANCEL?,62169.9,0,,2.0148,62079.45,90.45,0.1457
1783540899.7273128,1050.975,bid,CANCEL?,62022.5,0,,1.9803,62079.45,-56.95,-0.091737
1783540899.7273128,1050.975,bid,APPEAR,61849.7,0.00024,True,,62079.45,-229.75,-0.37009
1783540899.7273128,1050.975,ask,APPEAR,62062.9,0.00024,True,,62062.85,0.05,8.1e-05
1783540899.7273128,1050.975,ask,APPEAR,62096.0,0.00024,True,,62062.85,33.15,0.053414
1783540899.7273128,1050.975,ask,CANCEL?,62096.1,0,,1.9803,62062.85,33.25,0.053575
1783540899.7273128,1050.975,ask,CANCEL?,62096.2,0,,1.9803,62062.85,33.35,0.053736
1783540901.727076,1052.9748,bid,CANCEL?,62062.8,0,,3.9801,61956.3,106.5,0.171895
1783540901.727076,1052.9748,bid,APPEAR,61972.8,0.00024,True,,62017.85,-45.05,-0.07264
1783540901.727076,1052.9748,bid,APPEAR,61972.7,0.00024,True,,62017.85,-45.15,-0.072802
1783540901.727076,1052.9748,bid,CANCEL?,61849.7,0,,1.9998,62017.85,-168.15,-0.271132
1783540901.727076,1052.9748,ask,CANCEL?,62096.0,0,,1.9998,62017.85,78.15,0.126012
1783540901.727076,1052.9748,ask,APPEAR,62171.9,0.00024,True,,62017.85,154.05,0.248396
1783540902.729619,1053.9773,bid,CANCEL?,61972.8,0,,1.0025,62017.8,-45.0,-0.07256
1783540903.727444,1054.9751,bid,APPEAR,62062.8,0.00024,True,,62062.85,-0.05,-8.1e-05
1783540903.727444,1054.9751,bid,APPEAR,61972.9,0.00024,True,,62062.85,-89.95,-0.144934
1783540903.727444,1054.9751,bid,CANCEL?,61972.7,0,,2.0004,62062.85,-90.15,-0.145256
1783540903.727444,1054.9751,ask,CANCEL?,62062.9,0,,4.0001,62114.9,-52.0,-0.083716
1783540903.727444,1054.9751,ask,APPEAR,62072.3,0.00024,True,,62067.55,4.75,0.007653
1783540903.727444,1054.9751,ask,APPEAR,62072.4,0.00024,True,,62067.55,4.85,0.007814
1783540903.727444,1054.9751,ask,CANCEL?,62171.9,0,,2.0004,62067.55,104.35,0.168123
1783540904.72773,1055.9754,bid,CANCEL?,62062.8,0,,1.0003,62022.6,40.2,0.064815
1783540905.727214,1056.9749,bid,APPEAR,62022.6,0.00024,True,,62047.45,-24.85,-0.04005
1783540905.727214,1056.9749,bid,APPEAR,62022.5,0.00024,True,,62047.45,-24.95,-0.040211
1783540905.727214,1056.9749,bid,CANCEL?,61972.9,0,,1.9998,62047.45,-74.55,-0.12015
1783540905.727214,1056.9749,ask,APPEAR,62062.9,0.00024,True,,62042.75,20.15,0.032478
1783540905.727214,1056.9749,ask,CANCEL?,62072.3,0,,1.9998,62042.75,29.55,0.047628
1783540906.727808,1057.9755,ask,APPEAR,62072.2,0.00024,True,,62042.75,29.45,0.047467
1783540906.727808,1057.9755,ask,CANCEL?,62072.4,0,,3.0004,62042.75,29.65,0.04779
1783540907.72666,1058.9744,bid,APPEAR,62047.4,0.00024,True,,62055.15,-7.75,-0.012489
1783540907.72666,1058.9744,bid,CANCEL?,62022.6,0,,1.9994,62055.15,-32.55,-0.052453
1783540907.72666,1058.9744,ask,APPEAR,62047.5,0.00024,True,,62047.45,0.05,8.1e-05
1783540907.72666,1058.9744,ask,CANCEL?,62062.9,0,,1.9994,62047.45,15.45,0.0249
1783540908.727635,1059.9753,bid,APPEAR,62022.7,0.00024,True,,62047.45,-24.75,-0.039889
1783540908.727635,1059.9753,bid,CANCEL?,62022.5,0,,3.0004,62047.45,-24.95,-0.040211
1783540909.726953,1060.9747,ask,APPEAR,62062.8,0.00024,True,,62047.45,15.35,0.024739
1783540909.726953,1060.9747,ask,CANCEL?,62072.2,0,,2.9991,62047.45,24.75,0.039889
1783540922.727616,1073.9753,bid,CANCEL?,62022.7,0,,14.0,62047.45,-24.75,-0.039889
1783540922.727616,1073.9753,bid,APPEAR,61849.7,0.00024,True,,62047.45,-197.75,-0.318708
1783540922.727616,1073.9753,ask,CANCEL?,62062.8,0,,13.0007,62047.45,15.35,0.024739
1783540922.727616,1073.9753,ask,APPEAR,62072.1,0.00024,True,,62047.45,24.65,0.039728
1783540924.72685,1075.9746,bid,CANCEL?,62047.4,0,,17.0002,61948.6,98.8,0.159487
1783540924.72685,1075.9746,bid,APPEAR,62014.1,0.00024,True,,62030.8,-16.7,-0.026922
1783540924.72685,1075.9746,bid,APPEAR,62014.0,0.00024,True,,62030.8,-16.8,-0.027083
1783540924.72685,1075.9746,bid,CANCEL?,61849.7,0,,1.9992,62030.8,-181.1,-0.291952
1783540924.72685,1075.9746,ask,CANCEL?,62072.1,0,,1.9992,62030.8,41.3,0.06658
1783540924.72685,1075.9746,ask,APPEAR,62178.4,0.00024,True,,62030.8,147.6,0.237946
1783540926.727472,1077.9752,bid,APPEAR,62047.4,0.00024,True,,62047.45,-0.05,-8.1e-05
1783540926.727472,1077.9752,bid,APPEAR,62014.2,0.00024,True,,62047.45,-33.25,-0.053588
1783540926.727472,1077.9752,bid,CANCEL?,62014.1,0,,2.0006,62047.45,-33.35,-0.053749
1783540926.727472,1077.9752,bid,CANCEL?,62014.0,0,,2.0006,62047.45,-33.45,-0.05391
1783540926.727472,1077.9752,ask,CANCEL?,62047.5,0,,19.0008,62112.2,-64.7,-0.104166
1783540926.727472,1077.9752,ask,APPEAR,62095.5,0.00024,True,,62071.45,24.05,0.038746
1783540927.7271721,1078.9749,ask,APPEAR,62095.6,0.00024,True,,62071.45,24.15,0.038907
1783540927.7271721,1078.9749,ask,CANCEL?,62178.4,0,,3.0003,62071.45,106.95,0.172301
1783540928.745204,1079.9929,bid,APPEAR,62095.4,0.00024,True,,62095.45,-0.05,-8.1e-05
1783540928.745204,1079.9929,bid,APPEAR,62047.5,0.00024,True,,62095.45,-47.95,-0.07722
1783540928.745204,1079.9929,bid,CANCEL?,62047.4,0,,2.0177,62095.45,-48.05,-0.077381
1783540928.745204,1079.9929,bid,CANCEL?,62014.2,0,,2.0177,62095.45,-81.25,-0.130847
1783540931.728151,1082.9759,ask,CANCEL?,62095.5,0,,5.0007,62095.5,,0.0
1783540931.728151,1082.9759,ask,CANCEL?,62095.6,0,,4.001,62136.45,-40.85,-0.065742
1783540931.728151,1082.9759,ask,APPEAR,62112.4,0.00024,True,,62103.9,8.5,0.013687
1783540931.728151,1082.9759,ask,APPEAR,62177.4,0.00024,True,,62103.9,73.5,0.11835
1783540933.7638981,1085.0116,bid,CANCEL?,62047.5,0,,5.0187,62103.9,-56.4,-0.090816
1783540933.7638981,1085.0116,bid,APPEAR,61849.7,0.00024,True,,62103.9,-254.2,-0.409314
1783540933.7638981,1085.0116,ask,APPEAR,62112.5,0.00024,True,,62103.9,8.6,0.013848
1783540933.7638981,1085.0116,ask,CANCEL?,62177.4,0,,2.0357,62103.9,73.5,0.11835
1783540934.726433,1085.9741,bid,CANCEL?,62095.4,0,,5.9812,61981.05,114.35,0.184492
1783540934.726433,1085.9741,bid,APPEAR,62013.6,0.00024,True,,62063.0,-49.4,-0.079597
1783540935.735446,1086.9831,ask,CANCEL?,62112.4,0,,4.0073,62063.05,49.35,0.079516
1783540936.727741,1087.9754,bid,APPEAR,62062.0,0.00024,True,,62087.25,-25.25,-0.040669
1783540936.727741,1087.9754,bid,CANCEL?,62013.6,0,,2.0013,62087.25,-73.65,-0.118623
1783540936.727741,1087.9754,bid,APPEAR,61948.5,0.00024,True,,62087.25,-138.75,-0.223476
1783540936.727741,1087.9754,bid,CANCEL?,61849.7,0,,2.9638,62087.25,-237.55,-0.382607
1783540936.727741,1087.9754,ask,APPEAR,62095.5,0.00024,True,,62078.75,16.75,0.026982
1783540936.727741,1087.9754,ask,CANCEL?,62112.5,0,,2.9638,62078.75,33.75,0.054366
1783540936.727741,1087.9754,ask,APPEAR,62177.5,0.00024,True,,62078.75,98.75,0.159072
1783540938.728856,1089.9766,bid,APPEAR,62013.7,0.00024,True,,62078.75,-65.05,-0.104786
1783540938.728856,1089.9766,bid,CANCEL?,61948.5,0,,2.0011,62078.75,-130.25,-0.209814
1783540938.728856,1089.9766,ask,APPEAR,62062.1,0.00024,True,,62062.05,0.05,8.1e-05
1783540938.728856,1089.9766,ask,APPEAR,62095.4,0.00024,True,,62062.05,33.35,0.053737
1783540938.728856,1089.9766,ask,CANCEL?,62095.5,0,,2.0011,62062.05,33.45,0.053898
1783540938.728856,1089.9766,ask,CANCEL?,62177.5,0,,2.0011,62062.05,115.45,0.186024
1783540940.726082,1091.9738,bid,CANCEL?,62062.0,0,,3.9983,62037.9,24.1,0.038847
1783540940.726082,1091.9738,bid,APPEAR,62054.5,0.00024,True,,62058.3,-3.8,-0.006123
1783540940.726082,1091.9738,bid,CANCEL?,62013.7,0,,1.9972,62058.3,-44.6,-0.071868
1783540940.726082,1091.9738,bid,APPEAR,61972.5,0.00024,True,,62058.3,-85.8,-0.138257
1783540940.726082,1091.9738,ask,CANCEL?,62095.4,0,,1.9972,62058.3,37.1,0.059782
1783540940.726082,1091.9738,ask,APPEAR,62175.4,0.00024,True,,62058.3,117.1,0.188694
1783540942.726548,1093.9743,bid,CANCEL?,62054.5,0,,2.0005,62017.3,37.2,0.059983
1783540942.726548,1093.9743,bid,APPEAR,61972.4,0.00024,True,,62017.3,-44.9,-0.072399
1783540942.726548,1093.9743,ask,APPEAR,62095.3,0.00024,True,,62017.3,78.0,0.125771
1783540942.726548,1093.9743,ask,CANCEL?,62175.4,0,,2.0005,62017.3,158.1,0.254929
1783540945.726023,1096.9737,bid,APPEAR,62033.8,0.00024,True,,62047.95,-14.15,-0.022805
1783540945.726023,1096.9737,bid,CANCEL?,61972.5,0,,4.9999,62047.95,-75.45,-0.1216
1783540945.726023,1096.9737,ask,APPEAR,62033.9,0.00024,True,,62033.85,0.05,8.1e-05
1783540945.726023,1096.9737,ask,CANCEL?,62062.1,0,,6.9972,62033.85,28.25,0.04554
1783540947.79147,1099.0392,bid,APPEAR,61972.6,0.00024,True,,62033.85,-61.25,-0.098736
1783540947.79147,1099.0392,bid,CANCEL?,61972.4,0,,5.0649,62033.85,-61.45,-0.099059
1783540947.79147,1099.0392,ask,APPEAR,62062.0,0.00024,True,,62033.85,28.15,0.045378
1783540947.79147,1099.0392,ask,CANCEL?,62095.3,0,,5.0649,62033.85,61.45,0.099059
1783540949.7979908,1101.0457,bid,CANCEL?,62033.8,0,,4.072,62003.25,30.55,0.049272
1783540949.7979908,1101.0457,bid,APPEAR,62017.3,0.00024,True,,62025.6,-8.3,-0.013382
1783540949.7979908,1101.0457,bid,APPEAR,62017.2,0.00024,True,,62025.6,-8.4,-0.013543
1783540949.7979908,1101.0457,bid,CANCEL?,61972.6,0,,2.0065,62025.6,-53.0,-0.085449
1783540950.726041,1101.9737,bid,APPEAR,62033.8,0.00024,True,,62033.85,-0.05,-8.1e-05
1783540950.726041,1101.9737,bid,CANCEL?,62017.3,0,,0.9281,62033.85,-16.55,-0.026679
1783540950.726041,1101.9737,ask,CANCEL?,62062.0,0,,2.9346,62033.85,28.15,0.045378
1783540950.726041,1101.9737,ask,APPEAR,62177.9,0.00024,True,,62033.85,144.05,0.232212
1783540951.72638,1102.9741,bid,APPEAR,62017.4,0.00024,True,,62033.85,-16.45,-0.026518
1783540951.72638,1102.9741,bid,CANCEL?,62017.2,0,,1.9284,62033.85,-16.65,-0.02684
1783540951.72638,1102.9741,ask,APPEAR,62061.9,0.00024,True,,62033.85,28.05,0.045217
1783540951.72638,1102.9741,ask,CANCEL?,62177.9,0,,1.0003,62033.85,144.05,0.232212
1783540952.7263172,1103.974,bid,CANCEL?,62033.8,0,,2.0003,62025.65,8.15,0.01314
1783540952.7263172,1103.974,bid,APPEAR,62017.3,0.00024,True,,62025.65,-8.35,-0.013462
1783540952.7263172,1103.974,ask,CANCEL?,62033.9,0,,7.0003,62039.65,-5.75,-0.009268
1783540952.7263172,1103.974,ask,APPEAR,62097.7,0.00024,True,,62039.65,58.05,0.093569
1783540953.726088,1104.9738,ask,CANCEL?,62061.9,0,,1.9997,62057.55,4.35,0.00701
1783540953.726088,1104.9738,ask,APPEAR,62097.8,0.00024,True,,62057.55,40.25,0.064859
1783540955.726403,1106.9741,bid,APPEAR,62057.6,0.00024,True,,62077.65,-20.05,-0.032298
1783540955.726403,1106.9741,bid,APPEAR,62017.5,0.00024,True,,62077.65,-60.15,-0.096895
1783540955.726403,1106.9741,bid,CANCEL?,62017.4,0,,4.0,62077.65,-60.25,-0.097056
1783540955.726403,1106.9741,bid,CANCEL?,62017.3,0,,3.0001,62077.65,-60.35,-0.097217
1783540955.726403,1106.9741,ask,APPEAR,62057.7,0.00024,True,,62057.65,0.05,8.1e-05
1783540955.726403,1106.9741,ask,APPEAR,62097.6,0.00024,True,,62057.65,39.95,0.064376
1783540955.726403,1106.9741,ask,CANCEL?,62097.7,0,,3.0001,62057.65,40.05,0.064537
1783540955.726403,1106.9741,ask,CANCEL?,62097.8,0,,2.0003,62057.65,40.15,0.064698
1783540957.826925,1109.0746,bid,CANCEL?,62057.6,0,,2.1005,62037.6,20.0,0.032239
1783540957.826925,1109.0746,bid,CANCEL?,62017.5,0,,2.1005,61953.65,63.85,0.103061
1783540957.826925,1109.0746,bid,APPEAR,62013.8,0.00024,True,,62035.75,-21.95,-0.035383
1783540957.826925,1109.0746,bid,APPEAR,62013.7,0.00024,True,,62035.75,-22.05,-0.035544
1783540957.826925,1109.0746,ask,CANCEL?,62097.6,0,,2.1005,62035.75,61.85,0.099701
1783540957.826925,1109.0746,ask,APPEAR,62177.9,0.00024,True,,62035.75,142.15,0.229142
1783540960.728265,1111.976,bid,APPEAR,62057.6,0.00024,True,,62057.65,-0.05,-8.1e-05
1783540960.728265,1111.976,bid,APPEAR,62013.9,0.00024,True,,62057.65,-43.75,-0.070499
1783540960.728265,1111.976,bid,CANCEL?,62013.8,0,,2.9013,62057.65,-43.85,-0.07066
1783540960.728265,1111.976,bid,CANCEL?,62013.7,0,,2.9013,62057.65,-43.95,-0.070821
1783540960.728265,1111.976,ask,CANCEL?,62057.7,0,,5.0019,62117.75,-60.05,-0.096671
1783540960.728265,1111.976,ask,APPEAR,62095.8,0.00024,True,,62076.7,19.1,0.030768
1783540961.7898161,1113.0375,ask,APPEAR,62095.9,0.00024,True,,62076.7,19.2,0.030929
1783540961.7898161,1113.0375,ask,CANCEL?,62177.9,0,,3.9629,62076.7,101.2,0.163024
1783540962.7306821,1113.9784,bid,CANCEL?,62013.9,0,,2.0024,62076.7,-62.8,-0.101165
1783540962.7306821,1113.9784,bid,APPEAR,61849.7,0.00024,True,,62076.7,-227.0,-0.365677
1783540962.7306821,1113.9784,ask,APPEAR,62057.7,0.00024,True,,62057.65,0.05,8.1e-05
1783540962.7306821,1113.9784,ask,CANCEL?,62095.8,0,,2.0024,62057.65,38.15,0.061475
1783540962.7306821,1113.9784,ask,CANCEL?,62095.9,0,,0.9409,62057.65,38.25,0.061636
1783540963.76553,1115.0132,ask,APPEAR,62095.7,0.00024,True,,62057.65,38.05,0.061314
1783540964.726274,1115.974,bid,CANCEL?,62057.6,0,,3.998,61953.7,103.9,0.167706
1783540964.726274,1115.974,bid,APPEAR,61972.7,0.00024,True,,62015.2,-42.5,-0.068532
1783540964.726274,1115.974,bid,APPEAR,61972.6,0.00024,True,,62015.2,-42.6,-0.068693
1783540964.726274,1115.974,bid,CANCEL?,61849.7,0,,1.9956,62015.2,-165.5,-0.26687
1783540964.726274,1115.974,ask,CANCEL?,62095.7,0,,0.9607,62015.2,80.5,0.129807
1783540964.726274,1115.974,ask,APPEAR,62180.4,0.00024,True,,62015.2,165.2,0.266386
1783540966.7315829,1117.9793,bid,APPEAR,62057.6,0.00024,True,,62057.65,-0.05,-8.1e-05
1783540966.7315829,1117.9793,bid,APPEAR,61972.8,0.00024,True,,62057.65,-84.85,-0.136728
1783540966.7315829,1117.9793,bid,CANCEL?,61972.7,0,,2.0053,62057.65,-84.95,-0.136889
1783540966.7315829,1117.9793,bid,CANCEL?,61972.6,0,,2.0053,62057.65,-85.05,-0.13705
1783540966.7315829,1117.9793,ask,CANCEL?,62057.7,0,,4.0009,62119.0,-61.3,-0.098682
1783540966.7315829,1117.9793,ask,APPEAR,62076.5,0.00024,True,,62067.05,9.45,0.015225
1783540966.7315829,1117.9793,ask,APPEAR,62076.6,0.00024,True,,62067.05,9.55,0.015387
1783540966.7315829,1117.9793,ask,CANCEL?,62180.4,0,,2.0053,62067.05,113.35,0.182625
1783540968.726422,1119.9741,bid,CANCEL?,62057.6,0,,1.9948,62024.65,32.95,0.053124
1783540968.726422,1119.9741,bid,APPEAR,62024.7,0.00024,True,,62050.6,-25.9,-0.04174
1783540968.726422,1119.9741,bid,APPEAR,62024.6,0.00024,True,,62050.6,-26.0,-0.041901
1783540968.726422,1119.9741,bid,CANCEL?,61972.8,0,,1.9948,62050.6,-77.8,-0.125382
1783540968.726422,1119.9741,ask,APPEAR,62057.7,0.00024,True,,62041.2,16.5,0.026595
1783540968.726422,1119.9741,ask,CANCEL?,62076.5,0,,1.9948,62041.2,35.3,0.056898
1783540969.725665,1120.9734,ask,APPEAR,62076.4,0.00024,True,,62041.2,35.2,0.056736
1783540969.725665,1120.9734,ask,CANCEL?,62076.6,0,,2.9941,62041.2,35.4,0.057059
1783540981.7252,1132.9729,bid,APPEAR,62050.5,0.00024,True,,62054.1,-3.6,-0.005801
1783540981.7252,1132.9729,bid,CANCEL?,62024.7,0,,12.9988,62054.1,-29.4,-0.047378
1783540982.726136,1133.9738,bid,APPEAR,62024.8,0.00024,True,,62054.1,-29.3,-0.047217
1783540982.726136,1133.9738,bid,CANCEL?,62024.6,0,,13.9997,62054.1,-29.5,-0.047539
1783540982.726136,1133.9738,ask,CANCEL?,62076.4,0,,13.0005,62054.1,22.3,0.035936
1783540982.726136,1133.9738,ask,APPEAR,62180.4,0.00024,True,,62054.1,126.3,0.203532
1783540984.72556,1135.9733,bid,CANCEL?,62024.8,0,,1.9994,62054.1,-29.3,-0.047217
1783540984.72556,1135.9733,bid,APPEAR,61849.7,0.00024,True,,62054.1,-204.4,-0.32939
1783540984.72556,1135.9733,ask,CANCEL?,62057.7,0,,15.9991,62115.45,-57.75,-0.092972
1783540984.72556,1135.9733,ask,APPEAR,62102.6,0.00024,True,,62076.55,26.05,0.041964
1783540986.725694,1137.9734,bid,CANCEL?,62050.5,0,,5.0005,61976.15,74.35,0.119966
1783540986.725694,1137.9734,ask,APPEAR,62102.7,0.00024,True,,61976.15,126.55,0.204191
1783540986.725694,1137.9734,ask,CANCEL?,62180.4,0,,3.9996,61976.15,204.25,0.329562
1783540987.725871,1138.9736,bid,APPEAR,61976.2,0.00024,True,,62039.4,-63.2,-0.101871
1783540987.725871,1138.9736,bid,APPEAR,61976.1,0.00024,True,,62039.4,-63.3,-0.102032
1783540987.725871,1138.9736,bid,CANCEL?,61849.7,0,,3.0003,62039.4,-189.7,-0.305773
1783540987.725871,1138.9736,ask,APPEAR,62050.6,0.00024,True,,62013.4,37.2,0.059987
1783540987.725871,1138.9736,ask,APPEAR,62102.5,0.00024,True,,62013.4,89.1,0.143679
1783540987.725871,1138.9736,ask,CANCEL?,62102.6,0,,3.0003,62013.4,89.2,0.14384
1783540987.725871,1138.9736,ask,CANCEL?,62102.7,0,,1.0002,62013.4,89.3,0.144001
1783540989.725516,1140.9732,bid,APPEAR,62039.3,0.00024,True,,62044.95,-5.65,-0.009106
1783540989.725516,1140.9732,bid,APPEAR,61976.3,0.00024,True,,62044.95,-68.65,-0.110646
1783540989.725516,1140.9732,bid,CANCEL?,61976.2,0,,1.9996,62044.95,-68.75,-0.110807
1783540989.725516,1140.9732,bid,CANCEL?,61976.1,0,,1.9996,62044.95,-68.85,-0.110968
1783540989.725516,1140.9732,ask,APPEAR,62039.4,0.00024,True,,62039.35,0.05,8.1e-05
1783540989.725516,1140.9732,ask,CANCEL?,62050.6,0,,1.9996,62039.35,11.25,0.018134
1783540991.807073,1143.0548,ask,APPEAR,62050.5,0.00024,True,,62039.35,11.15,0.017972
1783540991.807073,1143.0548,ask,CANCEL?,62102.5,0,,4.0812,62039.35,63.15,0.10179
1783540992.7464252,1143.9941,ask,CANCEL?,62039.4,0,,3.0209,62044.9,-5.5,-0.008865
1783540993.769927,1145.0176,bid,CANCEL?,62039.3,0,,4.0444,62013.4,25.9,0.041765
1783540993.769927,1145.0176,bid,APPEAR,62013.4,0.00024,True,,62031.95,-18.55,-0.029904
1783540994.726094,1145.9738,bid,APPEAR,62013.3,0.00024,True,,62031.95,-18.65,-0.030065
1783540994.726094,1145.9738,bid,CANCEL?,61976.3,0,,5.0006,62031.95,-55.65,-0.089712
1783540994.726094,1145.9738,ask,APPEAR,62039.4,0.00024,True,,62026.4,13.0,0.020959
1783540994.726094,1145.9738,ask,CANCEL?,62050.5,0,,2.919,62026.4,24.1,0.038854
1783540994.726094,1145.9738,ask,APPEAR,62203.9,0.00024,True,,62026.4,177.5,0.286168
1783540995.7254632,1146.9732,ask,CANCEL?,62039.4,0,,0.9994,62107.45,-68.05,-0.109568
1783540996.725516,1147.9732,bid,APPEAR,62028.3,0.00024,True,,62197.0,-168.7,-0.271235
1783540996.725516,1147.9732,bid,CANCEL?,62013.4,0,,2.9556,62197.0,-183.6,-0.295191
1783540998.787466,1150.0352,bid,APPEAR,62013.5,0.00024,True,,62195.0,-181.5,-0.291824
1783540998.787466,1150.0352,bid,CANCEL?,62013.3,0,,4.0614,62195.0,-181.7,-0.292146
1783540998.787466,1150.0352,ask,CANCEL?,62203.9,0,,4.0614,62192.5,11.4,0.01833
1783540998.787466,1150.0352,ask,APPEAR,62351.8,0.00024,True,,62192.5,159.3,0.25614
1783541000.7280982,1151.9758,bid,APPEAR,62192.5,0.00024,True,,62192.75,-0.25,-0.000402
1783541000.7280982,1151.9758,bid,APPEAR,62186.9,0.00024,True,,62192.75,-5.85,-0.009406
1783541000.7280982,1151.9758,bid,CANCEL?,62028.3,0,,4.0026,62192.75,-164.45,-0.26442
1783541000.7280982,1151.9758,bid,CANCEL?,62013.5,0,,1.9406,62192.75,-179.25,-0.288217
1783541000.7280982,1151.9758,ask,CANCEL?,62351.8,0,,1.9406,62192.75,159.05,0.255737
1783541002.725631,1153.9733,bid,APPEAR,62192.1,0.00024,True,,62192.75,-0.65,-0.001045
1783541002.725631,1153.9733,bid,CANCEL?,62186.9,0,,1.9975,62192.75,-5.85,-0.009406
1783541005.7612631,1157.009,ask,APPEAR,62194.0,0.00024,True,,62193.25,0.75,0.001206
1783541007.725143,1158.9728,ask,CANCEL?,62194.0,0,,1.9639,62194.25,-0.25,-0.000402
1783541007.725143,1158.9728,ask,APPEAR,62353.2,0.00024,True,,62194.25,158.95,0.25557
1783541008.725726,1159.9734,bid,CANCEL?,62192.1,0,,6.0001,62195.5,-3.4,-0.005467
1783541008.725726,1159.9734,bid,APPEAR,62184.6,0.00024,True,,62195.5,-10.9,-0.017525
1783541009.7310421,1160.9787,bid,APPEAR,62193.5,0.00024,True,,62195.5,-2.0,-0.003216
1783541009.7310421,1160.9787,bid,CANCEL?,62192.5,0,,9.0029,62195.5,-3.0,-0.004824
1783541009.7310421,1160.9787,ask,APPEAR,62197.5,0.00024,True,,62195.5,2.0,0.003216
1783541009.7310421,1160.9787,ask,CANCEL?,62353.2,0,,2.0059,62195.5,157.7,0.253555
1783541010.725663,1161.9734,bid,APPEAR,62193.4,0.00024,True,,62195.5,-2.1,-0.003376
1783541010.725663,1161.9734,bid,CANCEL?,62184.6,0,,1.9999,62195.5,-10.9,-0.017525
1783541012.7253609,1163.9731,bid,APPEAR,62195.5,0.00024,True,,62195.75,-0.25,-0.000402
1783541012.7253609,1163.9731,bid,CANCEL?,62193.5,0,,2.9943,62195.75,-2.25,-0.003618
1783541012.7253609,1163.9731,bid,CANCEL?,62193.4,0,,1.9997,62195.75,-2.35,-0.003778
1783541012.7253609,1163.9731,ask,CANCEL?,62197.5,0,,2.9943,62354.9,-157.4,-0.252426
1783541013.736724,1164.9844,bid,APPEAR,62195.1,0.00024,True,,62197.0,-1.9,-0.003055
1783541015.734116,1166.9818,bid,CANCEL?,62195.1,0,,1.9974,62201.75,-6.65,-0.010691
1783541015.734116,1166.9818,bid,APPEAR,62187.6,0.00024,True,,62201.75,-14.15,-0.022749
1783541016.725208,1167.9729,bid,APPEAR,62196.5,0.00024,True,,62207.5,-11.0,-0.017683
1783541016.725208,1167.9729,bid,APPEAR,62196.4,0.00024,True,,62207.5,-11.1,-0.017844
1783541016.725208,1167.9729,bid,CANCEL?,62195.5,0,,3.9998,62207.5,-12.0,-0.01929
1783541016.725208,1167.9729,bid,CANCEL?,62187.6,0,,0.9911,62207.5,-19.9,-0.03199
1783541017.735305,1168.983,ask,APPEAR,62218.5,0.00024,True,,62207.5,11.0,0.017683
1783541018.727158,1169.9749,bid,APPEAR,62202.0,0.00024,True,,62210.5,-8.5,-0.013663
1783541018.727158,1169.9749,bid,APPEAR,62201.9,0.00024,True,,62210.5,-8.6,-0.013824
1783541018.727158,1169.9749,bid,CANCEL?,62196.5,0,,2.002,62210.5,-14.0,-0.022504
1783541018.727158,1169.9749,bid,CANCEL?,62196.4,0,,2.002,62210.5,-14.1,-0.022665
1783541018.727158,1169.9749,ask,CANCEL?,62218.5,0,,0.9919,62213.5,5.0,0.008037
1783541018.727158,1169.9749,ask,APPEAR,62225.0,0.00024,True,,62213.5,11.5,0.018485
1783541020.725224,1171.9729,bid,APPEAR,62214.0,0.00024,True,,62219.5,-5.5,-0.00884
1783541020.725224,1171.9729,bid,APPEAR,62213.1,0.00024,True,,62219.5,-6.4,-0.010286
1783541020.725224,1171.9729,bid,CANCEL?,62202.0,0,,1.9981,62219.5,-17.5,-0.028126
1783541020.725224,1171.9729,bid,CANCEL?,62201.9,0,,1.9981,62219.5,-17.6,-0.028287
1783541020.725224,1171.9729,ask,CANCEL?,62225.0,0,,1.9981,62358.5,-133.5,-0.214085
1783541020.725224,1171.9729,ask,APPEAR,62358.0,0.00024,True,,62286.0,72.0,0.115596
1783541023.7744691,1175.0222,bid,CANCEL?,62213.1,0,,3.0492,62214.25,-1.15,-0.001848
1783541023.7744691,1175.0222,bid,APPEAR,62209.5,0.00024,True,,62214.25,-4.75,-0.007635
1783541023.7744691,1175.0222,ask,CANCEL?,62358.0,0,,3.0492,62214.25,143.75,0.231056
1783541024.725518,1175.9732,bid,CANCEL?,62214.0,0,,4.0003,62212.75,1.25,0.002009
1783541024.725518,1175.9732,bid,APPEAR,62212.8,0.00024,True,,62213.65,-0.85,-0.001366
1783541024.725518,1175.9732,bid,CANCEL?,62209.5,0,,0.951,62213.65,-4.15,-0.006671
1783541025.735316,1176.983,bid,CANCEL?,62212.8,0,,1.0098,62210.5,2.3,0.003697
1783541025.735316,1176.983,bid,APPEAR,62210.5,0.00024,True,,62212.5,-2.0,-0.003215
1783541025.735316,1176.983,bid,APPEAR,62210.4,0.00024,True,,62212.5,-2.1,-0.003376
1783541026.725591,1177.9733,bid,CANCEL?,62210.4,0,,0.9903,62212.5,-2.1,-0.003376
1783541026.725591,1177.9733,bid,APPEAR,62206.7,0.00024,True,,62212.5,-5.8,-0.009323
1783541029.7243872,1180.9721,ask,APPEAR,62210.6,0.00024,True,,62210.55,0.05,8e-05
1783541043.726967,1194.9747,ask,CANCEL?,62210.6,0,,14.0026,62213.75,-3.15,-0.005063
1783541044.76404,1196.0117,bid,APPEAR,62209.1,0.00024,True,,62213.75,-4.65,-0.007474
1783541044.76404,1196.0117,bid,CANCEL?,62206.7,0,,18.0384,62213.75,-7.05,-0.011332
1783541048.72477,1199.9725,ask,APPEAR,62213.0,0.00024,True,,62211.75,1.25,0.002009
1783541049.726655,1200.9744,bid,CANCEL?,62209.1,0,,4.9626,62211.75,-2.65,-0.00426
1783541049.726655,1200.9744,bid,APPEAR,62208.5,0.00024,True,,62211.75,-3.25,-0.005224
1783541050.724496,1201.9722,ask,APPEAR,62211.0,0.00024,True,,62210.75,0.25,0.000402
1783541050.724496,1201.9722,ask,CANCEL?,62213.0,0,,1.9997,62210.75,2.25,0.003617
1783541051.7247748,1202.9725,bid,APPEAR,62209.1,0.00024,True,,62210.75,-1.65,-0.002652
1783541051.7247748,1202.9725,bid,CANCEL?,62208.5,0,,1.9981,62210.75,-2.25,-0.003617
1783541053.7271948,1204.9749,bid,CANCEL?,62209.1,0,,2.0024,62210.75,-1.65,-0.002652
1783541053.7271948,1204.9749,bid,APPEAR,62204.1,0.00024,True,,62210.75,-6.65,-0.010689
1783541054.724262,1205.972,ask,CANCEL?,62211.0,0,,3.9998,62364.6,-153.6,-0.246294
1783541056.727048,1207.9748,bid,APPEAR,62207.6,0.00024,True,,62213.0,-5.4,-0.00868
1783541056.727048,1207.9748,bid,CANCEL?,62204.1,0,,2.9999,62213.0,-8.9,-0.014306
1783541060.7240908,1211.9718,ask,APPEAR,62211.6,0.00024,True,,62211.05,0.55,0.000884
1783541065.727344,1216.975,ask,CANCEL?,62211.6,0,,5.0033,62213.0,-1.4,-0.00225
1783541071.787404,1223.0351,ask,APPEAR,62211.6,0.00024,True,,62211.05,0.55,0.000884
1783541076.7688498,1228.0166,ask,CANCEL?,62211.6,0,,4.9814,62213.0,-1.4,-0.00225
1783541080.725076,1231.9728,bid,CANCEL?,62207.6,0,,23.998,62214.75,-7.15,-0.011492
1783541080.725076,1231.9728,bid,APPEAR,62200.6,0.00024,True,,62214.75,-14.15,-0.022744
1783541081.8333771,1233.0811,bid,APPEAR,62211.5,0.00024,True,,62214.5,-3.0,-0.004822
1783541081.8333771,1233.0811,bid,APPEAR,62211.4,0.00024,True,,62214.5,-3.1,-0.004983
1783541081.8333771,1233.0811,bid,CANCEL?,62210.5,0,,56.0981,62214.5,-4.0,-0.006429
1783541081.8333771,1233.0811,bid,CANCEL?,62200.6,0,,1.1083,62214.5,-13.9,-0.022342
1783541082.75756,1234.0053,bid,APPEAR,62214.5,0.00024,True,,62214.75,-0.25,-0.000402
1783541082.75756,1234.0053,bid,APPEAR,62214.1,0.00024,True,,62214.75,-0.65,-0.001045
1783541082.75756,1234.0053,bid,CANCEL?,62211.5,0,,0.9242,62214.75,-3.25,-0.005224
1783541082.75756,1234.0053,bid,CANCEL?,62211.4,0,,0.9242,62214.75,-3.35,-0.005385
1783541082.75756,1234.0053,ask,APPEAR,62214.6,0.00024,True,,62214.55,0.05,8e-05
1783541088.799294,1240.047,ask,CANCEL?,62214.6,0,,6.0417,62214.75,-0.15,-0.000241
1783541092.723645,1243.9713,bid,APPEAR,62214.2,0.00024,True,,62214.75,-0.55,-0.000884
1783541092.723645,1243.9713,bid,CANCEL?,62214.1,0,,9.9661,62214.75,-0.65,-0.001045
1783541094.724013,1245.9717,bid,APPEAR,62366.4,0.00024,True,,62442.55,-76.15,-0.121952
1783541094.724013,1245.9717,bid,APPEAR,62214.6,0.00024,True,,62442.55,-227.95,-0.365056
1783541094.724013,1245.9717,bid,CANCEL?,62214.5,0,,11.9665,62442.55,-228.05,-0.365216
1783541094.724013,1245.9717,bid,CANCEL?,62214.2,0,,2.0004,62442.55,-228.35,-0.365696
1783541094.724013,1245.9717,ask,APPEAR,62366.5,0.00024,True,,62366.45,0.05,8e-05
1783541095.766051,1247.0138,bid,CANCEL?,62366.4,0,,1.042,62290.55,75.85,0.121768
1783541095.766051,1247.0138,bid,CANCEL?,62214.6,0,,1.042,62285.25,-70.65,-0.11343
1783541095.766051,1247.0138,bid,APPEAR,62204.1,0.00024,True,,62285.3,-81.2,-0.130368
1783541095.766051,1247.0138,ask,APPEAR,62518.6,0.00024,True,,62285.3,233.3,0.374567
1783541102.7235699,1253.9713,bid,APPEAR,62205.5,0.00024,True,,62214.5,-9.0,-0.014466
1783541102.7235699,1253.9713,ask,APPEAR,62214.1,0.00024,True,,62214.05,0.05,8e-05
1783541102.7235699,1253.9713,ask,CANCEL?,62366.5,0,,7.9996,62214.05,152.45,0.245041
1783541103.736613,1254.9843,bid,APPEAR,62205.4,0.00024,True,,62214.05,-8.65,-0.013904
1783541103.736613,1254.9843,bid,CANCEL?,62204.1,0,,7.9706,62214.05,-9.95,-0.015993
1783541104.7235599,1255.9713,ask,APPEAR,62366.4,0.00024,True,,62210.3,156.1,0.250923
1783541104.7235599,1255.9713,ask,CANCEL?,62518.6,0,,8.9575,62210.3,308.3,0.495577
1783541108.723397,1259.9711,bid,APPEAR,62207.4,0.00024,True,,62207.45,-0.05,-8e-05
1783541108.723397,1259.9711,bid,CANCEL?,62205.5,0,,5.9998,62207.45,-1.95,-0.003135
1783541108.723397,1259.9711,ask,CANCEL?,62214.1,0,,5.9998,62207.45,6.65,0.01069
1783541109.7233338,1260.971,bid,APPEAR,62206.6,0.00024,True,,62207.45,-0.85,-0.001366
1783541109.7233338,1260.971,bid,CANCEL?,62205.4,0,,5.9867,62207.45,-2.05,-0.003295
1783541109.7233338,1260.971,ask,CANCEL?,62366.4,0,,4.9998,62440.85,-74.45,-0.119233
1783541114.7233121,1265.971,ask,APPEAR,62207.6,0.00024,True,,62207.5,0.1,0.000161
1783541114.7233121,1265.971,ask,APPEAR,62208.4,0.00024,True,,62207.5,0.9,0.001447
1783541120.754827,1272.0025,ask,CANCEL?,62207.6,0,,6.0315,62207.9,-0.3,-0.000482
1783541120.754827,1272.0025,ask,CANCEL?,62208.4,0,,6.0315,62207.95,0.45,0.000723
1783541127.725631,1278.9733,ask,APPEAR,62209.3,0.00024,True,,62208.35,0.95,0.001527
1783541127.725631,1278.9733,ask,APPEAR,62211.9,0.00024,True,,62208.35,3.55,0.005707
1783541131.7413278,1282.989,ask,CANCEL?,62209.3,0,,4.0157,62209.65,-0.35,-0.000563
1783541131.7413278,1282.989,ask,CANCEL?,62211.9,0,,4.0157,62209.7,2.2,0.003536
1783541133.824107,1285.0718,bid,APPEAR,62208.4,0.00024,True,,62214.5,-6.1,-0.009805
1783541133.824107,1285.0718,bid,APPEAR,62208.3,0.00024,True,,62214.5,-6.2,-0.009966
1783541133.824107,1285.0718,bid,CANCEL?,62207.4,0,,25.1007,62214.5,-7.1,-0.011412
1783541133.824107,1285.0718,bid,CANCEL?,62206.6,0,,24.1008,62214.5,-7.9,-0.012698
1783541134.724032,1285.9717,bid,APPEAR,62214.5,0.00024,True,,62214.75,-0.25,-0.000402
1783541134.724032,1285.9717,bid,APPEAR,62214.1,0.00024,True,,62214.75,-0.65,-0.001045
1783541134.724032,1285.9717,bid,CANCEL?,62208.4,0,,0.8999,62214.75,-6.35,-0.010207
1783541134.724032,1285.9717,bid,CANCEL?,62208.3,0,,0.8999,62214.75,-6.45,-0.010367
1783541136.722862,1287.9706,bid,CANCEL?,62214.1,0,,1.9988,62216.0,-1.9,-0.003054
1783541136.722862,1287.9706,bid,APPEAR,62207.1,0.00024,True,,62216.0,-8.9,-0.014305
1783541137.733644,1288.9813,ask,APPEAR,62229.5,0.00024,True,,62222.0,7.5,0.012054
1783541138.768047,1290.0157,bid,APPEAR,62220.5,0.00024,True,,62228.0,-7.5,-0.012052
1783541138.768047,1290.0157,bid,APPEAR,62220.4,0.00024,True,,62228.0,-7.6,-0.012213
1783541138.768047,1290.0157,bid,CANCEL?,62214.5,0,,4.044,62228.0,-13.5,-0.021694
1783541138.768047,1290.0157,bid,CANCEL?,62207.1,0,,2.0452,62228.0,-20.9,-0.033586
1783541138.768047,1290.0157,ask,APPEAR,62237.9,0.00024,True,,62228.0,9.9,0.015909
1783541139.7277892,1290.9755,bid,APPEAR,62227.1,0.00024,True,,62229.75,-2.65,-0.004258
1783541139.7277892,1290.9755,bid,APPEAR,62226.6,0.00024,True,,62229.75,-3.15,-0.005062
1783541139.7277892,1290.9755,bid,CANCEL?,62220.5,0,,0.9597,62229.75,-9.25,-0.014864
1783541139.7277892,1290.9755,bid,CANCEL?,62220.4,0,,0.9597,62229.75,-9.35,-0.015025
1783541139.7277892,1290.9755,ask,FILL?,62229.5,0,,1.9941,62233.95,-4.45,-0.00715
1783541139.7277892,1290.9755,ask,APPEAR,62235.5,0.00024,True,,62232.75,2.75,0.004419
1783541139.7277892,1290.9755,ask,CANCEL?,62237.9,0,,0.9597,62232.75,5.15,0.008275
1783541139.7277892,1290.9755,ask,APPEAR,62238.4,0.00024,True,,62232.75,5.65,0.009079
1783541140.723666,1291.9714,bid,CANCEL?,62227.1,0,,0.9959,62232.75,-5.65,-0.009079
1783541140.723666,1291.9714,bid,APPEAR,62227.0,0.00024,True,,62232.75,-5.75,-0.00924
1783541140.723666,1291.9714,bid,CANCEL?,62226.6,0,,0.9959,62232.75,-6.15,-0.009882
1783541141.737731,1292.9854,bid,APPEAR,62232.0,0.00024,True,,62233.75,-1.75,-0.002812
1783541141.737731,1292.9854,bid,CANCEL?,62227.0,0,,1.0141,62233.75,-6.75,-0.010846
1783541141.737731,1292.9854,bid,APPEAR,62206.6,0.00024,True,,62233.75,-27.15,-0.043626
1783541141.737731,1292.9854,ask,CANCEL?,62238.4,0,,2.0099,62233.75,4.65,0.007472
1783541141.737731,1292.9854,ask,APPEAR,62674.2,0.00024,True,,62233.75,440.45,0.707735
1783541142.722507,1293.9702,bid,APPEAR,62231.6,0.00024,True,,62233.75,-2.15,-0.003455
1783541142.722507,1293.9702,bid,CANCEL?,62206.6,0,,0.9848,62233.75,-27.15,-0.043626
1783541142.722507,1293.9702,ask,APPEAR,62240.9,0.00024,True,,62233.75,7.15,0.011489
1783541142.722507,1293.9702,ask,CANCEL?,62674.2,0,,0.9848,62233.75,440.45,0.707735
1783541143.723445,1294.9711,ask,CANCEL?,62235.5,0,,3.9957,62236.45,-0.95,-0.001526
1783541143.723445,1294.9711,ask,CANCEL?,62240.9,0,,1.0009,62236.5,4.4,0.00707
1783541145.730908,1296.9786,bid,APPEAR,62232.5,0.00024,True,,62240.75,-8.25,-0.013255
1783541145.730908,1296.9786,bid,APPEAR,62232.4,0.00024,True,,62240.75,-8.35,-0.013416
1783541145.730908,1296.9786,bid,CANCEL?,62232.0,0,,3.9932,62240.75,-8.75,-0.014058
1783541145.730908,1296.9786,bid,CANCEL?,62231.6,0,,3.0084,62240.75,-9.15,-0.014701
1783541149.724161,1300.9719,bid,APPEAR,62235.0,0.00024,True,,62249.0,-14.0,-0.02249
1783541149.724161,1300.9719,bid,APPEAR,62234.9,0.00024,True,,62249.0,-14.1,-0.022651
1783541149.724161,1300.9719,bid,CANCEL?,62232.5,0,,3.9933,62249.0,-16.5,-0.026506
1783541149.724161,1300.9719,bid,CANCEL?,62232.4,0,,3.9933,62249.0,-16.6,-0.026667
1783541149.724161,1300.9719,ask,APPEAR,62256.0,0.00024,True,,62249.0,7.0,0.011245
1783541149.724161,1300.9719,ask,APPEAR,62256.1,0.00024,True,,62249.0,7.1,0.011406
1783541150.723457,1301.9712,bid,APPEAR,62241.6,0.00024,True,,62249.0,-7.4,-0.011888
1783541150.723457,1301.9712,bid,CANCEL?,62235.0,0,,0.9993,62249.0,-14.0,-0.02249
1783541150.723457,1301.9712,bid,CANCEL?,62234.9,0,,0.9993,62249.0,-14.1,-0.022651
1783541150.723457,1301.9712,ask,CANCEL?,62256.0,0,,0.9993,62249.0,7.0,0.011245
1783541150.723457,1301.9712,ask,CANCEL?,62256.1,0,,0.9993,62249.0,7.1,0.011406
1783541151.772365,1303.0201,bid,APPEAR,62248.6,0.00024,True,,62249.05,-0.45,-0.000723
1783541151.772365,1303.0201,bid,CANCEL?,62241.6,0,,1.0489,62249.05,-7.45,-0.011968
1783541151.772365,1303.0201,bid,APPEAR,62241.5,0.00824,False,,62249.05,-7.55,-0.012129
1783541151.772365,1303.0201,ask,APPEAR,62255.5,0.00024,True,,62252.05,3.45,0.005542
1783541151.772365,1303.0201,ask,APPEAR,62255.6,0.00024,True,,62252.05,3.55,0.005703
1783541152.722781,1303.9705,bid,APPEAR,62248.5,0.00024,True,,62252.05,-3.55,-0.005703
1783541152.722781,1303.9705,bid,CANCEL?,62241.5,0.008,,0.9504,62252.05,-10.55,-0.016947
1783541152.722781,1303.9705,ask,APPEAR,62249.4,0.00024,True,,62249.0,0.4,0.000643
1783541152.722781,1303.9705,ask,CANCEL?,62255.5,0,,0.9504,62249.0,6.5,0.010442
1783541153.7271879,1304.9749,ask,APPEAR,62254.7,0.00024,True,,62249.0,5.7,0.009157
1783541153.7271879,1304.9749,ask,CANCEL?,62255.6,0,,1.9548,62249.0,6.6,0.010603
1783541154.7236638,1305.9714,bid,CANCEL?,62248.5,0,,2.0009,62249.0,-0.5,-0.000803
1783541154.7236638,1305.9714,bid,APPEAR,62243.2,0.00024,True,,62249.0,-5.8,-0.009317
1783541154.7236638,1305.9714,ask,CANCEL?,62249.4,0,,2.0009,62251.65,-2.25,-0.003614
1783541154.7236638,1305.9714,ask,CANCEL?,62254.7,0,,0.9965,62251.8,2.9,0.004658
1783541154.7236638,1305.9714,ask,APPEAR,62254.8,0.00024,True,,62251.7,3.1,0.00498
1783541154.7236638,1305.9714,ask,APPEAR,62254.9,0.00024,True,,62251.7,3.2,0.00514
1783541156.726366,1307.9741,bid,APPEAR,62247.1,0.00024,True,,62251.7,-4.6,-0.007389
1783541156.726366,1307.9741,bid,CANCEL?,62243.2,0,,2.0027,62251.7,-8.5,-0.013654
1783541156.726366,1307.9741,ask,CANCEL?,62254.8,0,,2.0027,62251.75,3.05,0.004899
1783541158.722539,1309.9702,ask,CANCEL?,62254.9,0,,3.9989,62251.8,3.1,0.00498
1783541162.72342,1313.9711,ask,APPEAR,62251.0,0.00024,True,,62249.8,1.2,0.001928
1783541162.72342,1313.9711,ask,APPEAR,62254.9,0.00024,True,,62249.8,5.1,0.008193
1783541163.7243588,1314.9721,bid,CANCEL?,62247.1,0,,6.998,62249.8,-2.7,-0.004337
1783541163.7243588,1314.9721,bid,APPEAR,62244.6,0.00024,True,,62249.8,-5.2,-0.008353
1783541164.722996,1315.9707,ask,APPEAR,62252.9,0.00024,True,,62249.8,3.1,0.00498
1783541164.722996,1315.9707,ask,CANCEL?,62254.9,0,,1.9996,62249.8,5.1,0.008193
1783541168.7711518,1320.0189,ask,CANCEL?,62252.9,0,,4.0482,62250.75,2.15,0.003454
1783541168.7711518,1320.0189,ask,APPEAR,62255.9,0.00024,True,,62250.75,5.15,0.008273
1783541170.722802,1321.9705,bid,APPEAR,62247.6,0.00024,True,,62250.75,-3.15,-0.00506
1783541170.722802,1321.9705,bid,CANCEL?,62244.6,0,,6.9984,62250.75,-6.15,-0.009879
1783541170.722802,1321.9705,ask,CANCEL?,62251.0,0,,7.9994,62253.2,-2.2,-0.003534
1783541170.722802,1321.9705,ask,CANCEL?,62255.9,0,,1.9517,62254.75,1.15,0.001847
1783541173.7256918,1324.9734,bid,APPEAR,62251.0,0.00024,True,,62258.5,-7.5,-0.012047
1783541173.7256918,1324.9734,bid,APPEAR,62250.6,0.00024,True,,62258.5,-7.9,-0.012689
1783541173.7256918,1324.9734,bid,CANCEL?,62248.6,0,,21.9533,62258.5,-9.9,-0.015901
1783541173.7256918,1324.9734,bid,CANCEL?,62247.6,0,,3.0029,62258.5,-10.9,-0.017508
1783541179.725934,1330.9736,bid,APPEAR,62258.5,0.00024,True,,62466.4,-207.9,-0.332819
1783541179.725934,1330.9736,bid,CANCEL?,62251.0,0,,6.0002,62466.4,-215.4,-0.344825
1783541180.722046,1331.9697,bid,APPEAR,62252.0,0.00024,True,,62466.4,-214.4,-0.343225
1783541180.722046,1331.9697,bid,CANCEL?,62250.6,0,,6.9964,62466.4,-215.8,-0.345466
1783541180.722046,1331.9697,ask,APPEAR,62672.9,0.00024,True,,62465.7,207.2,0.331702
1783541180.722046,1331.9697,ask,APPEAR,62673.0,0.00024,True,,62465.7,207.3,0.331862
1783541187.778105,1339.0258,bid,CANCEL?,62252.0,0,,7.0561,62261.0,-9.0,-0.014455
1783541187.778105,1339.0258,bid,APPEAR,62234.1,0.00024,True,,62261.0,-26.9,-0.043205
1783541187.778105,1339.0258,ask,CANCEL?,62672.9,0,,7.0561,62261.0,411.9,0.66157
1783541191.792199,1343.0399,ask,CANCEL?,62673.0,0,,11.0702,62261.0,412.0,0.66173
1783541192.746217,1343.9939,ask,APPEAR,62259.5,0.00024,True,,62259.0,0.5,0.000803
1783541193.730912,1344.9786,bid,APPEAR,62255.6,0.00024,True,,62259.0,-3.4,-0.005461
1783541193.730912,1344.9786,bid,CANCEL?,62234.1,0,,5.9528,62259.0,-24.9,-0.039994
1783541193.730912,1344.9786,ask,APPEAR,62263.4,0.00024,True,,62259.0,4.4,0.007067
1783541198.775313,1350.023,bid,CANCEL?,62255.6,0,,5.0444,62259.0,-3.4,-0.005461
1783541198.775313,1350.023,bid,APPEAR,62253.6,0.00024,True,,62259.0,-5.4,-0.008673
1783541198.775313,1350.023,ask,CANCEL?,62259.5,0,,6.0291,62260.0,-0.5,-0.000803
1783541198.775313,1350.023,ask,CANCEL?,62263.4,0,,5.0444,62260.0,3.4,0.005461
1783541204.724106,1355.9718,bid,CANCEL?,62258.5,0,,24.9982,62257.55,0.95,0.001526
1783541204.724106,1355.9718,bid,APPEAR,62255.7,0.00024,True,,62258.6,-2.9,-0.004658
1783541204.724106,1355.9718,bid,APPEAR,62255.6,0.00024,True,,62258.6,-3.0,-0.004819
1783541204.724106,1355.9718,bid,CANCEL?,62253.6,0,,5.9488,62258.6,-5.0,-0.008031
1783541204.724106,1355.9718,ask,APPEAR,62258.6,0.00024,True,,62257.15,1.45,0.002329
1783541204.724106,1355.9718,ask,APPEAR,62261.4,0.00024,True,,62257.15,4.25,0.006827
1783541205.7542698,1357.002,bid,CANCEL?,62255.6,0,,1.0302,62257.15,-1.55,-0.00249
1783541205.7542698,1357.002,bid,APPEAR,62253.6,0.00024,True,,62257.15,-3.55,-0.005702
1783541209.835031,1361.0827,ask,CANCEL?,62258.6,0,,5.1109,62258.55,0.05,8e-05
1783541209.835031,1361.0827,ask,CANCEL?,62261.4,0,,5.1109,62258.6,2.8,0.004497
1783541215.732926,1366.9806,ask,APPEAR,62257.6,0.00024,True,,62256.65,0.95,0.001526
1783541215.732926,1366.9806,ask,APPEAR,62261.4,0.00024,True,,62256.65,4.75,0.00763
1783541218.742369,1369.9901,bid,CANCEL?,62253.6,0,,12.9881,62256.65,-3.05,-0.004899
1783541218.742369,1369.9901,bid,APPEAR,62246.6,0.00024,True,,62256.65,-10.05,-0.016143
1783541219.734748,1370.9825,bid,APPEAR,62257.3,0.00024,True,,62257.45,-0.15,-0.000241
1783541219.734748,1370.9825,bid,CANCEL?,62255.7,0,,15.0106,62257.45,-1.75,-0.002811
1783541219.734748,1370.9825,bid,APPEAR,62253.7,0.00024,True,,62257.45,-3.75,-0.006023
1783541219.734748,1370.9825,bid,CANCEL?,62246.6,0,,0.9924,62257.45,-10.85,-0.017428
1783541219.734748,1370.9825,ask,CANCEL?,62257.6,0,,4.0018,62259.35,-1.75,-0.002811
1783541220.792321,1372.04,bid,APPEAR,62256.1,0.00024,True,,62259.35,-3.25,-0.00522
1783541220.792321,1372.04,bid,CANCEL?,62253.7,0,,1.0576,62259.35,-5.65,-0.009075
1783541220.792321,1372.04,ask,APPEAR,62258.7,0.00024,True,,62258.0,0.7,0.001124
1783541220.792321,1372.04,ask,APPEAR,62258.8,0.00024,True,,62258.0,0.8,0.001285
1783541220.792321,1372.04,ask,CANCEL?,62261.4,0,,5.0594,62258.0,3.4,0.005461
1783541221.731307,1372.979,ask,CANCEL?,62258.7,0,,0.939,62258.05,0.65,0.001044
1783541221.731307,1372.979,ask,CANCEL?,62258.8,0,,0.939,62259.4,-0.6,-0.000964
1783541223.759663,1375.0074,bid,APPEAR,62465.2,0.00024,True,,62569.75,-104.55,-0.167094
1783541223.759663,1375.0074,bid,APPEAR,62257.4,0.00024,True,,62569.75,-312.35,-0.499203
1783541223.759663,1375.0074,bid,CANCEL?,62257.3,0,,4.0249,62569.75,-312.45,-0.499363
1783541223.759663,1375.0074,bid,CANCEL?,62256.1,0,,2.9673,62569.75,-313.65,-0.501281
1783541224.783499,1376.0312,bid,CANCEL?,62465.2,0,,1.0238,62465.85,-0.65,-0.001041
1783541227.736597,1378.9843,bid,APPEAR,62260.7,0.00024,True,,62262.35,-1.65,-0.00265
1783541227.736597,1378.9843,bid,CANCEL?,62257.4,0,,3.9769,62262.35,-4.95,-0.00795
1783541227.736597,1378.9843,bid,APPEAR,62256.1,0.00024,True,,62262.35,-6.25,-0.010038
1783541227.736597,1378.9843,ask,APPEAR,62260.8,0.00024,True,,62260.75,0.05,8e-05
1783541227.736597,1378.9843,ask,APPEAR,62263.9,0.00024,True,,62260.75,3.15,0.005059
1783541228.721539,1379.9692,bid,APPEAR,62260.0,0.00024,True,,62260.75,-0.75,-0.001205
1783541228.721539,1379.9692,bid,APPEAR,62259.9,0.00024,True,,62260.75,-0.85,-0.001365
1783541228.721539,1379.9692,bid,CANCEL?,62256.1,0,,0.9849,62260.75,-4.65,-0.007469
1783541229.765516,1381.0132,bid,APPEAR,62260.1,0.00024,True,,62260.75,-0.65,-0.001044
1783541229.765516,1381.0132,bid,CANCEL?,62259.9,0,,1.044,62260.75,-0.85,-0.001365
1783541229.765516,1381.0132,ask,APPEAR,62261.4,0.00024,True,,62260.75,0.65,0.001044
1783541229.765516,1381.0132,ask,CANCEL?,62263.9,0,,2.0289,62260.75,3.15,0.005059
1783541230.825563,1382.0733,bid,APPEAR,62260.2,0.00024,True,,62260.75,-0.55,-0.000883
1783541230.825563,1382.0733,bid,CANCEL?,62260.1,0,,1.06,62260.75,-0.65,-0.001044
1783541230.825563,1382.0733,bid,CANCEL?,62260.0,0,,2.104,62260.75,-0.75,-0.001205
1783541230.825563,1382.0733,ask,APPEAR,62260.9,0.00024,True,,62260.75,0.15,0.000241
1783541230.825563,1382.0733,ask,CANCEL?,62261.4,0,,1.06,62260.75,0.65,0.001044
1783541231.7630231,1383.0107,bid,APPEAR,62260.6,0.00024,True,,62260.75,-0.15,-0.000241
1783541231.7630231,1383.0107,bid,CANCEL?,62260.2,0,,0.9375,62260.75,-0.55,-0.000883
1783541289.72081,1440.9685,ask,CANCEL?,62260.9,0,,58.8952,62260.75,0.15,0.000241
1783541289.72081,1440.9685,ask,APPEAR,62674.2,0.00024,True,,62260.75,413.45,0.664062
1783541290.7209768,1441.9687,ask,APPEAR,62260.9,0.00024,True,,62260.75,0.15,0.000241
1783541290.7209768,1441.9687,ask,CANCEL?,62674.2,0,,1.0002,62260.75,413.45,0.664062
1783541379.722238,1530.9699,bid,CANCEL?,62260.6,0,,147.9592,62260.75,-0.15,-0.000241
1783541379.722238,1530.9699,bid,APPEAR,62248.6,0.00024,True,,62260.75,-12.15,-0.019515
1783541379.722238,1530.9699,ask,CANCEL?,62260.9,0,,89.0013,62260.75,0.15,0.000241
1783541380.738749,1531.9865,bid,APPEAR,62260.6,0.00024,True,,62260.75,-0.15,-0.000241
1783541380.738749,1531.9865,bid,CANCEL?,62248.6,0,,1.0165,62260.75,-12.15,-0.019515
1783541380.738749,1531.9865,ask,APPEAR,62260.9,0.00024,True,,62260.75,0.15,0.000241
1783541530.726132,1681.9738,ask,CANCEL?,62260.9,0,,149.9874,62260.75,0.15,0.000241
1783541530.726132,1681.9738,ask,APPEAR,62474.5,0.00024,True,,62260.75,213.75,0.343314
1783541531.717385,1682.9651,ask,APPEAR,62260.9,0.00024,True,,62260.75,0.15,0.000241
1783541531.717385,1682.9651,ask,CANCEL?,62474.5,0,,0.9913,62260.75,213.75,0.343314
1783541560.7168992,1711.9646,ask,CANCEL?,62260.9,0,,28.9995,62260.75,0.15,0.000241
1783541560.7168992,1711.9646,ask,APPEAR,62483.9,0.00024,True,,62260.75,223.15,0.358412
1783541561.716426,1712.9641,ask,APPEAR,62260.9,0.00024,True,,62260.75,0.15,0.000241
1783541561.716426,1712.9641,ask,CANCEL?,62483.9,0,,0.9995,62260.75,223.15,0.358412
1783541590.7405849,1741.9883,bid,CANCEL?,62260.6,0,,210.0018,62260.75,-0.15,-0.000241
1783541590.7405849,1741.9883,bid,APPEAR,62193.1,0.00024,True,,62260.75,-67.65,-0.108656
1783541591.742655,1742.9904,bid,APPEAR,62260.6,0.00024,True,,62260.75,-0.15,-0.000241
1783541591.742655,1742.9904,bid,CANCEL?,62193.1,0,,1.0021,62260.75,-67.65,-0.108656
1783541620.744236,1771.9919,bid,CANCEL?,62260.6,0,,29.0016,62260.75,-0.15,-0.000241
1783541620.744236,1771.9919,bid,APPEAR,62193.1,0.00024,True,,62260.75,-67.65,-0.108656
1783541621.743764,1772.9915,bid,APPEAR,62260.6,0.00024,True,,62260.75,-0.15,-0.000241
1783541621.743764,1772.9915,bid,CANCEL?,62193.1,0,,0.9995,62260.75,-67.65,-0.108656
1783541680.744144,1831.9918,ask,CANCEL?,62260.9,0,,119.0277,62260.75,0.15,0.000241
1783541680.744144,1831.9918,ask,APPEAR,62510.6,0.00024,True,,62260.75,249.85,0.401296
1783541681.7448902,1832.9926,ask,APPEAR,62260.9,0.00024,True,,62260.75,0.15,0.000241
1783541681.7448902,1832.9926,ask,CANCEL?,62510.6,0,,1.0007,62260.75,249.85,0.401296
1783541740.743169,1891.9909,bid,CANCEL?,62260.6,0,,118.9994,62260.75,-0.15,-0.000241
1783541740.743169,1891.9909,bid,APPEAR,62186.1,0.00024,True,,62260.75,-74.65,-0.119899
1783541741.743541,1892.9912,bid,APPEAR,62260.6,0.00024,True,,62260.75,-0.15,-0.000241
1783541741.743541,1892.9912,bid,CANCEL?,62186.1,0,,1.0004,62260.75,-74.65,-0.119899
1783541800.742541,1951.9902,ask,CANCEL?,62260.9,0,,118.9977,62260.75,0.15,0.000241
1783541801.742835,1952.9905,ask,APPEAR,62260.9,0.00024,True,,62260.75,0.15,0.000241
1783541861.74263,2012.9903,ask,CANCEL?,62260.9,0,,59.9998,62260.75,0.15,0.000241
1783541862.742538,2013.9902,ask,APPEAR,62260.9,0.00024,True,,62260.75,0.15,0.000241
1783541887.7422569,2038.99,bid,CANCEL?,62260.7,0.0004,,660.0057,62260.75,-0.05,-8e-05
1783541888.744472,2039.9922,bid,APPEAR,62260.7,0.00064,False,,62260.75,-0.05,-8e-05
1783541888.744472,2039.9922,bid,CANCEL?,62260.6,0,,147.0009,62260.75,-0.15,-0.000241
1783541888.744472,2039.9922,bid,APPEAR,62111.6,0.00024,True,,62260.75,-149.15,-0.239557
1783541889.741874,2040.9896,bid,CANCEL?,62260.7,0,,0.9974,62186.2,74.5,0.119801
1783541889.741874,2040.9896,bid,APPEAR,62260.6,0.00024,True,,62260.7,-0.1,-0.000161
1783541889.741874,2040.9896,bid,CANCEL?,62111.6,0,,0.9974,62260.7,-149.1,-0.239477
1783541890.741826,2041.9895,bid,APPEAR,62111.6,0.00024,True,,62260.7,-149.1,-0.239477
1783541891.743511,2042.9912,bid,CANCEL?,62260.6,0,,2.0016,62186.9,73.7,0.118514
1783541894.819506,2046.0672,bid,APPEAR,62116.5,0.00024,True,,62118.25,-1.75,-0.002817
1783541894.819506,2046.0672,bid,APPEAR,62113.1,0.00024,True,,62118.25,-5.15,-0.008291
1783541894.819506,2046.0672,bid,CANCEL?,62111.6,0,,4.0777,62118.25,-6.65,-0.010705
1783541894.819506,2046.0672,ask,APPEAR,62116.6,0.00024,True,,62116.55,0.05,8e-05
1783541894.819506,2046.0672,ask,APPEAR,62119.9,0.00024,True,,62116.55,3.35,0.005393
1783541894.819506,2046.0672,ask,CANCEL?,62260.8,0,,667.0829,62116.55,144.25,0.232225
1783541894.819506,2046.0672,ask,CANCEL?,62260.9,0,,32.077,62116.55,144.35,0.232386
1783541896.741813,2047.9895,ask,CANCEL?,62119.9,0,,1.9223,62116.55,3.35,0.005393
1783541896.741813,2047.9895,ask,APPEAR,62121.9,0.00024,True,,62116.55,5.35,0.008613
1783541897.742379,2048.9901,bid,CANCEL?,62116.5,0,,2.9229,62115.05,1.45,0.002334
1783541897.742379,2048.9901,bid,APPEAR,62114.8,0.00024,True,,62115.7,-0.9,-0.001449
1783541897.742379,2048.9901,bid,APPEAR,62113.6,0.00024,True,,62115.7,-2.1,-0.003381
1783541897.742379,2048.9901,bid,CANCEL?,62113.1,0,,2.9229,62115.7,-2.6,-0.004186
1783541897.742379,2048.9901,ask,APPEAR,62116.7,0.00024,True,,62115.7,1.0,0.00161
1783541897.742379,2048.9901,ask,CANCEL?,62121.9,0,,1.0006,62115.7,6.2,0.009981
1783541904.744235,2055.9919,bid,CANCEL?,62113.6,0,,7.0019,62115.7,-2.1,-0.003381
1783541904.744235,2055.9919,bid,APPEAR,62113.1,0.00024,True,,62115.7,-2.6,-0.004186
1783541912.74127,2063.989,bid,CANCEL?,62114.8,0,,14.9989,62114.25,0.55,0.000885
1783541912.74127,2063.989,bid,APPEAR,62113.4,0.00024,True,,62114.25,-0.85,-0.001368
1783541912.74127,2063.989,bid,APPEAR,62113.3,0.00024,True,,62114.25,-0.95,-0.001529
1783541912.74127,2063.989,bid,CANCEL?,62113.1,0,,7.997,62114.25,-1.15,-0.001851
1783541912.74127,2063.989,ask,APPEAR,62116.4,0.00024,True,,62114.25,2.15,0.003461
1783541912.74127,2063.989,ask,APPEAR,62116.5,0.00024,True,,62114.25,2.25,0.003622
1783541912.74127,2063.989,ask,CANCEL?,62116.6,0,,17.9218,62114.25,2.35,0.003783
1783541912.74127,2063.989,ask,CANCEL?,62116.7,0,,14.9989,62114.25,2.45,0.003944
1783541913.743275,2064.991,bid,APPEAR,62113.7,0.00024,True,,62114.35,-0.65,-0.001046
1783541913.743275,2064.991,bid,APPEAR,62113.6,0.00024,True,,62114.35,-0.75,-0.001207
1783541913.743275,2064.991,bid,CANCEL?,62113.4,0,,1.002,62114.35,-0.95,-0.001529
1783541913.743275,2064.991,bid,CANCEL?,62113.3,0,,1.002,62114.35,-1.05,-0.00169
1783541913.743275,2064.991,ask,APPEAR,62114.8,0.00024,True,,62114.25,0.55,0.000885
1783541913.743275,2064.991,ask,CANCEL?,62116.4,0,,1.002,62114.25,2.15,0.003461
1783541913.743275,2064.991,ask,CANCEL?,62116.5,0,,1.002,62114.25,2.25,0.003622
1783541914.74142,2065.9891,ask,APPEAR,62114.9,0.00024,True,,62114.25,0.65,0.001046
1783541916.7414038,2067.9891,ask,CANCEL?,62114.9,0,,2.0,62114.65,0.25,0.000402
1783541916.7414038,2067.9891,ask,APPEAR,62115.3,0.00024,True,,62114.65,0.65,0.001046
1783541917.7415848,2068.9893,bid,APPEAR,62114.0,0.00024,True,,62114.65,-0.65,-0.001046
1783541917.7415848,2068.9893,bid,APPEAR,62113.9,0.00024,True,,62114.65,-0.75,-0.001207
1783541917.7415848,2068.9893,bid,CANCEL?,62113.7,0,,3.9983,62114.65,-0.95,-0.001529
1783541917.7415848,2068.9893,bid,CANCEL?,62113.6,0,,3.9983,62114.65,-1.05,-0.00169
1783541918.763411,2070.0111,bid,APPEAR,62114.6,0.00024,True,,62114.7,-0.1,-0.000161
1783541918.763411,2070.0111,bid,APPEAR,62114.5,0.01265,False,,62114.7,-0.2,-0.000322
1783541918.763411,2070.0111,bid,CANCEL?,62114.0,0,,1.0218,62114.7,-0.7,-0.001127
1783541918.763411,2070.0111,bid,CANCEL?,62113.9,0,,1.0218,62114.7,-0.8,-0.001288
1783541918.763411,2070.0111,ask,APPEAR,62114.9,0.00024,True,,62114.7,0.2,0.000322
1783541918.763411,2070.0111,ask,CANCEL?,62115.3,0,,2.022,62114.7,0.6,0.000966
1783541930.742282,2081.99,bid,CANCEL?,62114.6,0,,11.9789,62114.65,-0.05,-8e-05
1783541930.742282,2081.99,bid,CANCEL?,62114.5,0,,11.9789,62113.9,0.6,0.000966
1783541930.742282,2081.99,bid,APPEAR,62113.9,0.00024,True,,62114.35,-0.45,-0.000724
1783541930.742282,2081.99,bid,APPEAR,62113.8,0.00024,True,,62114.35,-0.55,-0.000885
1783541931.741749,2082.9895,bid,CANCEL?,62113.8,0,,0.9995,62114.35,-0.55,-0.000885
1783541931.741749,2082.9895,bid,APPEAR,62113.1,0.00024,True,,62114.35,-1.25,-0.002012
1783541975.740389,2126.9881,ask,CANCEL?,62114.9,0,,56.977,62114.35,0.55,0.000885
1783541975.740389,2126.9881,ask,APPEAR,62125.4,0.00024,True,,62114.35,11.05,0.01779
1783541976.742683,2127.9904,ask,APPEAR,62114.9,0.00024,True,,62114.35,0.55,0.000885
1783541976.742683,2127.9904,ask,CANCEL?,62125.4,0,,1.0023,62114.35,11.05,0.01779
1783541993.741722,2144.9894,bid,APPEAR,62113.6,0.00024,True,,62114.35,-0.75,-0.001207
1783541993.741722,2144.9894,bid,CANCEL?,62113.1,0,,62.0,62114.35,-1.25,-0.002012
1783541996.7417338,2147.9894,bid,CANCEL?,62113.6,0,,3.0,62114.35,-0.75,-0.001207
1783541996.7417338,2147.9894,bid,APPEAR,62113.1,0.00024,True,,62114.35,-1.25,-0.002012
1783542005.739886,2156.9876,ask,CANCEL?,62114.9,0,,28.9972,62114.35,0.55,0.000885
1783542006.7899132,2158.0376,ask,APPEAR,62114.9,0.00024,True,,62114.35,0.55,0.000885
1783542016.7431731,2167.9909,bid,APPEAR,62114.4,0.00024,True,,62114.6,-0.2,-0.000322
1783542016.7431731,2167.9909,bid,APPEAR,62114.1,0.00024,True,,62114.6,-0.5,-0.000805
1783542016.7431731,2167.9909,bid,CANCEL?,62113.9,0,,86.0009,62114.6,-0.7,-0.001127
1783542016.7431731,2167.9909,bid,CANCEL?,62113.1,0,,20.0014,62114.6,-1.5,-0.002415
1783542017.7414799,2168.9892,bid,CANCEL?,62114.1,0,,0.9983,62114.6,-0.5,-0.000805
1783542017.7414799,2168.9892,bid,APPEAR,62113.1,0.00024,True,,62114.6,-1.5,-0.002415
1783542018.742162,2169.9899,bid,CANCEL?,62114.4,0,,1.999,62113.95,0.45,0.000724
1783542018.742162,2169.9899,bid,APPEAR,62113.9,0.00024,True,,62114.35,-0.45,-0.000724
1783542110.740289,2261.988,bid,CANCEL?,62113.9,0,,91.9981,62113.95,-0.05,-8e-05
1783542110.740289,2261.988,bid,CANCEL?,62113.1,0,,92.9988,62113.9,-0.8,-0.001288
1783542110.740289,2261.988,ask,CANCEL?,62114.8,0.0004,,196.997,62113.9,0.9,0.001449
1783542110.740289,2261.988,ask,CANCEL?,62114.9,0,,103.9504,62113.9,1.0,0.00161
1783542117.746754,2268.9945,bid,APPEAR,62113.9,0.00024,True,,62114.35,-0.45,-0.000724
1783542117.746754,2268.9945,bid,APPEAR,62113.1,0.00024,True,,62114.35,-1.25,-0.002012
1783542117.746754,2268.9945,ask,APPEAR,62114.0,0.00024,True,,62113.95,0.05,8e-05
1783542117.746754,2268.9945,ask,APPEAR,62114.7,0.00024,True,,62113.95,0.75,0.001207
1783542119.739624,2270.9873,bid,CANCEL?,62113.9,0,,1.9929,62113.55,0.35,0.000563
1783542119.739624,2270.9873,bid,APPEAR,62113.6,0.00024,True,,62113.8,-0.2,-0.000322
1783542119.739624,2270.9873,bid,APPEAR,62113.5,0.00024,True,,62113.8,-0.3,-0.000483
1783542119.739624,2270.9873,bid,CANCEL?,62113.1,0,,1.9929,62113.8,-0.7,-0.001127
1783542119.739624,2270.9873,ask,APPEAR,62114.1,0.00024,True,,62113.8,0.3,0.000483
1783542119.739624,2270.9873,ask,CANCEL?,62114.7,0,,1.9929,62113.8,0.9,0.001449
1783542120.739466,2271.9872,bid,CANCEL?,62113.5,0,,0.9998,62113.8,-0.3,-0.000483
1783542120.739466,2271.9872,bid,APPEAR,62113.1,0.00024,True,,62113.8,-0.7,-0.001127
1783542179.739049,2330.9868,ask,CANCEL?,62114.1,0,,59.9994,62113.8,0.3,0.000483
1783542179.739049,2330.9868,ask,APPEAR,62159.9,0.00024,True,,62113.8,46.1,0.074219
1783542180.7388108,2331.9865,ask,APPEAR,62114.1,0.00024,True,,62113.8,0.3,0.000483
1783542180.7388108,2331.9865,ask,CANCEL?,62159.9,0,,0.9998,62113.8,46.1,0.074219
1783542299.736634,2450.9843,ask,CANCEL?,62114.1,0,,118.9978,62113.8,0.3,0.000483
1783542299.736634,2450.9843,ask,APPEAR,62159.9,0.00024,True,,62113.8,46.1,0.074219
1783542300.736392,2451.9841,ask,APPEAR,62114.1,0.00024,True,,62113.8,0.3,0.000483
1783542300.736392,2451.9841,ask,CANCEL?,62159.9,0,,0.9998,62113.8,46.1,0.074219
1783542510.757225,2662.0049,ask,CANCEL?,62114.1,0,,210.0208,62113.8,0.3,0.000483
1783542510.757225,2662.0049,ask,APPEAR,62204.9,0.00024,True,,62113.8,91.1,0.146666
1783542511.782753,2663.0305,ask,APPEAR,62114.1,0.00024,True,,62113.8,0.3,0.000483
1783542511.782753,2663.0305,ask,CANCEL?,62204.9,0,,1.0255,62113.8,91.1,0.146666
1783542540.761627,2692.0093,ask,CANCEL?,62114.1,0,,28.9789,62113.8,0.3,0.000483
1783542540.761627,2692.0093,ask,APPEAR,62205.4,0.00024,True,,62113.8,91.6,0.147471
1783542541.7339258,2692.9816,ask,APPEAR,62114.1,0.00024,True,,62113.8,0.3,0.000483
1783542541.7339258,2692.9816,ask,CANCEL?,62205.4,0,,0.9723,62113.8,91.6,0.147471
1783542931.7475111,3082.9952,ask,CANCEL?,62114.1,0,,390.0136,62113.8,0.3,0.000483
1783542931.7475111,3082.9952,ask,APPEAR,62168.9,0.00024,True,,62113.8,55.1,0.088708
1783542932.7472918,3083.995,ask,APPEAR,62114.1,0.00024,True,,62113.8,0.3,0.000483
1783542932.7472918,3083.995,ask,CANCEL?,62168.9,0,,0.9998,62113.8,55.1,0.088708
1783543206.744158,3357.9919,bid,APPEAR,62113.5,0.01024,False,,62113.8,-0.3,-0.000483
1783543206.744158,3357.9919,bid,CANCEL?,62113.1,0,,1086.0047,62113.8,-0.7,-0.001127
1783543208.746498,3359.9942,bid,CANCEL?,62113.5,0.01,,2.0023,62113.8,-0.3,-0.000483
1783543208.746498,3359.9942,bid,APPEAR,62113.2,0.00024,True,,62113.8,-0.6,-0.000966
1783543209.744256,3360.992,bid,APPEAR,62113.5,0.01024,False,,62113.8,-0.3,-0.000483
1783543209.744256,3360.992,bid,CANCEL?,62113.2,0,,0.9978,62113.8,-0.6,-0.000966
1783543227.745399,3378.9931,bid,CANCEL?,62113.5,0,,18.0011,62113.8,-0.3,-0.000483
1783543227.745399,3378.9931,bid,APPEAR,62113.1,0.00024,True,,62113.8,-0.7,-0.001127
1783543262.7430432,3413.9907,ask,CANCEL?,62114.1,0,,329.9958,62113.8,0.3,0.000483
1783543262.7430432,3413.9907,ask,APPEAR,62125.9,0.00024,True,,62113.8,12.1,0.01948
1783543263.743069,3414.9908,ask,APPEAR,62114.1,0.00024,True,,62113.8,0.3,0.000483
1783543263.743069,3414.9908,ask,CANCEL?,62125.9,0,,1.0,62113.8,12.1,0.01948
1783543412.741725,3563.9894,ask,CANCEL?,62114.1,0,,148.9987,62113.8,0.3,0.000483
1783543412.741725,3563.9894,ask,APPEAR,62135.4,0.00024,True,,62113.8,21.6,0.034775
1783543413.741823,3564.9895,ask,APPEAR,62114.1,0.00024,True,,62113.8,0.3,0.000483
1783543413.741823,3564.9895,ask,CANCEL?,62135.4,0,,1.0001,62113.8,21.6,0.034775
1783543562.7404249,3713.9881,ask,CANCEL?,62114.1,0,,148.9986,62113.8,0.3,0.000483
1783543562.7404249,3713.9881,ask,APPEAR,62135.4,0.00024,True,,62113.8,21.6,0.034775
1783543563.757036,3715.0047,ask,APPEAR,62114.1,0.00024,True,,62113.8,0.3,0.000483
1783543563.757036,3715.0047,ask,CANCEL?,62135.4,0,,1.0166,62113.8,21.6,0.034775
1783543653.73985,3804.9876,ask,CANCEL?,62114.1,0,,89.9828,62113.8,0.3,0.000483
1783543653.73985,3804.9876,ask,APPEAR,62138.4,0.00024,True,,62113.8,24.6,0.039605
1783543654.767967,3806.0157,ask,APPEAR,62114.1,0.00024,True,,62113.8,0.3,0.000483
1783543654.767967,3806.0157,ask,CANCEL?,62138.4,0,,1.0281,62113.8,24.6,0.039605
1783543877.0543091,4028.302,bid,APPEAR,62113.6,0.00024,True,,,,
1783543877.0543091,4028.302,bid,APPEAR,62113.1,0.00024,True,,,,
1783543877.0543091,4028.302,ask,APPEAR,62114.1,0.00024,True,,62113.8,0.3,0.000483
1783543952.7518091,4103.9995,ask,APPEAR,62114.0,0.00024,True,,62113.8,0.2,0.000322
1783544073.751599,4224.9993,ask,CANCEL?,62114.1,0,,196.6973,62113.8,0.3,0.000483
1783544073.751599,4224.9993,ask,APPEAR,62174.9,0.00024,True,,62113.8,61.1,0.098368
1783544074.752036,4225.9997,ask,APPEAR,62114.1,0.00024,True,,62113.8,0.3,0.000483
1783544074.752036,4225.9997,ask,CANCEL?,62174.9,0,,1.0004,62113.8,61.1,0.098368
1783544404.79546,4556.0432,ask,CANCEL?,62114.1,0,,330.0434,62113.8,0.3,0.000483
1783544404.79546,4556.0432,ask,APPEAR,62370.3,0.00024,True,,62113.8,256.5,0.412952
1783544405.748245,4556.9959,ask,APPEAR,62114.1,0.00024,True,,62113.8,0.3,0.000483
1783544405.748245,4556.9959,ask,CANCEL?,62370.3,0,,0.9528,62113.8,256.5,0.412952
1783544435.748857,4586.9966,ask,CANCEL?,62114.1,0,,30.0006,62113.8,0.3,0.000483
1783544435.748857,4586.9966,ask,APPEAR,62369.8,0.00024,True,,62113.8,256.0,0.412147
1783544436.7478259,4587.9955,ask,APPEAR,62114.1,0.00024,True,,62113.8,0.3,0.000483
1783544436.7478259,4587.9955,ask,CANCEL?,62369.8,0,,0.999,62113.8,256.0,0.412147
1783544495.748298,4646.996,ask,CANCEL?,62114.1,0,,59.0005,62113.8,0.3,0.000483
1783544496.7946198,4648.0423,ask,APPEAR,62114.1,0.00024,True,,62113.8,0.3,0.000483
1783544585.74722,4736.9949,ask,CANCEL?,62114.1,0,,88.9526,62113.8,0.3,0.000483
1783544585.74722,4736.9949,ask,APPEAR,62355.8,0.00024,True,,62113.8,242.0,0.389607
1783544586.747574,4737.9953,ask,APPEAR,62114.1,0.00024,True,,62113.8,0.3,0.000483
1783544586.747574,4737.9953,ask,CANCEL?,62355.8,0,,1.0004,62113.8,242.0,0.389607
1783544705.746381,4856.9941,ask,CANCEL?,62114.1,0,,118.9988,62113.8,0.3,0.000483
1783544705.746381,4856.9941,ask,APPEAR,62382.3,0.00024,True,,62113.8,268.5,0.432271
1783544706.748058,4857.9958,ask,APPEAR,62114.1,0.00024,True,,62113.8,0.3,0.000483
1783544706.748058,4857.9958,ask,CANCEL?,62382.3,0,,1.0017,62113.8,268.5,0.432271
1783544796.739202,4947.9869,ask,CANCEL?,62114.1,0,,89.9911,62113.8,0.3,0.000483
1783544796.739202,4947.9869,ask,APPEAR,62398.3,0.00024,True,,62113.8,284.5,0.45803
1783544797.738773,4948.9865,ask,APPEAR,62114.1,0.00024,True,,62113.8,0.3,0.000483
1783544797.738773,4948.9865,ask,CANCEL?,62398.3,0,,0.9996,62113.8,284.5,0.45803
1783544910.231612,5061.4793,bid,APPEAR,62113.6,0.00024,True,,,,
1783544910.231612,5061.4793,bid,APPEAR,62113.1,0.00024,True,,,,
1783544910.231612,5061.4793,ask,APPEAR,62114.1,0.00024,True,,62113.8,0.3,0.000483
1783545126.7346182,5277.9823,ask,CANCEL?,62114.1,0,,216.503,62113.8,0.3,0.000483
1783545126.7346182,5277.9823,ask,APPEAR,62321.9,0.00024,True,,62113.8,208.1,0.33503
1783545127.7344909,5278.9822,ask,APPEAR,62114.1,0.00024,True,,62113.8,0.3,0.000483
1783545127.7344909,5278.9822,ask,CANCEL?,62321.9,0,,0.9999,62113.8,208.1,0.33503
1783545155.73364,5306.9813,ask,APPEAR,62114.0,0.00024,True,,62113.8,0.2,0.000322
1783545156.734064,5307.9818,ask,CANCEL?,62114.1,0,,28.9996,62113.8,0.3,0.000483
1783545156.734064,5307.9818,ask,APPEAR,62307.8,0.00024,True,,62113.8,194.0,0.31233
1783545157.73471,5308.9824,ask,APPEAR,62114.1,0.00024,True,,62113.8,0.3,0.000483
1783545157.73471,5308.9824,ask,CANCEL?,62307.8,0,,1.0006,62113.8,194.0,0.31233
1783545165.734159,5316.9819,bid,CANCEL?,62113.6,0,,255.5025,62113.55,0.05,8e-05
1783545167.733417,5318.9811,bid,APPEAR,62113.6,0.00024,True,,62113.8,-0.2,-0.000322
1783545167.733417,5318.9811,bid,CANCEL?,62113.1,0,,257.5018,62113.8,-0.7,-0.001127
1783545168.734035,5319.9817,ask,CANCEL?,62114.1,0,,10.9993,62113.8,0.3,0.000483
1783545168.734035,5319.9817,ask,APPEAR,62114.2,0.00024,True,,62113.8,0.4,0.000644
1783545169.7337852,5320.9815,bid,CANCEL?,62113.6,0,,2.0004,62113.5,0.1,0.000161
1783545169.7337852,5320.9815,ask,APPEAR,62114.1,0.00024,True,,62113.5,0.6,0.000966
1783545169.7337852,5320.9815,ask,CANCEL?,62114.2,0,,0.9998,62113.5,0.7,0.001127
1783545173.734014,5324.9817,ask,APPEAR,62059.8,0.00024,True,,62032.65,27.15,0.043767
1783545173.734014,5324.9817,ask,CANCEL?,62114.0,0.0004,,18.0004,62032.65,81.35,0.131141
1783545174.733859,5325.9816,ask,APPEAR,62113.9,0.00024,True,,62032.65,81.25,0.130979
1783545174.733859,5325.9816,ask,CANCEL?,62114.1,0,,5.0001,62032.65,81.45,0.131302
1783545177.733906,5328.9816,ask,APPEAR,62032.6,0.00024,True,,62019.05,13.55,0.021848
1783545177.733906,5328.9816,ask,APPEAR,62059.7,0.00024,True,,62019.05,40.65,0.065544
1783545177.733906,5328.9816,ask,CANCEL?,62059.8,0.0004,,3.9999,62019.05,40.75,0.065706
1783545177.733906,5328.9816,ask,CANCEL?,62113.9,0,,3.0,62019.05,94.85,0.152937
1783545179.73355,5330.9813,ask,CANCEL?,62032.6,0.0004,,1.9996,62019.05,13.55,0.021848
1783545180.736164,5331.9839,ask,APPEAR,62019.0,0.00024,True,,62012.25,6.75,0.010885
1783545180.736164,5331.9839,ask,APPEAR,62032.5,0.00024,True,,62012.25,20.25,0.032655
1783545180.736164,5331.9839,ask,CANCEL?,62059.7,0,,3.0023,62012.25,47.45,0.076517
1783545183.7343922,5334.9821,ask,APPEAR,62019.1,0.00024,True,,62012.25,6.85,0.011046
1783545183.7343922,5334.9821,ask,CANCEL?,62032.5,0,,2.9982,62012.25,20.25,0.032655
1783545243.733068,5394.9808,ask,CANCEL?,62019.1,0,,59.9987,62012.25,6.85,0.011046
1783545243.733068,5394.9808,ask,APPEAR,62124.2,0.00024,True,,62012.25,111.95,0.180529
1783545244.734804,5395.9825,ask,APPEAR,62019.1,0.00024,True,,62012.25,6.85,0.011046
1783545244.734804,5395.9825,ask,CANCEL?,62124.2,0,,1.0017,62012.25,111.95,0.180529
1783545302.733403,5453.9811,ask,CANCEL?,62019.1,0,,57.9986,62012.25,6.85,0.011046
1783545302.733403,5453.9811,ask,APPEAR,62124.2,0.00024,True,,62012.25,111.95,0.180529
1783545303.785795,5455.0335,ask,APPEAR,62019.1,0.00024,True,,62012.25,6.85,0.011046
1783545303.785795,5455.0335,ask,CANCEL?,62124.2,0,,1.0524,62012.25,111.95,0.180529
1783545544.7317739,5695.9795,ask,CANCEL?,62019.1,0,,240.946,62012.25,6.85,0.011046
1783545544.7317739,5695.9795,ask,APPEAR,62026.7,0.00024,True,,62012.25,14.45,0.023302
1783545545.730912,5696.9786,ask,APPEAR,62019.1,0.00024,True,,62012.25,6.85,0.011046
1783545545.730912,5696.9786,ask,CANCEL?,62026.7,0,,0.9991,62012.25,14.45,0.023302
1783546284.4127948,6435.6605,ask,APPEAR,62019.0,0.00024,True,,62006.5,12.5,0.020159
1783546284.4127948,6435.6605,ask,APPEAR,62019.1,0.00024,True,,62006.5,12.6,0.02032
1783547791.5006359,7942.7483,ask,APPEAR,62019.1,0.00024,True,,62012.25,6.85,0.011046
1783547837.754737,7989.0024,ask,CANCEL?,62019.1,0,,46.2541,62076.25,-57.15,-0.092064
1783553457.076024,13608.3237,bid,APPEAR,62149.2,0.00024,True,,,,
1783553457.076024,13608.3237,ask,APPEAR,62149.3,0.00024,True,,62149.25,0.05,8e-05
1783553457.076024,13608.3237,ask,APPEAR,62642.8,0.00024,True,,62149.25,493.55,0.794137
1783553458.0076978,13609.2554,bid,CANCEL?,62149.2,0,,0.9317,62147.65,1.55,0.002494
1783553458.0076978,13609.2554,ask,CANCEL?,62149.3,0,,0.9317,62394.4,-245.1,-0.392824
1783553458.0076978,13609.2554,ask,APPEAR,62394.4,0.00024,True,,62149.25,245.15,0.394454
1783553458.0081458,13609.2558,ask,APPEAR,62149.2,0.00024,True,,62147.6,1.6,0.002575
1783553458.0081458,13609.2558,ask,CANCEL?,62394.4,0,,0.0004,62147.6,246.8,0.397119
1783553458.0081458,13609.2558,ask,APPEAR,62394.5,0.00024,True,,62147.6,246.9,0.39728
1783553458.0081458,13609.2558,ask,CANCEL?,62642.8,0,,0.9321,62147.6,495.2,0.796813
1783553458.0084832,13609.2562,ask,APPEAR,62152.4,0.00024,True,,62147.6,4.8,0.007724
1783553458.0084832,13609.2562,ask,CANCEL?,62394.5,0,,0.0003,62147.6,246.9,0.39728
1783553458.009446,13609.2571,ask,CANCEL?,62152.4,0,,0.001,62147.6,4.8,0.007724
1783553458.009639,13609.2573,ask,APPEAR,62152.9,0.00024,True,,62147.6,5.3,0.008528
1783574301.417304,34452.665,bid,APPEAR,62443.0,0.00024,True,,,,
1783574301.417304,34452.665,bid,APPEAR,62419.6,0.00024,True,,,,
1783574301.417304,34452.665,ask,APPEAR,62453.0,0.00024,True,,62450.5,2.5,0.004003
1783574302.805173,34454.0529,bid,APPEAR,62442.9,0.00024,True,,62451.5,-8.6,-0.013771
1783574302.805173,34454.0529,bid,CANCEL?,62419.6,0,,1.3879,62451.5,-31.9,-0.05108
1783574302.805173,34454.0529,ask,CANCEL?,62453.0,0,,1.3879,62453.5,-0.5,-0.000801
1783574302.805173,34454.0529,ask,APPEAR,62454.0,0.00024,True,,62452.0,2.0,0.003202
1783574302.805173,34454.0529,ask,APPEAR,62456.9,0.00024,True,,62452.0,4.9,0.007846
1783574303.805772,34455.0535,bid,APPEAR,62452.0,0.00024,True,,62453.0,-1.0,-0.001601
1783574303.805772,34455.0535,bid,CANCEL?,62443.0,0,,2.3885,62453.0,-10.0,-0.016012
1783574305.8737018,34457.1214,bid,APPEAR,62450.1,0.00024,True,,62453.0,-2.9,-0.004643
1783574305.8737018,34457.1214,bid,CANCEL?,62442.9,0,,3.0685,62453.0,-10.1,-0.016172
1783574308.8165572,34460.0643,ask,CANCEL?,62454.0,0,,6.0114,62454.0,,0.0
1783574314.8051991,34466.0529,ask,CANCEL?,62456.9,0,,12.0,62615.8,-158.9,-0.25377
1783574320.814573,34472.0623,bid,CANCEL?,62452.0,0,,17.0088,62614.85,-162.85,-0.260082
1783574320.814573,34472.0623,ask,APPEAR,62614.9,0.00024,True,,62532.5,82.4,0.131771
1783574326.806352,34478.0541,bid,APPEAR,62452.1,0.00024,True,,62533.5,-81.4,-0.13017
1783574326.806352,34478.0541,bid,CANCEL?,62450.1,0,,20.9327,62533.5,-83.4,-0.133369
1783574326.806352,34478.0541,ask,APPEAR,62779.5,0.00024,True,,62533.5,246.0,0.393389
1783574331.805435,34483.0531,bid,CANCEL?,62452.1,0,,4.9991,62517.2,-65.1,-0.104131
1783574331.805435,34483.0531,bid,APPEAR,62419.6,0.00024,True,,62517.25,-97.65,-0.156197
1783574331.805435,34483.0531,ask,CANCEL?,62614.9,0,,10.9909,62599.55,15.35,0.024521
1783574331.805435,34483.0531,ask,APPEAR,62687.2,0.00024,True,,62553.4,133.8,0.213897
1783574332.806043,34484.0537,ask,APPEAR,62777.5,0.00024,True,,62553.4,224.1,0.358254
1783574332.806043,34484.0537,ask,CANCEL?,62779.5,0,,5.9997,62553.4,226.1,0.361451
1783574334.808581,34486.0563,ask,APPEAR,62598.7,0.00024,True,,62509.15,89.55,0.143259
1783574334.808581,34486.0563,ask,CANCEL?,62687.2,0,,3.0031,62509.15,178.05,0.284838
1783574336.807044,34488.0547,ask,APPEAR,62687.1,0.00024,True,,62509.15,177.95,0.284678
1783574336.807044,34488.0547,ask,CANCEL?,62777.5,0,,4.001,62509.15,268.35,0.429297
1783574339.248875,34490.4966,bid,APPEAR,62553.4,0.00024,True,,62576.05,-22.65,-0.036196
1783574339.248875,34490.4966,ask,APPEAR,62553.5,0.00024,True,,62553.45,0.05,8e-05
1783574339.248875,34490.4966,ask,CANCEL?,62598.7,0,,4.4403,62553.45,45.25,0.072338
1783574339.8057768,34491.0535,bid,CANCEL?,62553.4,0,,0.5569,62486.55,66.85,0.106983
1783574339.8057768,34491.0535,ask,APPEAR,62598.6,0.00024,True,,62486.55,112.05,0.179319
1783574339.8057768,34491.0535,ask,CANCEL?,62687.1,0,,2.9987,62486.55,200.55,0.320949
1783574340.89246,34492.1402,bid,APPEAR,62509.1,0.00024,True,,62531.3,-22.2,-0.035502
1783574341.807907,34493.0556,bid,CANCEL?,62509.1,0,,0.9154,62486.55,22.55,0.036088
1783574343.2455628,34494.4933,ask,CANCEL?,62553.5,0,,3.9967,62509.1,44.4,0.07103
